sample_id,dataset_source,source_id,original_id,original_split,split,image_file,points_file,width,height,count,preprocessing,image_sha256,points_sha256
AW__000000_21_arroyo,arroyowaste,AW_0021,000000_21_arroyo,test,test,images/AW__000000_21_arroyo.jpg,annotations/points/AW__000000_21_arroyo.npy,1024,768,65,arroyowaste_frozen,0067586e87c0a85780a3ba999e042ccca3eb381aff9175756c3f2427f2f2a366,1dba775ec7306d89701465a8c3b8ae13c8d1ad3330c79ce65013de90b1b77fd2
AW__000000_24_arroyo,arroyowaste,AW_0024,000000_24_arroyo,test,test,images/AW__000000_24_arroyo.jpg,annotations/points/AW__000000_24_arroyo.npy,1024,768,85,arroyowaste_frozen,76cbae6e9db5f36c3a343a2a65787bd67f31c8e2407acd33f7fc4f088f3e410f,1645061e0783cfbf6788ba5ec443f6dd10856ec77de50de92e42951d912b5b81
AW__000000_2_arroyo,arroyowaste,AW_0002,000000_2_arroyo,test,test,images/AW__000000_2_arroyo.jpg,annotations/points/AW__000000_2_arroyo.npy,1024,768,87,arroyowaste_frozen,81a55383696bc2501223899c509e9906e7056a58f7da07fee22798f20ed051be,43a1928a57c8a1168b72e1bc060ca3955861ce9a945ff9f4ca9c1d231e142a9b
AW__000000_42_arroyo,arroyowaste,AW_0041,000000_42_arroyo,test,test,images/AW__000000_42_arroyo.jpg,annotations/points/AW__000000_42_arroyo.npy,1024,768,29,arroyowaste_frozen,d5504849ffe0dc4766d5347d6fa4f63ba89a6891d871fb96cf367412a94c7cc1,e033cbb1fc38ecfe9f751085b80100991c6caf10b98acee2baa1cdbda8774248
AW__000000_49_arroyo,arroyowaste,AW_0048,000000_49_arroyo,test,test,images/AW__000000_49_arroyo.jpg,annotations/points/AW__000000_49_arroyo.npy,1024,768,16,arroyowaste_frozen,beb053c548554b5fc1588c79421446b48eb45ccfe93a23994776ead08ab2f5a1,354b8de4ff1df9435a7450d35ee3db5eab5524f2a22cd083ee369323bd2769ea
AW__000000_50_arroyo,arroyowaste,AW_0049,000000_50_arroyo,test,test,images/AW__000000_50_arroyo.jpg,annotations/points/AW__000000_50_arroyo.npy,1024,768,67,arroyowaste_frozen,d38ab867e9593763a002c3f980f3bb2c56b193781ccfb9c416029e755c30e97c,1160a4aae92fc35f6679e729abaea89ab36a580b752a4655aefd69a9e5b0019d
AW__000000_60_arroyo,arroyowaste,AW_0059,000000_60_arroyo,test,test,images/AW__000000_60_arroyo.jpg,annotations/points/AW__000000_60_arroyo.npy,1024,768,14,arroyowaste_frozen,dd30b84092c69978d37018748688cd3548e116a5474377230adf4bcc14d14d90,acb821ba215d74602296352733e017e03e2344bee003b270ac074fef5c9e3edc
AW__000000_68_arroyo,arroyowaste,AW_0067,000000_68_arroyo,test,test,images/AW__000000_68_arroyo.jpg,annotations/points/AW__000000_68_arroyo.npy,1024,768,215,arroyowaste_frozen,4c690e1410905a5388aaee655cff2b58d6ea626fa982a5ef0e4643c2c64817af,87d204ee47ffced19f6d26cb7db25d36b00d94226b092c73774237f96d9a0ac0
AW__000000_69_arroyo,arroyowaste,AW_0068,000000_69_arroyo,test,test,images/AW__000000_69_arroyo.jpg,annotations/points/AW__000000_69_arroyo.npy,1024,768,161,arroyowaste_frozen,1f09b5edc2d583b06e7bfa3e997df029d71db0e6d184cf8c5fc5ff06793ec5a0,b98ab683a85ddd7ba33005121ed431c826611a95031387541e35af0d7ee81761
AW__000000_71_arroyo,arroyowaste,AW_0070,000000_71_arroyo,test,test,images/AW__000000_71_arroyo.jpg,annotations/points/AW__000000_71_arroyo.npy,1024,768,125,arroyowaste_frozen,8cda541803c62ddfe245eb76bf8f87950b1f09edc98532625c3121059e4b1be9,1a0943a6b96f234a26ddf673667d47f8a92127ac147b0dac21269fe2c784e1a5
AW__000000_8_arroyo,arroyowaste,AW_0008,000000_8_arroyo,test,test,images/AW__000000_8_arroyo.jpg,annotations/points/AW__000000_8_arroyo.npy,1024,768,37,arroyowaste_frozen,823a228447329890e4ba141436e6db1710986a9315b207fce898b42c7ef8e359,e7f6a4c13b325fc8ea53c74edddb70fddbeaf013845ab1e632791985c3304eb8
AW__000000_10_arroyo,arroyowaste,AW_0010,000000_10_arroyo,train,train,images/AW__000000_10_arroyo.jpg,annotations/points/AW__000000_10_arroyo.npy,1024,768,135,arroyowaste_frozen,a9c0a607d37586cd54ad00bdf2afddb3984987a534d726ec8f99322e8edc4870,900a107ec0c022213b05f988643b27f6198b7b1daa6fe08664a8448ebb0da7d0
AW__000000_11_arroyo,arroyowaste,AW_0011,000000_11_arroyo,train,train,images/AW__000000_11_arroyo.jpg,annotations/points/AW__000000_11_arroyo.npy,1024,768,38,arroyowaste_frozen,77186bbf475b739be3cfc83dc9efd5ec9af104289e60e66c1a222bafeadb4418,9aee41cd6c76b3b3aee2745810fc34ddfedaaa0cb51966bcc4cc21ad54cfa5aa
AW__000000_12_arroyo,arroyowaste,AW_0012,000000_12_arroyo,train,train,images/AW__000000_12_arroyo.jpg,annotations/points/AW__000000_12_arroyo.npy,1024,768,14,arroyowaste_frozen,0d441ede266786e4b7e6f8c788f2b19ca94827fa361c76718690b44317f03f74,d26942c5236dafb6fc8d4ecaed0992cd45da43ea03524379e420a5c0710394ba
AW__000000_13_arroyo,arroyowaste,AW_0013,000000_13_arroyo,train,train,images/AW__000000_13_arroyo.jpg,annotations/points/AW__000000_13_arroyo.npy,1024,768,193,arroyowaste_frozen,bcc4c222a6e25ff936a66eb255c20018030b0f50f3dcd98e25c3662c32aed93b,e6cb9d6dab8327fc9aa99fef6fc4d919cc4a0b8a6dbf9ff1f9f8f503cfcc3705
AW__000000_14_arroyo,arroyowaste,AW_0014,000000_14_arroyo,train,train,images/AW__000000_14_arroyo.jpg,annotations/points/AW__000000_14_arroyo.npy,1024,768,151,arroyowaste_frozen,3b4a711dad1a72a70e18c4b2d995e9b51c1aef3d0204e2fed51adb619ce0ccff,a405633a6094177e521f4c010603593a3f0979aa533a42f71d40edcfd1ea2dab
AW__000000_15_arroyo,arroyowaste,AW_0015,000000_15_arroyo,train,train,images/AW__000000_15_arroyo.jpg,annotations/points/AW__000000_15_arroyo.npy,1024,768,27,arroyowaste_frozen,5070de95dcbd831e6bf9fcb274c5c86879b6ac2a6d5334434cfaeaa406b20464,56a26517be399f11624c386aa9356276c206faf66586b135bb36d77548d69ca1
AW__000000_16_arroyo,arroyowaste,AW_0016,000000_16_arroyo,train,train,images/AW__000000_16_arroyo.jpg,annotations/points/AW__000000_16_arroyo.npy,1024,768,31,arroyowaste_frozen,298b3e2698489c4e9bfbeb8db5dc4c2e29583631b0956c99ec722fe4e30ff411,aa624505f99d6af4ee65ce5efce156cd1c744336cb62e477d4741dcefc0b599e
AW__000000_18_arroyo,arroyowaste,AW_0018,000000_18_arroyo,train,train,images/AW__000000_18_arroyo.jpg,annotations/points/AW__000000_18_arroyo.npy,1024,768,26,arroyowaste_frozen,664d18ecfa9b52dc4e4e31daad861adbb69eca9ea26a29cc032d04a3d8d4870e,7d4892981758b77405518cc32fba774490634d4f15d6a248e5431da7d9ba8da4
AW__000000_19_arroyo,arroyowaste,AW_0019,000000_19_arroyo,train,train,images/AW__000000_19_arroyo.jpg,annotations/points/AW__000000_19_arroyo.npy,1024,768,50,arroyowaste_frozen,8c9e83a12e8b9daaaff4990bc7733f77957c04970d4da160c9b1ece2398f3e92,35a29c1bf1d5deb29ceaa0a4ff5dcbf8e5be4250bc006739b0057c1f63180417
AW__000000_1_arroyo,arroyowaste,AW_0001,000000_1_arroyo,train,train,images/AW__000000_1_arroyo.jpg,annotations/points/AW__000000_1_arroyo.npy,1024,768,37,arroyowaste_frozen,de6bffec7cb5e6e9347409ca9edbb8544b4d4ce70e2223aad2af14455ec01ed5,c6aaedc3d9132f002c8d94fa252522ff8c8f05bca8a429608b4d2a2d4a8a2f5d
AW__000000_20_arroyo,arroyowaste,AW_0020,000000_20_arroyo,train,train,images/AW__000000_20_arroyo.jpg,annotations/points/AW__000000_20_arroyo.npy,1024,768,39,arroyowaste_frozen,a374a7fd43a979c030d60280964c8e80642234a70b67efc94c5b08bd2884145e,f09a152be4b00263c3e39ecda410106bc9c6981bcb725f1531d22c0d15a169de
AW__000000_25_arroyo,arroyowaste,AW_0025,000000_25_arroyo,train,train,images/AW__000000_25_arroyo.jpg,annotations/points/AW__000000_25_arroyo.npy,1024,768,177,arroyowaste_frozen,77e953f81d5aa256cb438d806ddac08f305a265dab53a5eea50518e477342d4b,a1f48066a4e1fab14b877ebedcbce76f2f487e2936348fce9117c5f4ba2dd951
AW__000000_26_arroyo,arroyowaste,AW_0026,000000_26_arroyo,train,train,images/AW__000000_26_arroyo.jpg,annotations/points/AW__000000_26_arroyo.npy,1024,768,7,arroyowaste_frozen,836490dead5041743e0a4e35528bb13c4cc6ee36f9ff8bd2e87878b7dcbd4ab0,adb251dd7178d2c8c3e0f9e37b112ebb87ae2bb28e0c79650a907bf907586fe1
AW__000000_27_arroyo,arroyowaste,AW_0027,000000_27_arroyo,train,train,images/AW__000000_27_arroyo.jpg,annotations/points/AW__000000_27_arroyo.npy,1024,768,3,arroyowaste_frozen,8ae93bd095a08b751f3bed2473cc85479516f4f976719621d1c1c40d946d44bf,477df9deedce56bdea6bb90cd88d8644181f06c3d7865043bc4bde959e1ce8f6
AW__000000_29_arroyo,arroyowaste,AW_0028,000000_29_arroyo,train,train,images/AW__000000_29_arroyo.jpg,annotations/points/AW__000000_29_arroyo.npy,1024,768,85,arroyowaste_frozen,fc67cf3eeec893e68e3af3058c76600f0ff502de9eed485a6f328817ed5b9dea,1d97124fde1c7013be8beee2f5d6ab33adfd969058b93ac2bf18bf17729a755d
AW__000000_30_arroyo,arroyowaste,AW_0029,000000_30_arroyo,train,train,images/AW__000000_30_arroyo.jpg,annotations/points/AW__000000_30_arroyo.npy,1024,768,49,arroyowaste_frozen,6c514245035f7cd98ab419fbb7e4f95315fbea859742ba53de44347ea1fc75ec,805bfb15c6499d706d48aa2ff49340fd6144d4db40611adef0971425d75c1e8e
AW__000000_31_arroyo,arroyowaste,AW_0030,000000_31_arroyo,train,train,images/AW__000000_31_arroyo.jpg,annotations/points/AW__000000_31_arroyo.npy,1024,768,61,arroyowaste_frozen,dad1b7b8cffda2f2149bfdf0ef7bff39503c4b02deaf1226d04a84ac5451757c,ef765c3ffef218279f25f0e97c7381b08a8eb5370fd823c019f4ee3c748b0392
AW__000000_34_arroyo,arroyowaste,AW_0033,000000_34_arroyo,train,train,images/AW__000000_34_arroyo.jpg,annotations/points/AW__000000_34_arroyo.npy,1024,768,107,arroyowaste_frozen,2fd570e1478ba6d4bc98911255be9cba300280e162f43be74f43eff997b6b187,afc885de735b4b121413842f186851d9eb1c859f580bef02558f3ebfb1237c3c
AW__000000_35_arroyo,arroyowaste,AW_0034,000000_35_arroyo,train,train,images/AW__000000_35_arroyo.jpg,annotations/points/AW__000000_35_arroyo.npy,1024,768,67,arroyowaste_frozen,0714dc67e4402ccd953ca7ba3b3ec27f5180f677b5e5d8c7ac62e571d6298bdb,4e8b9c1f744970776cdd44d7af6f046d160fa8457280d42d8c490c9a54922a4b
AW__000000_36_arroyo,arroyowaste,AW_0035,000000_36_arroyo,train,train,images/AW__000000_36_arroyo.jpg,annotations/points/AW__000000_36_arroyo.npy,1024,768,66,arroyowaste_frozen,48280cf42759d063530f1160e91b6bc7b08201e41623acc911be06434b45c56c,d113f2b0ce868924b1ab3ba58fbb840bc5b5fc58cec812913c4bdbd85899e7f6
AW__000000_37_arroyo,arroyowaste,AW_0036,000000_37_arroyo,train,train,images/AW__000000_37_arroyo.jpg,annotations/points/AW__000000_37_arroyo.npy,1024,768,86,arroyowaste_frozen,d05aaf57d4a039f56b4c4941b97f34773f9fdfdb90ba3db557f9adfa150e068e,3aff737b39fcd66001b04967dca9c9bdd9ca0666da096666b27701f6c868dde4
AW__000000_38_arroyo,arroyowaste,AW_0037,000000_38_arroyo,train,train,images/AW__000000_38_arroyo.jpg,annotations/points/AW__000000_38_arroyo.npy,1024,768,7,arroyowaste_frozen,2fcf59a0666f01742004cebf9d1372f0c0b4caf349f248db4acbae82b18cf21b,a6dccdb430111e58772b98cdcd5164d9d6f27b366281e320cb6aaca1aa1b535d
AW__000000_3_arroyo,arroyowaste,AW_0003,000000_3_arroyo,train,train,images/AW__000000_3_arroyo.jpg,annotations/points/AW__000000_3_arroyo.npy,1024,768,114,arroyowaste_frozen,57ddd9cd4bd01b74e513d9cea7f79d42d5248ac8902fdbbead9a1dcea70e2bfa,6967156282800dde955073e6b1e1ff254eee4c2fa42b634d1faaa43f87a8cd0c
AW__000000_40_arroyo,arroyowaste,AW_0039,000000_40_arroyo,train,train,images/AW__000000_40_arroyo.jpg,annotations/points/AW__000000_40_arroyo.npy,1024,768,15,arroyowaste_frozen,c2504582cead9a5823408f2882d76e802b3012f2cb74b3d75f200b7edc1af913,614585f020526af467a754f6e885b9c1d68142de3a5015bb38685869b239f81e
AW__000000_41_arroyo,arroyowaste,AW_0040,000000_41_arroyo,train,train,images/AW__000000_41_arroyo.jpg,annotations/points/AW__000000_41_arroyo.npy,1024,768,47,arroyowaste_frozen,e8c12474a9230568c8e24c1ea02ee3c5459dcb0ca4e31f587a37a908c6eaace1,489a5fc1ed9e858c61d66938eb02edff3ef28d4a614f10826d16c8e2de818d70
AW__000000_46_arroyo,arroyowaste,AW_0045,000000_46_arroyo,train,train,images/AW__000000_46_arroyo.jpg,annotations/points/AW__000000_46_arroyo.npy,1024,768,177,arroyowaste_frozen,8882aff56afa2458cc34a2a9196a9c8caf784ea778e09306d9aa6e85fd27b516,5148a1dbd093773c95d221d0c78b2d0ce085c886ba66b1138df5255f773c6b08
AW__000000_47_arroyo,arroyowaste,AW_0046,000000_47_arroyo,train,train,images/AW__000000_47_arroyo.jpg,annotations/points/AW__000000_47_arroyo.npy,1024,768,303,arroyowaste_frozen,1fa660730f3fcd5c4b5f6388dec18ce4963a9b26514528f20ccdf66f09dc95ff,bb3a8d49a578b77bf0446247934468c713490ef4f8f771d0a5327c4a5ea12a4d
AW__000000_48_arroyo,arroyowaste,AW_0047,000000_48_arroyo,train,train,images/AW__000000_48_arroyo.jpg,annotations/points/AW__000000_48_arroyo.npy,1024,768,150,arroyowaste_frozen,099d0ec7fbe4038b19e12292384f8e2163bc826e8f540c692e3a3966bc6eaf7f,886f1052171dc2ee136069cb77040c9cee9f4e34952cc7b453004c005d1210e4
AW__000000_4_arroyo,arroyowaste,AW_0004,000000_4_arroyo,train,train,images/AW__000000_4_arroyo.jpg,annotations/points/AW__000000_4_arroyo.npy,1024,768,90,arroyowaste_frozen,79ab8cef62c874d3020eb377357eae0ab313f860954fc934684b5dc182022e22,f38d9ab3b0c68cc32f928a72884af057dc128131187bcccf54aeb4292d63c99b
AW__000000_51_arroyo,arroyowaste,AW_0050,000000_51_arroyo,train,train,images/AW__000000_51_arroyo.jpg,annotations/points/AW__000000_51_arroyo.npy,1024,768,83,arroyowaste_frozen,3fae5b8668468e8186bb4d36d4c9929a963b38f9564dd4057784395bb791728a,7595a68c43456d98f6b5ad8c287c8ea0b102b267e888257e9bbd211f2ccd8371
AW__000000_52_arroyo,arroyowaste,AW_0051,000000_52_arroyo,train,train,images/AW__000000_52_arroyo.jpg,annotations/points/AW__000000_52_arroyo.npy,1024,768,223,arroyowaste_frozen,e1ad0da701ed59d54a4a4621896fab43db548dbe3306a347c175b855bf9b5bba,6184f8e7229e19f111d308b342819dc02c6340f9d5cb817fe8b09cd0d4c73148
AW__000000_53_arroyo,arroyowaste,AW_0052,000000_53_arroyo,train,train,images/AW__000000_53_arroyo.jpg,annotations/points/AW__000000_53_arroyo.npy,1024,768,101,arroyowaste_frozen,c561528884c8b664374e00fd3ba4267682ac73fa107b8775830734279ae01493,11f81f7a3b10779f419fbddab8f8fb8bdfa357e63661fe82e02302f151a2ab14
AW__000000_54_arroyo,arroyowaste,AW_0053,000000_54_arroyo,train,train,images/AW__000000_54_arroyo.jpg,annotations/points/AW__000000_54_arroyo.npy,1024,768,77,arroyowaste_frozen,402c67181cf8187d16ca268edb4afb0c78d7696ca8385e6faf499895f5697b1e,bbf9879693eee4c0a3963b16f60c50c129e9c0fd3c5cbf18aaaad54adc30b4ea
AW__000000_55_arroyo,arroyowaste,AW_0054,000000_55_arroyo,train,train,images/AW__000000_55_arroyo.jpg,annotations/points/AW__000000_55_arroyo.npy,1024,768,66,arroyowaste_frozen,e2c6d2861361742de1f5094360c69a5449076c3400c61aaf5ba16a6aca0c759f,0a54aa3717734c203c5ede1e7b25f11b39739ec3b6b01ed9bee54b7dc6321416
AW__000000_56_arroyo,arroyowaste,AW_0055,000000_56_arroyo,train,train,images/AW__000000_56_arroyo.jpg,annotations/points/AW__000000_56_arroyo.npy,1024,768,24,arroyowaste_frozen,b82727053ef8b49096f9abbcaf61636d6e1358fa1d9a33fb87812ab6e31aef46,ec190a47787dcf025a7e39ca3af6116587eae2bdd612ea05fb5a73ae8de71691
AW__000000_57_arroyo,arroyowaste,AW_0056,000000_57_arroyo,train,train,images/AW__000000_57_arroyo.jpg,annotations/points/AW__000000_57_arroyo.npy,1024,768,87,arroyowaste_frozen,0d10c8e9d5b9477b19e2b5496c09dd45cbb012e2848e73f52b99777345eebbe5,e0aeebbf96fa561e6c71f23ed2c0f5d3bb8493b6c4e129ee0adf4790b0bfe20a
AW__000000_58_arroyo,arroyowaste,AW_0057,000000_58_arroyo,train,train,images/AW__000000_58_arroyo.jpg,annotations/points/AW__000000_58_arroyo.npy,1024,768,96,arroyowaste_frozen,48baecd2c2d52f9c6261ae61389f2e60dd1844e35a1dea28be3859268ad50140,d632370aab260ca2e04df2d87ae24ae7c83bdd0afc9069d1fe7da46d79078c6d
AW__000000_59_arroyo,arroyowaste,AW_0058,000000_59_arroyo,train,train,images/AW__000000_59_arroyo.jpg,annotations/points/AW__000000_59_arroyo.npy,1024,768,133,arroyowaste_frozen,ddac519142c460cb637719a323c9271217f18560eec3e456142efd6244340d66,9ed2c7dd2bdcccc23c93b54f4a235818254304a270ea3dfd9294f3a9ce32605d
AW__000000_5_arroyo,arroyowaste,AW_0005,000000_5_arroyo,train,train,images/AW__000000_5_arroyo.jpg,annotations/points/AW__000000_5_arroyo.npy,1024,768,22,arroyowaste_frozen,d474dd4b216c024ab2a3f5b142a208bc6a102b8992706a1119973ce8e1e29c26,412a6f0a951c2267d0e82c8523c749db8cda9a383e4e3aeb23962eadbc731eee
AW__000000_61_arroyo,arroyowaste,AW_0060,000000_61_arroyo,train,train,images/AW__000000_61_arroyo.jpg,annotations/points/AW__000000_61_arroyo.npy,1024,768,19,arroyowaste_frozen,5464b8818890277eaf36a0a393a20c59924e27c7074df47d5ebec736efd83696,8dfb2518b182308169902ca92d7dcdf724014708e11087c5d19e081b0fd375eb
AW__000000_62_arroyo,arroyowaste,AW_0061,000000_62_arroyo,train,train,images/AW__000000_62_arroyo.jpg,annotations/points/AW__000000_62_arroyo.npy,1024,768,41,arroyowaste_frozen,391f2aedd07e505dc5f1b27f24e85d9ffe2f913fc31fda5d917899c6620c16f9,a9c5852a708fde29d4e589135ddc05d60dda41d1ef2dcdf54156341fd83b6591
AW__000000_63_arroyo,arroyowaste,AW_0062,000000_63_arroyo,train,train,images/AW__000000_63_arroyo.jpg,annotations/points/AW__000000_63_arroyo.npy,1024,768,151,arroyowaste_frozen,3a7a53d988f722abd378051fb556b3ac4313cda1eb522ac6c80d8c3ba917ceb0,5ccbc794f3a68d9f55837e8985f9bd8a0a46ae7a51de4d1b5d0b237cc4ac1bfc
AW__000000_64_arroyo,arroyowaste,AW_0063,000000_64_arroyo,train,train,images/AW__000000_64_arroyo.jpg,annotations/points/AW__000000_64_arroyo.npy,1024,768,219,arroyowaste_frozen,636fd5fb6fc5266facaf5163c7056ca2ba2bd8a2b58dd6fab4c716789f243835,df397f2886271ff4d93deab4ef27839fb151839c46513f0f42ac1519fbe7aee6
AW__000000_65_arroyo,arroyowaste,AW_0064,000000_65_arroyo,train,train,images/AW__000000_65_arroyo.jpg,annotations/points/AW__000000_65_arroyo.npy,1024,768,283,arroyowaste_frozen,6fdbad02b0bacc2860a9d41d26ac53197c3c563af24f314e8fd053abc4ebf044,b974da03d19728e07539e3e1fe4a98adca2f777033cc225fc9f675149b9e9cdc
AW__000000_66_arroyo,arroyowaste,AW_0065,000000_66_arroyo,train,train,images/AW__000000_66_arroyo.jpg,annotations/points/AW__000000_66_arroyo.npy,1024,768,66,arroyowaste_frozen,1c744491d2381172b9242b5f33c60d3ebe609eae75e3ce8b48e9f3a2230bfba8,da652ae7ccc34d5a2052fba1d656d423a049447bfd94a6f09a10725d8d37e7b7
AW__000000_67_arroyo,arroyowaste,AW_0066,000000_67_arroyo,train,train,images/AW__000000_67_arroyo.jpg,annotations/points/AW__000000_67_arroyo.npy,1024,768,187,arroyowaste_frozen,47313d8a9de0ca2d51db8bf922610ce95d6cdd6ebcc9d88443e91b8b7d2b84be,e9182047e54cafa55c4910bd412845c3f1c2a49e47e048bf616933120bb2449c
AW__000000_6_arroyo,arroyowaste,AW_0006,000000_6_arroyo,train,train,images/AW__000000_6_arroyo.jpg,annotations/points/AW__000000_6_arroyo.npy,1024,768,21,arroyowaste_frozen,f2a7e61b3bd9067666313e67ad7b5e4d321485d09da7ecd78d762de511e14441,a3240800adab7a6f68ea61bff29065a4f4eb2395c9abfb82c23d5a898ef17875
AW__000000_70_arroyo,arroyowaste,AW_0069,000000_70_arroyo,train,train,images/AW__000000_70_arroyo.jpg,annotations/points/AW__000000_70_arroyo.npy,1024,768,139,arroyowaste_frozen,441c1bf8cb091338bc3a0805b61dd75b9d8d67561952b7ba87449f59888d7ab3,e2a41056ac80c87861f74ef64c759ae5789ca23be6af2bde82bb9df9f8bebe38
AW__000000_7_arroyo,arroyowaste,AW_0007,000000_7_arroyo,train,train,images/AW__000000_7_arroyo.jpg,annotations/points/AW__000000_7_arroyo.npy,1024,768,74,arroyowaste_frozen,6f0ecc400f8537577b55626b428496136a7e97ed2dd08294b08d1ec0ed9cbf5c,b9c796f10ec4b31c1a2772e650784920f9afdb4e1d19e746f0b96cb82ebc01f0
AW__000001_10_arroyo,arroyowaste,AW_0010,000001_10_arroyo,train,train,images/AW__000001_10_arroyo.jpg,annotations/points/AW__000001_10_arroyo.npy,1024,768,135,arroyowaste_frozen,317b90fe79321650c0c13855444d98b287791c97d55d0d0fc3dcd9d8c392ee79,e78aa7e289fbde243d9bd46f9fa0eb230f0746c1fb37ec5ac9b8f49bf511d9bd
AW__000001_11_arroyo,arroyowaste,AW_0011,000001_11_arroyo,train,train,images/AW__000001_11_arroyo.jpg,annotations/points/AW__000001_11_arroyo.npy,1024,768,38,arroyowaste_frozen,d0e2fcb45fe5eaf6f28a7b0d7c1adb14e49ae34bbaf9ceb25afe75456e39bc9b,921e2d5ddefdd26330e456eca7f7280d24ba7edc25f40d0d31e6b47932984874
AW__000001_12_arroyo,arroyowaste,AW_0012,000001_12_arroyo,train,train,images/AW__000001_12_arroyo.jpg,annotations/points/AW__000001_12_arroyo.npy,1024,768,14,arroyowaste_frozen,d810f6093ecb297b852394bddb3b51fdcf08d71e422b43c000afd99b8292d8cc,98836c7f7578bccde27fa8906cb5bc503a07fba24dfe596401c85c7c889fe370
AW__000001_13_arroyo,arroyowaste,AW_0013,000001_13_arroyo,train,train,images/AW__000001_13_arroyo.jpg,annotations/points/AW__000001_13_arroyo.npy,1024,768,193,arroyowaste_frozen,f47cae0cc1550e17b12db10fd63abdd8159d1baf20284275613bc13cfbdfcef1,39ad702be8b442d060db80446ef049508eea9ceab0705591bd9f0be5f920a2ee
AW__000001_14_arroyo,arroyowaste,AW_0014,000001_14_arroyo,train,train,images/AW__000001_14_arroyo.jpg,annotations/points/AW__000001_14_arroyo.npy,1024,768,151,arroyowaste_frozen,d02cb00806dfccbfbfcae672e44fcf5e0a54a8adcc43b6bb45edb969c871a43d,e61d76bf977ae724869d1c88a4707eb43af67085f8f5bbb59e873ea61158c622
AW__000001_15_arroyo,arroyowaste,AW_0015,000001_15_arroyo,train,train,images/AW__000001_15_arroyo.jpg,annotations/points/AW__000001_15_arroyo.npy,1024,768,27,arroyowaste_frozen,985591c00532ef61661c3affaf29b6c7658e7749001d5ec8add79cb95b003ea3,3563b8e4ee9eedec444191221c4e8f3efabafbe8261ff8652f03f95ac56715ec
AW__000001_16_arroyo,arroyowaste,AW_0016,000001_16_arroyo,train,train,images/AW__000001_16_arroyo.jpg,annotations/points/AW__000001_16_arroyo.npy,1024,768,31,arroyowaste_frozen,b7c2edbdcef47f148659a32173afa2a6c73dd8526f25ee136a74435d01b1972b,cd361677cffbb102f51ecfe4066fc29017284503a27a3292f3a354f4141f84d3
AW__000001_18_arroyo,arroyowaste,AW_0018,000001_18_arroyo,train,train,images/AW__000001_18_arroyo.jpg,annotations/points/AW__000001_18_arroyo.npy,1024,768,26,arroyowaste_frozen,3f43027cccdd177f548eb03359f5f86ba77568f3fb5b0b835cbbc7ef07fd21e7,2cca4c824ef022fd048d847a92979087b15161f9bd05bdba2e5691e2141038f4
AW__000001_19_arroyo,arroyowaste,AW_0019,000001_19_arroyo,train,train,images/AW__000001_19_arroyo.jpg,annotations/points/AW__000001_19_arroyo.npy,1024,768,50,arroyowaste_frozen,9cb0cf6a7fc4e084db2ad4a6f8d77750ea7a2bbe641c4f12492b2e1b1d911ba3,e629770d2ac692d41d805a3ef4f37ccb02772e9e0b9a911dcd949790de4512bf
AW__000001_1_arroyo,arroyowaste,AW_0001,000001_1_arroyo,train,train,images/AW__000001_1_arroyo.jpg,annotations/points/AW__000001_1_arroyo.npy,1024,768,37,arroyowaste_frozen,720392ee43dea87fea2abea5c10a8425e5ed61bae2d73686c5a0fb2f2cb6cf9f,6712009a587c8fbef6116ef3614d07268bade64ea8c35c79989f78795381f85f
AW__000001_20_arroyo,arroyowaste,AW_0020,000001_20_arroyo,train,train,images/AW__000001_20_arroyo.jpg,annotations/points/AW__000001_20_arroyo.npy,1024,768,39,arroyowaste_frozen,bb5cd4dbd2fdf1800365904b26fe4fcd8a32c12ced297e9e0b5c83a0a363f90d,653f5b5a526d1be67226cf4818084918a7ffeb8ca8e2c9794c149676895778f2
AW__000001_25_arroyo,arroyowaste,AW_0025,000001_25_arroyo,train,train,images/AW__000001_25_arroyo.jpg,annotations/points/AW__000001_25_arroyo.npy,1024,768,177,arroyowaste_frozen,0f016ce8eae6072722ba32c227cc58f4bcc550f2a95f8ef3063eebddcabd2493,b9242b01a449de0adb0ca58f607704988859d3e232c507a3db1efaa806023815
AW__000001_26_arroyo,arroyowaste,AW_0026,000001_26_arroyo,train,train,images/AW__000001_26_arroyo.jpg,annotations/points/AW__000001_26_arroyo.npy,1024,768,7,arroyowaste_frozen,99b047fe6bac357f72613d6ea321d7d6edf7d179f46f78864002965944ed9eaa,45c47f1cbb39d1f486a69273ae1a0bd67441edf52dd62e5bc1b50fe9b94da795
AW__000001_27_arroyo,arroyowaste,AW_0027,000001_27_arroyo,train,train,images/AW__000001_27_arroyo.jpg,annotations/points/AW__000001_27_arroyo.npy,1024,768,3,arroyowaste_frozen,872377b87788746e5b87d94046cc6331d7806cf578d617d2bfb2f1c46fb4bb96,a6147f5812ae39c640c51696cc27ab85036abe231a62ccd0fe8db45d528479c3
AW__000001_29_arroyo,arroyowaste,AW_0028,000001_29_arroyo,train,train,images/AW__000001_29_arroyo.jpg,annotations/points/AW__000001_29_arroyo.npy,1024,768,85,arroyowaste_frozen,a7206d1bb7900380622aec0af29012da5c9c65ee37d53225ee82efd5bea91be2,444699368a6042924304df8a04e61fbd96dbf273a53bafc8bf78b6ea7f3e15a6
AW__000001_30_arroyo,arroyowaste,AW_0029,000001_30_arroyo,train,train,images/AW__000001_30_arroyo.jpg,annotations/points/AW__000001_30_arroyo.npy,1024,768,49,arroyowaste_frozen,88b233466af831d21c34704a028c670b1bf8cb12fdff286de60185312ef06e9b,694e0c0822bf6bf8b1dd33f1ac5139e414d5c3492c265cf10ca2d16f279f5e2f
AW__000001_31_arroyo,arroyowaste,AW_0030,000001_31_arroyo,train,train,images/AW__000001_31_arroyo.jpg,annotations/points/AW__000001_31_arroyo.npy,1024,768,61,arroyowaste_frozen,e8afa74a3c5392b1657637e4b237f23c1600dee6bf3ed766bdceb1e3b0994708,ae81326ac1f4a4e73a36d9667759186adc4cd14eb804c9790f76ccb01673ffc2
AW__000001_34_arroyo,arroyowaste,AW_0033,000001_34_arroyo,train,train,images/AW__000001_34_arroyo.jpg,annotations/points/AW__000001_34_arroyo.npy,1024,768,107,arroyowaste_frozen,4c6c239907ba8ce7e993edc39468cf56ae7d3d05a56b6d1ff38151c54cb730c7,8000ae6523bca73eb8cef9a8d7f0b1877ada9f3e1d8e1efbd5e4ce40cdad1a5a
AW__000001_35_arroyo,arroyowaste,AW_0034,000001_35_arroyo,train,train,images/AW__000001_35_arroyo.jpg,annotations/points/AW__000001_35_arroyo.npy,1024,768,67,arroyowaste_frozen,ea1bb81877f107ea037fc411b14e6a7e1a7e98ab2801859134ceb81f2aec8a2c,bd550530d6de34844a97667b04c0808eaa5a57a9af2b0a3ba8386e1bdd440c70
AW__000001_36_arroyo,arroyowaste,AW_0035,000001_36_arroyo,train,train,images/AW__000001_36_arroyo.jpg,annotations/points/AW__000001_36_arroyo.npy,1024,768,66,arroyowaste_frozen,6489af47fb3f1dcaa44776f646369f3dd71c16cec5f646f30911b375d552ce25,454d83cf2aa6f99e1e55fae551c2fcf81cc1be56b3916e46ec0d8875eb3304e2
AW__000001_37_arroyo,arroyowaste,AW_0036,000001_37_arroyo,train,train,images/AW__000001_37_arroyo.jpg,annotations/points/AW__000001_37_arroyo.npy,1024,768,86,arroyowaste_frozen,2928f306b0f559dc7d13fcb7efe2503d217950726569e17da860d9cdfd718288,e3f6189ea1d754ce8916d5627208b0ae97c776aca120b7d148b869f59899979d
AW__000001_38_arroyo,arroyowaste,AW_0037,000001_38_arroyo,train,train,images/AW__000001_38_arroyo.jpg,annotations/points/AW__000001_38_arroyo.npy,1024,768,7,arroyowaste_frozen,4847511319c255ea4c5e568a3edda1847284aa6595c49a0b2fa2d5274f0322a2,5d0157258b70c24fa70cec1cad274ee9daae9b6e34cbf34c7d16e9b19701909e
AW__000001_3_arroyo,arroyowaste,AW_0003,000001_3_arroyo,train,train,images/AW__000001_3_arroyo.jpg,annotations/points/AW__000001_3_arroyo.npy,1024,768,114,arroyowaste_frozen,094c5dc9ce3a84a471d34a78f8f5d554f329004567c597ad71306dcc9f4eb58d,440371e523c7a333b49251d748330c123542a15a0c79568aa3fc0c152891683f
AW__000001_40_arroyo,arroyowaste,AW_0039,000001_40_arroyo,train,train,images/AW__000001_40_arroyo.jpg,annotations/points/AW__000001_40_arroyo.npy,1024,768,15,arroyowaste_frozen,df16a502582ec098abc8262c161f13b7c68e5c58752b614f3b8aa97c55cf3bd4,4bcd310cb33ae5f3a60bc384bff061d3f1f2c644fdc3ba19159a61bcab7cf3e1
AW__000001_41_arroyo,arroyowaste,AW_0040,000001_41_arroyo,train,train,images/AW__000001_41_arroyo.jpg,annotations/points/AW__000001_41_arroyo.npy,1024,768,47,arroyowaste_frozen,0ad97cefbc26056f7dc4d033a7d2b9503343e034c813de3ba94782fd5b6c75c2,48551909b2bc14fe772a2de59510dccbe5f5d85c19306153cac5917eea6ca381
AW__000001_46_arroyo,arroyowaste,AW_0045,000001_46_arroyo,train,train,images/AW__000001_46_arroyo.jpg,annotations/points/AW__000001_46_arroyo.npy,1024,768,177,arroyowaste_frozen,16038b56525ec08aa8047c6b9184f4bc7ab80c8e9fea3ec7da2cc841795b4305,318d5dea2cb1204672c8b9b117641b810b6386375ab0ef3224f5e1a8deb4b2e3
AW__000001_47_arroyo,arroyowaste,AW_0046,000001_47_arroyo,train,train,images/AW__000001_47_arroyo.jpg,annotations/points/AW__000001_47_arroyo.npy,1024,768,303,arroyowaste_frozen,d5d4ceb586e01acbb3cd2efb42a68bf96709390e4b176bcd7bc9f301159b016a,9d4dfcf738b128637a3e7db67b21a0ae6592eedac9484a2a34695a97c614be54
AW__000001_48_arroyo,arroyowaste,AW_0047,000001_48_arroyo,train,train,images/AW__000001_48_arroyo.jpg,annotations/points/AW__000001_48_arroyo.npy,1024,768,150,arroyowaste_frozen,126d328a0ebcb92844a13d692acdba0ae2cbf041c48705a7b96264bfe49f726a,46e7d9c5f99e6b0d2cda574ea37f75c7e3144d498e775c7f33be69c03d437904
AW__000001_4_arroyo,arroyowaste,AW_0004,000001_4_arroyo,train,train,images/AW__000001_4_arroyo.jpg,annotations/points/AW__000001_4_arroyo.npy,1024,768,90,arroyowaste_frozen,978253f4489299f9d91a6a38b7ffa92a114312d62907c592c5f5595f7523e92e,d479aa1f80baa02c21d9136a16cdb12ad2775029ee38ce113405eb3901db4694
AW__000001_51_arroyo,arroyowaste,AW_0050,000001_51_arroyo,train,train,images/AW__000001_51_arroyo.jpg,annotations/points/AW__000001_51_arroyo.npy,1024,768,83,arroyowaste_frozen,8e23d486f192b1e5059063602f8d4e859a61df9ba0dfc7fa4879f15520593c5f,6b947e936307779cbb2965b9c43198fe172e0c738f599ab208dd81c74276782d
AW__000001_52_arroyo,arroyowaste,AW_0051,000001_52_arroyo,train,train,images/AW__000001_52_arroyo.jpg,annotations/points/AW__000001_52_arroyo.npy,1024,768,223,arroyowaste_frozen,5718f139a2bd0b1ac0daed70ea43172e058a043f860488b4105705615870e414,c52128eed5fdbde7804d50b8705779ffd0719ecb26fe81c41cc5309f3b9d3140
AW__000001_53_arroyo,arroyowaste,AW_0052,000001_53_arroyo,train,train,images/AW__000001_53_arroyo.jpg,annotations/points/AW__000001_53_arroyo.npy,1024,768,101,arroyowaste_frozen,79e35aa865d0bc02f3deee70a621bd6ed6c4a7e04a3d1a725b9af4d650c1f24c,d9eb51fd9bbac54a9bd85e044143f13150c47fbf0bb1a11790e9e476f0381ac5
AW__000001_54_arroyo,arroyowaste,AW_0053,000001_54_arroyo,train,train,images/AW__000001_54_arroyo.jpg,annotations/points/AW__000001_54_arroyo.npy,1024,768,77,arroyowaste_frozen,77165db5f9540b60bba8c639d44c6b8fbba7fb201229fc0ba866f0c460a1d1a5,e4d237e5765916fe61801a7fbbec67cab2a5bb03d931e180f01293fb7eb551e6
AW__000001_55_arroyo,arroyowaste,AW_0054,000001_55_arroyo,train,train,images/AW__000001_55_arroyo.jpg,annotations/points/AW__000001_55_arroyo.npy,1024,768,66,arroyowaste_frozen,5b7224f00908e25bed288d4196c1fc09c214f513c8cb1b971d8359b35681474e,34b85888bbe5bd6fb0bddb24c4b6336875da8032f96c8b7c807b41346c6f8b43
AW__000001_56_arroyo,arroyowaste,AW_0055,000001_56_arroyo,train,train,images/AW__000001_56_arroyo.jpg,annotations/points/AW__000001_56_arroyo.npy,1024,768,24,arroyowaste_frozen,a2402a6f5b8387ed9a42bcc10499e91bb604cd186a840116b46c095bd1fb1dcf,af8522a32b815f2c11c5dbc4c3df91a902f62e068c12b5262077aa2a5fc88f7e
AW__000001_57_arroyo,arroyowaste,AW_0056,000001_57_arroyo,train,train,images/AW__000001_57_arroyo.jpg,annotations/points/AW__000001_57_arroyo.npy,1024,768,87,arroyowaste_frozen,f59e08d09c4bfda976565a94a4a75608f8f6c047d85f0c5cba2fd124e9387da6,3e24b33394292d3fa0cf325176c2d7ebe23ab318e866a340156dfa4c47622af8
AW__000001_58_arroyo,arroyowaste,AW_0057,000001_58_arroyo,train,train,images/AW__000001_58_arroyo.jpg,annotations/points/AW__000001_58_arroyo.npy,1024,768,96,arroyowaste_frozen,0301b2265cacd243ad6788c5aac8866d72812d2adcb622ddb1d4c8e5b348e0f1,cc3bdc39d683a27d508ed221bef1eab0e71bca845bf3d5996e6c695167f010e4
AW__000001_59_arroyo,arroyowaste,AW_0058,000001_59_arroyo,train,train,images/AW__000001_59_arroyo.jpg,annotations/points/AW__000001_59_arroyo.npy,1024,768,133,arroyowaste_frozen,d774366f8ded924df70eeb1dc822bb8cb6e2513078ebdf9639aa122de17a5434,bb66820cefc9e4397ca8d199ab6b338196b51e63793f6687a8f4f24ce6dc9ba1
AW__000001_5_arroyo,arroyowaste,AW_0005,000001_5_arroyo,train,train,images/AW__000001_5_arroyo.jpg,annotations/points/AW__000001_5_arroyo.npy,1024,768,22,arroyowaste_frozen,eed6ce8e50eac611a57cc522b3c612da929b4239ea71d32ac2bbbabaaab8b873,0fa6e0468cb6dbf050056ea2f11dceaf4ca7b63ce61d360d681de65587702c80
AW__000001_61_arroyo,arroyowaste,AW_0060,000001_61_arroyo,train,train,images/AW__000001_61_arroyo.jpg,annotations/points/AW__000001_61_arroyo.npy,1024,768,19,arroyowaste_frozen,f1bacf6521b3b163ef11dec13c7f7cd7fcee29a4f9ce33995f845b24a99e6f72,0a1dc9755d31041820eabe155b283511f52879ee02fe2e909fd7620dbf0a14db
AW__000001_62_arroyo,arroyowaste,AW_0061,000001_62_arroyo,train,train,images/AW__000001_62_arroyo.jpg,annotations/points/AW__000001_62_arroyo.npy,1024,768,41,arroyowaste_frozen,fec94634a9abec993b7a377c940bc26b9423920da450a901beba1e9a5b17ecce,779547309e5712d0fc3661ad40b988fdeaf25c3addcc7b1aed10cdc46237c3dd
AW__000001_63_arroyo,arroyowaste,AW_0062,000001_63_arroyo,train,train,images/AW__000001_63_arroyo.jpg,annotations/points/AW__000001_63_arroyo.npy,1024,768,151,arroyowaste_frozen,963b4bb922ac28016ede4721390a6da175ceec63692b01f5ac0fdb0a36a1d88d,47febc2fc3b82680a7a97916b63c1dcaa7c1583494eb6f19490c1b0ce6e88819
AW__000001_64_arroyo,arroyowaste,AW_0063,000001_64_arroyo,train,train,images/AW__000001_64_arroyo.jpg,annotations/points/AW__000001_64_arroyo.npy,1024,768,219,arroyowaste_frozen,325ce37a94d218d7312187d855d1e29b84cdbedc8d81208a28d99fe38b2779bd,72ed578d663ead5a467a129b949908b4ec9c97328aac05251cb187de288fecd0
AW__000001_65_arroyo,arroyowaste,AW_0064,000001_65_arroyo,train,train,images/AW__000001_65_arroyo.jpg,annotations/points/AW__000001_65_arroyo.npy,1024,768,283,arroyowaste_frozen,81f02e06053c9307e93b3b49fbc059413556414185d0d807f6f58773d5e2a1eb,d94d9890c6d6ba612e020b24d7e65d13d6412c440e8d28c4c9378b298ed4583b
AW__000001_66_arroyo,arroyowaste,AW_0065,000001_66_arroyo,train,train,images/AW__000001_66_arroyo.jpg,annotations/points/AW__000001_66_arroyo.npy,1024,768,66,arroyowaste_frozen,45dc910a755b02dcb3f016537c1a0fce4647366f0d24d24f15b5e7dcf841ef38,63381c3bd27c870db60c988977d0efba0597c78cf4e60d4f520de90e41edf1d9
AW__000001_67_arroyo,arroyowaste,AW_0066,000001_67_arroyo,train,train,images/AW__000001_67_arroyo.jpg,annotations/points/AW__000001_67_arroyo.npy,1024,768,187,arroyowaste_frozen,f4234850a4ddfcfa2e1d39869d19afe0655f4f1237c3ea0e0940e86c3dcd425c,a15b8ccefe93531fa239f26703c2a80b18a47aff5ec12b0143d3808320a46cba
AW__000001_6_arroyo,arroyowaste,AW_0006,000001_6_arroyo,train,train,images/AW__000001_6_arroyo.jpg,annotations/points/AW__000001_6_arroyo.npy,1024,768,21,arroyowaste_frozen,d3743f9736af706e849871e0e053a47c2c82b278f7c215e5ca38adb8137ff885,696e946ba1409b8f1162a0f82dc74bb317695460498620f16fc2dc105556adee
AW__000001_70_arroyo,arroyowaste,AW_0069,000001_70_arroyo,train,train,images/AW__000001_70_arroyo.jpg,annotations/points/AW__000001_70_arroyo.npy,1024,768,139,arroyowaste_frozen,e9f2d31f084f53e7df85a79b16759ee2abd1dc94a02c64a35f2f052bb0870a23,63cc96b0717e3445ee31984dbadabbb6db7c7e892df0525a2f640c107c7cb18f
AW__000001_7_arroyo,arroyowaste,AW_0007,000001_7_arroyo,train,train,images/AW__000001_7_arroyo.jpg,annotations/points/AW__000001_7_arroyo.npy,1024,768,74,arroyowaste_frozen,2a5de38fcd7d2b9c62d4ddd4882e3ba0ca1de5f8d95ec186be20240a9c5718aa,b4d89d027187c5bf100be60389133fd7ef820b48c2029f0d61560badf7e773f6
AW__000020_10_arroyo,arroyowaste,AW_0010,000020_10_arroyo,train,train,images/AW__000020_10_arroyo.jpg,annotations/points/AW__000020_10_arroyo.npy,1024,768,135,arroyowaste_frozen,261dbca38b775d10b946043233f1073593556eaecf2ad8f01d3ee916f9e73cfa,900a107ec0c022213b05f988643b27f6198b7b1daa6fe08664a8448ebb0da7d0
AW__000020_11_arroyo,arroyowaste,AW_0011,000020_11_arroyo,train,train,images/AW__000020_11_arroyo.jpg,annotations/points/AW__000020_11_arroyo.npy,1024,768,38,arroyowaste_frozen,22c96c484642de835fccaac84daed545ec5b5832d2a47e7ad17c54b8f7eaedff,9aee41cd6c76b3b3aee2745810fc34ddfedaaa0cb51966bcc4cc21ad54cfa5aa
AW__000020_12_arroyo,arroyowaste,AW_0012,000020_12_arroyo,train,train,images/AW__000020_12_arroyo.jpg,annotations/points/AW__000020_12_arroyo.npy,1024,768,14,arroyowaste_frozen,281f83fd0162a5a60c39f648e010ff6c1cc849eb07ca3a16a2804f9fee7312a5,d26942c5236dafb6fc8d4ecaed0992cd45da43ea03524379e420a5c0710394ba
AW__000020_13_arroyo,arroyowaste,AW_0013,000020_13_arroyo,train,train,images/AW__000020_13_arroyo.jpg,annotations/points/AW__000020_13_arroyo.npy,1024,768,193,arroyowaste_frozen,a167e5f81dc2478d732fbfdd80b5d8bf85780b2fa234acfca80e1cd90684b550,e6cb9d6dab8327fc9aa99fef6fc4d919cc4a0b8a6dbf9ff1f9f8f503cfcc3705
AW__000020_14_arroyo,arroyowaste,AW_0014,000020_14_arroyo,train,train,images/AW__000020_14_arroyo.jpg,annotations/points/AW__000020_14_arroyo.npy,1024,768,151,arroyowaste_frozen,046f6f7b51f3d8cf0292aaa5163d158904e76e2efa15ded147b358f4662eba1e,a405633a6094177e521f4c010603593a3f0979aa533a42f71d40edcfd1ea2dab
AW__000020_15_arroyo,arroyowaste,AW_0015,000020_15_arroyo,train,train,images/AW__000020_15_arroyo.jpg,annotations/points/AW__000020_15_arroyo.npy,1024,768,27,arroyowaste_frozen,2f265622621ccf1f104bc166b6ebd9e12750ab12bc5356e70a53e20dd9a4a796,56a26517be399f11624c386aa9356276c206faf66586b135bb36d77548d69ca1
AW__000020_16_arroyo,arroyowaste,AW_0016,000020_16_arroyo,train,train,images/AW__000020_16_arroyo.jpg,annotations/points/AW__000020_16_arroyo.npy,1024,768,31,arroyowaste_frozen,82e06734ae2b0796fe47ee7961bcb91e9fb360a8bd31f094b91ff521d7145de8,aa624505f99d6af4ee65ce5efce156cd1c744336cb62e477d4741dcefc0b599e
AW__000020_18_arroyo,arroyowaste,AW_0018,000020_18_arroyo,train,train,images/AW__000020_18_arroyo.jpg,annotations/points/AW__000020_18_arroyo.npy,1024,768,26,arroyowaste_frozen,19e06431072a34ea9d0edd6db2b5cfe262d76bcf26272d8dec9fe604edd777b8,7d4892981758b77405518cc32fba774490634d4f15d6a248e5431da7d9ba8da4
AW__000020_19_arroyo,arroyowaste,AW_0019,000020_19_arroyo,train,train,images/AW__000020_19_arroyo.jpg,annotations/points/AW__000020_19_arroyo.npy,1024,768,50,arroyowaste_frozen,1ee17457a5ee977f54b67c59d1399bbd356371ebfb05bc8ec833b88dd1291ae8,35a29c1bf1d5deb29ceaa0a4ff5dcbf8e5be4250bc006739b0057c1f63180417
AW__000020_1_arroyo,arroyowaste,AW_0001,000020_1_arroyo,train,train,images/AW__000020_1_arroyo.jpg,annotations/points/AW__000020_1_arroyo.npy,1024,768,37,arroyowaste_frozen,914b5eabe63ad0b46019198d11e6b04d0ea1de78f7e291d2e0a98618ebb0ca3c,c6aaedc3d9132f002c8d94fa252522ff8c8f05bca8a429608b4d2a2d4a8a2f5d
AW__000020_20_arroyo,arroyowaste,AW_0020,000020_20_arroyo,train,train,images/AW__000020_20_arroyo.jpg,annotations/points/AW__000020_20_arroyo.npy,1024,768,39,arroyowaste_frozen,938cbba0531c40e686f1ccbc2c497770c194530b41dcfcd53b02740fa43762d3,f09a152be4b00263c3e39ecda410106bc9c6981bcb725f1531d22c0d15a169de
AW__000020_25_arroyo,arroyowaste,AW_0025,000020_25_arroyo,train,train,images/AW__000020_25_arroyo.jpg,annotations/points/AW__000020_25_arroyo.npy,1024,768,177,arroyowaste_frozen,ba811c1ffc732e2631bc09a65a7510e0390374f597c929187498ec298ca5c027,a1f48066a4e1fab14b877ebedcbce76f2f487e2936348fce9117c5f4ba2dd951
AW__000020_26_arroyo,arroyowaste,AW_0026,000020_26_arroyo,train,train,images/AW__000020_26_arroyo.jpg,annotations/points/AW__000020_26_arroyo.npy,1024,768,7,arroyowaste_frozen,09fb863f4e846f70914e76e352c9e1f4a939a5eba42de83ca30947a97dc3d919,adb251dd7178d2c8c3e0f9e37b112ebb87ae2bb28e0c79650a907bf907586fe1
AW__000020_27_arroyo,arroyowaste,AW_0027,000020_27_arroyo,train,train,images/AW__000020_27_arroyo.jpg,annotations/points/AW__000020_27_arroyo.npy,1024,768,3,arroyowaste_frozen,97ec5b21536723f8ff57faeb1c668486e6f70ffff98494ee01326244d13d7ea0,477df9deedce56bdea6bb90cd88d8644181f06c3d7865043bc4bde959e1ce8f6
AW__000020_29_arroyo,arroyowaste,AW_0028,000020_29_arroyo,train,train,images/AW__000020_29_arroyo.jpg,annotations/points/AW__000020_29_arroyo.npy,1024,768,85,arroyowaste_frozen,699e828953356e586846d8b5b00595a9d1182a5cdae41c3ab6244b246ef0f4b7,1d97124fde1c7013be8beee2f5d6ab33adfd969058b93ac2bf18bf17729a755d
AW__000020_30_arroyo,arroyowaste,AW_0029,000020_30_arroyo,train,train,images/AW__000020_30_arroyo.jpg,annotations/points/AW__000020_30_arroyo.npy,1024,768,49,arroyowaste_frozen,64f3a053ef4b33ac7b2fae85fee935f635ca89a86033ebb2e1bcd7ade419efb1,805bfb15c6499d706d48aa2ff49340fd6144d4db40611adef0971425d75c1e8e
AW__000020_31_arroyo,arroyowaste,AW_0030,000020_31_arroyo,train,train,images/AW__000020_31_arroyo.jpg,annotations/points/AW__000020_31_arroyo.npy,1024,768,61,arroyowaste_frozen,b1d200d8d75bf5dad8ffbc0d13f81ae01961d9681e86f8626cbd35857a432823,ef765c3ffef218279f25f0e97c7381b08a8eb5370fd823c019f4ee3c748b0392
AW__000020_34_arroyo,arroyowaste,AW_0033,000020_34_arroyo,train,train,images/AW__000020_34_arroyo.jpg,annotations/points/AW__000020_34_arroyo.npy,1024,768,107,arroyowaste_frozen,25d14aaac366d0a6af3eae6554256f455095951df36a959d305736208068d9ba,afc885de735b4b121413842f186851d9eb1c859f580bef02558f3ebfb1237c3c
AW__000020_35_arroyo,arroyowaste,AW_0034,000020_35_arroyo,train,train,images/AW__000020_35_arroyo.jpg,annotations/points/AW__000020_35_arroyo.npy,1024,768,67,arroyowaste_frozen,e1d545df4c4717aa9f40d4099f2a24cbdc6620b76534301b800b6aa9a8015586,4e8b9c1f744970776cdd44d7af6f046d160fa8457280d42d8c490c9a54922a4b
AW__000020_36_arroyo,arroyowaste,AW_0035,000020_36_arroyo,train,train,images/AW__000020_36_arroyo.jpg,annotations/points/AW__000020_36_arroyo.npy,1024,768,66,arroyowaste_frozen,ebff43039415eb049ee5a8ef98c260c418048b215bea6c5d0607c6ab9cfdcf5a,d113f2b0ce868924b1ab3ba58fbb840bc5b5fc58cec812913c4bdbd85899e7f6
AW__000020_37_arroyo,arroyowaste,AW_0036,000020_37_arroyo,train,train,images/AW__000020_37_arroyo.jpg,annotations/points/AW__000020_37_arroyo.npy,1024,768,86,arroyowaste_frozen,b98fe76cd01a240515b92c9df8ae61fc4d8a45e9ac9a75c279e1d534ff9188c4,3aff737b39fcd66001b04967dca9c9bdd9ca0666da096666b27701f6c868dde4
AW__000020_38_arroyo,arroyowaste,AW_0037,000020_38_arroyo,train,train,images/AW__000020_38_arroyo.jpg,annotations/points/AW__000020_38_arroyo.npy,1024,768,7,arroyowaste_frozen,7217c315ea1b1d52fcc79c9401a42b7ebba3433f92024bc160ec77c1e76b1e22,a6dccdb430111e58772b98cdcd5164d9d6f27b366281e320cb6aaca1aa1b535d
AW__000020_3_arroyo,arroyowaste,AW_0003,000020_3_arroyo,train,train,images/AW__000020_3_arroyo.jpg,annotations/points/AW__000020_3_arroyo.npy,1024,768,114,arroyowaste_frozen,8caebcd460418adf8b31ff6e0602d3e437a9455972e450fe6cac1eb234ec5511,6967156282800dde955073e6b1e1ff254eee4c2fa42b634d1faaa43f87a8cd0c
AW__000020_40_arroyo,arroyowaste,AW_0039,000020_40_arroyo,train,train,images/AW__000020_40_arroyo.jpg,annotations/points/AW__000020_40_arroyo.npy,1024,768,15,arroyowaste_frozen,6e28435bcbb0330f5e78f52beedcf7d9e74b32a8fb008f44f1043651c1a425bd,614585f020526af467a754f6e885b9c1d68142de3a5015bb38685869b239f81e
AW__000020_41_arroyo,arroyowaste,AW_0040,000020_41_arroyo,train,train,images/AW__000020_41_arroyo.jpg,annotations/points/AW__000020_41_arroyo.npy,1024,768,47,arroyowaste_frozen,b9e20e794c9f60c44bbbd3d7d5e4dfcf925f36b4f615ee76c8b36e511e25c609,489a5fc1ed9e858c61d66938eb02edff3ef28d4a614f10826d16c8e2de818d70
AW__000020_46_arroyo,arroyowaste,AW_0045,000020_46_arroyo,train,train,images/AW__000020_46_arroyo.jpg,annotations/points/AW__000020_46_arroyo.npy,1024,768,177,arroyowaste_frozen,97f19dd1f7710d86b9c9ea168d3930530a6b60ec36ce0827818216de4cd5c619,5148a1dbd093773c95d221d0c78b2d0ce085c886ba66b1138df5255f773c6b08
AW__000020_47_arroyo,arroyowaste,AW_0046,000020_47_arroyo,train,train,images/AW__000020_47_arroyo.jpg,annotations/points/AW__000020_47_arroyo.npy,1024,768,303,arroyowaste_frozen,fe0a17fd751cb283059bf2fbecf4d538cc09292c7ed271b0688303c77fd6d7c2,bb3a8d49a578b77bf0446247934468c713490ef4f8f771d0a5327c4a5ea12a4d
AW__000020_48_arroyo,arroyowaste,AW_0047,000020_48_arroyo,train,train,images/AW__000020_48_arroyo.jpg,annotations/points/AW__000020_48_arroyo.npy,1024,768,150,arroyowaste_frozen,a199c3fe5447310d62f420c6600b09bd1a3c9a9d59d30b61d0c4ccdcb52ad585,886f1052171dc2ee136069cb77040c9cee9f4e34952cc7b453004c005d1210e4
AW__000020_4_arroyo,arroyowaste,AW_0004,000020_4_arroyo,train,train,images/AW__000020_4_arroyo.jpg,annotations/points/AW__000020_4_arroyo.npy,1024,768,90,arroyowaste_frozen,69290f5f7aaf3c2d935e2277891d54932cf34da65521ecacf300a3827accea69,f38d9ab3b0c68cc32f928a72884af057dc128131187bcccf54aeb4292d63c99b
AW__000020_51_arroyo,arroyowaste,AW_0050,000020_51_arroyo,train,train,images/AW__000020_51_arroyo.jpg,annotations/points/AW__000020_51_arroyo.npy,1024,768,83,arroyowaste_frozen,0a361ec83578d9a4bc4b64723ab13dd8741e0233758d990973edaa98451ee6d8,7595a68c43456d98f6b5ad8c287c8ea0b102b267e888257e9bbd211f2ccd8371
AW__000020_52_arroyo,arroyowaste,AW_0051,000020_52_arroyo,train,train,images/AW__000020_52_arroyo.jpg,annotations/points/AW__000020_52_arroyo.npy,1024,768,223,arroyowaste_frozen,bc77f10d4e547e09391c020bc0ef2c701efe5f46f0e1cc88a9b21a4cb1af5727,6184f8e7229e19f111d308b342819dc02c6340f9d5cb817fe8b09cd0d4c73148
AW__000020_53_arroyo,arroyowaste,AW_0052,000020_53_arroyo,train,train,images/AW__000020_53_arroyo.jpg,annotations/points/AW__000020_53_arroyo.npy,1024,768,101,arroyowaste_frozen,ceb03489ebdaf8fd8cffdfae21c0f0f47f7c1f157ce46251275f39ea6839975e,11f81f7a3b10779f419fbddab8f8fb8bdfa357e63661fe82e02302f151a2ab14
AW__000020_54_arroyo,arroyowaste,AW_0053,000020_54_arroyo,train,train,images/AW__000020_54_arroyo.jpg,annotations/points/AW__000020_54_arroyo.npy,1024,768,77,arroyowaste_frozen,ed4a69749ab8d3856cf7f283e478d538f07016e264c4ec9ddd099ea2afd7f0d4,bbf9879693eee4c0a3963b16f60c50c129e9c0fd3c5cbf18aaaad54adc30b4ea
AW__000020_55_arroyo,arroyowaste,AW_0054,000020_55_arroyo,train,train,images/AW__000020_55_arroyo.jpg,annotations/points/AW__000020_55_arroyo.npy,1024,768,66,arroyowaste_frozen,4bf1b244a797469e7db7ceba934a4bb6e1cf3407a1cf32b5c328b15b15a051a4,0a54aa3717734c203c5ede1e7b25f11b39739ec3b6b01ed9bee54b7dc6321416
AW__000020_56_arroyo,arroyowaste,AW_0055,000020_56_arroyo,train,train,images/AW__000020_56_arroyo.jpg,annotations/points/AW__000020_56_arroyo.npy,1024,768,24,arroyowaste_frozen,5776f49ab91218650585686b0667518f87357507f6f3cae4dbe5dd9a536eed07,ec190a47787dcf025a7e39ca3af6116587eae2bdd612ea05fb5a73ae8de71691
AW__000020_57_arroyo,arroyowaste,AW_0056,000020_57_arroyo,train,train,images/AW__000020_57_arroyo.jpg,annotations/points/AW__000020_57_arroyo.npy,1024,768,87,arroyowaste_frozen,1d1c9da86a0e7cc1be7f6639e90e9b119df9d9e8deca2b9e99e866301aa7c260,e0aeebbf96fa561e6c71f23ed2c0f5d3bb8493b6c4e129ee0adf4790b0bfe20a
AW__000020_58_arroyo,arroyowaste,AW_0057,000020_58_arroyo,train,train,images/AW__000020_58_arroyo.jpg,annotations/points/AW__000020_58_arroyo.npy,1024,768,96,arroyowaste_frozen,93cd7775d31d376a158ab55cf9660652be3d2f498f2983c3cca37976510812f5,d632370aab260ca2e04df2d87ae24ae7c83bdd0afc9069d1fe7da46d79078c6d
AW__000020_59_arroyo,arroyowaste,AW_0058,000020_59_arroyo,train,train,images/AW__000020_59_arroyo.jpg,annotations/points/AW__000020_59_arroyo.npy,1024,768,133,arroyowaste_frozen,1835e25ccc31bee2677c9d358fcae44e4859f7a46f6c09e25c3f6aa451d9f14a,9ed2c7dd2bdcccc23c93b54f4a235818254304a270ea3dfd9294f3a9ce32605d
AW__000020_5_arroyo,arroyowaste,AW_0005,000020_5_arroyo,train,train,images/AW__000020_5_arroyo.jpg,annotations/points/AW__000020_5_arroyo.npy,1024,768,22,arroyowaste_frozen,db1e435c94f978f42d90793a0bb902cf37bd2d40686aba333d1c2c087145b462,412a6f0a951c2267d0e82c8523c749db8cda9a383e4e3aeb23962eadbc731eee
AW__000020_61_arroyo,arroyowaste,AW_0060,000020_61_arroyo,train,train,images/AW__000020_61_arroyo.jpg,annotations/points/AW__000020_61_arroyo.npy,1024,768,19,arroyowaste_frozen,fcedfd1fb80ca22ae1851a62c64ad2124a6c6a38afc0fa64a2978673ccad1027,8dfb2518b182308169902ca92d7dcdf724014708e11087c5d19e081b0fd375eb
AW__000020_62_arroyo,arroyowaste,AW_0061,000020_62_arroyo,train,train,images/AW__000020_62_arroyo.jpg,annotations/points/AW__000020_62_arroyo.npy,1024,768,41,arroyowaste_frozen,5bff4c4fb434da8c102749d74c200c053f0cf457b20716bb523c490e3ac4a420,a9c5852a708fde29d4e589135ddc05d60dda41d1ef2dcdf54156341fd83b6591
AW__000020_63_arroyo,arroyowaste,AW_0062,000020_63_arroyo,train,train,images/AW__000020_63_arroyo.jpg,annotations/points/AW__000020_63_arroyo.npy,1024,768,151,arroyowaste_frozen,c053ba7cfcbc44dcd549238d1a5622302a204b00cc01a3ffdaaa76f7c436bf31,5ccbc794f3a68d9f55837e8985f9bd8a0a46ae7a51de4d1b5d0b237cc4ac1bfc
AW__000020_64_arroyo,arroyowaste,AW_0063,000020_64_arroyo,train,train,images/AW__000020_64_arroyo.jpg,annotations/points/AW__000020_64_arroyo.npy,1024,768,219,arroyowaste_frozen,d62c82216d750ec7380f8b51b7652e415ce1110a2f7b9137dd1ff8b2439dccd8,df397f2886271ff4d93deab4ef27839fb151839c46513f0f42ac1519fbe7aee6
AW__000020_65_arroyo,arroyowaste,AW_0064,000020_65_arroyo,train,train,images/AW__000020_65_arroyo.jpg,annotations/points/AW__000020_65_arroyo.npy,1024,768,283,arroyowaste_frozen,b29a646e6e808e89ac9538b73f235be3d7bfd623bf1e533afabfb812e49a73bb,b974da03d19728e07539e3e1fe4a98adca2f777033cc225fc9f675149b9e9cdc
AW__000020_66_arroyo,arroyowaste,AW_0065,000020_66_arroyo,train,train,images/AW__000020_66_arroyo.jpg,annotations/points/AW__000020_66_arroyo.npy,1024,768,66,arroyowaste_frozen,88e91784d65a1e93bbb2dc23f8fc0d5a116fd8d07e979ab4a1d3fac512e7d2e7,da652ae7ccc34d5a2052fba1d656d423a049447bfd94a6f09a10725d8d37e7b7
AW__000020_67_arroyo,arroyowaste,AW_0066,000020_67_arroyo,train,train,images/AW__000020_67_arroyo.jpg,annotations/points/AW__000020_67_arroyo.npy,1024,768,187,arroyowaste_frozen,279e5d53d0b1cf3efdef8d98f9bf9275159a0fbff4058a0525f93fa9665504b0,e9182047e54cafa55c4910bd412845c3f1c2a49e47e048bf616933120bb2449c
AW__000020_6_arroyo,arroyowaste,AW_0006,000020_6_arroyo,train,train,images/AW__000020_6_arroyo.jpg,annotations/points/AW__000020_6_arroyo.npy,1024,768,21,arroyowaste_frozen,5ef28974ea350b30c55a0ae3952c59838443bfe0c37118ca932780086210bccf,a3240800adab7a6f68ea61bff29065a4f4eb2395c9abfb82c23d5a898ef17875
AW__000020_70_arroyo,arroyowaste,AW_0069,000020_70_arroyo,train,train,images/AW__000020_70_arroyo.jpg,annotations/points/AW__000020_70_arroyo.npy,1024,768,139,arroyowaste_frozen,36273dc04d6eaec0226f45eba97700ade2b83ad00b3b94dc2f475e1496182f29,e2a41056ac80c87861f74ef64c759ae5789ca23be6af2bde82bb9df9f8bebe38
AW__000020_7_arroyo,arroyowaste,AW_0007,000020_7_arroyo,train,train,images/AW__000020_7_arroyo.jpg,annotations/points/AW__000020_7_arroyo.npy,1024,768,74,arroyowaste_frozen,e5cb95ddfe012af8a21f74c8c584e205f45bddb2728423b71381eaa62a4cdfd4,b9c796f10ec4b31c1a2772e650784920f9afdb4e1d19e746f0b96cb82ebc01f0
AW__000021_10_arroyo,arroyowaste,AW_0010,000021_10_arroyo,train,train,images/AW__000021_10_arroyo.jpg,annotations/points/AW__000021_10_arroyo.npy,1024,768,135,arroyowaste_frozen,6ee3ef1641437536fc32b9089df31ba0dffccec55c76325c60584b69cf0fcdff,e78aa7e289fbde243d9bd46f9fa0eb230f0746c1fb37ec5ac9b8f49bf511d9bd
AW__000021_11_arroyo,arroyowaste,AW_0011,000021_11_arroyo,train,train,images/AW__000021_11_arroyo.jpg,annotations/points/AW__000021_11_arroyo.npy,1024,768,38,arroyowaste_frozen,5d64de6776c01a7836cae734972a6992e16132a3228426b2935ee16d6794860b,921e2d5ddefdd26330e456eca7f7280d24ba7edc25f40d0d31e6b47932984874
AW__000021_12_arroyo,arroyowaste,AW_0012,000021_12_arroyo,train,train,images/AW__000021_12_arroyo.jpg,annotations/points/AW__000021_12_arroyo.npy,1024,768,14,arroyowaste_frozen,f3c7e233087f293347ec64f8a33f5d9952ff950f0773b031532db0a354f8e524,98836c7f7578bccde27fa8906cb5bc503a07fba24dfe596401c85c7c889fe370
AW__000021_13_arroyo,arroyowaste,AW_0013,000021_13_arroyo,train,train,images/AW__000021_13_arroyo.jpg,annotations/points/AW__000021_13_arroyo.npy,1024,768,193,arroyowaste_frozen,8232df6e458db1385d9cab40c8b3f7a6c65a73ec1b6afc0bb76a1f6075be8ddf,39ad702be8b442d060db80446ef049508eea9ceab0705591bd9f0be5f920a2ee
AW__000021_14_arroyo,arroyowaste,AW_0014,000021_14_arroyo,train,train,images/AW__000021_14_arroyo.jpg,annotations/points/AW__000021_14_arroyo.npy,1024,768,151,arroyowaste_frozen,d2d41db751db46f562d62265f7a61d791f388ed5593f1d4370e1ea6470546e7f,e61d76bf977ae724869d1c88a4707eb43af67085f8f5bbb59e873ea61158c622
AW__000021_15_arroyo,arroyowaste,AW_0015,000021_15_arroyo,train,train,images/AW__000021_15_arroyo.jpg,annotations/points/AW__000021_15_arroyo.npy,1024,768,27,arroyowaste_frozen,3af116cb7f54826317ad1956d3c543f9a0090a7e2ec97c459a811211a06b2ad0,3563b8e4ee9eedec444191221c4e8f3efabafbe8261ff8652f03f95ac56715ec
AW__000021_16_arroyo,arroyowaste,AW_0016,000021_16_arroyo,train,train,images/AW__000021_16_arroyo.jpg,annotations/points/AW__000021_16_arroyo.npy,1024,768,31,arroyowaste_frozen,768257353b2d4aed63f0f790178e067923853c9d1b65a84b805ade0c84a6fbc6,cd361677cffbb102f51ecfe4066fc29017284503a27a3292f3a354f4141f84d3
AW__000021_18_arroyo,arroyowaste,AW_0018,000021_18_arroyo,train,train,images/AW__000021_18_arroyo.jpg,annotations/points/AW__000021_18_arroyo.npy,1024,768,26,arroyowaste_frozen,4e1570b8c839d215cf279771c9bfb1d1c8505298267b7c1ca41342b75f900fad,2cca4c824ef022fd048d847a92979087b15161f9bd05bdba2e5691e2141038f4
AW__000021_19_arroyo,arroyowaste,AW_0019,000021_19_arroyo,train,train,images/AW__000021_19_arroyo.jpg,annotations/points/AW__000021_19_arroyo.npy,1024,768,50,arroyowaste_frozen,75de591c2a39f524494d42b64e4f0c2b7d4c081a6750e6ea4f4cfa67d25cd316,e629770d2ac692d41d805a3ef4f37ccb02772e9e0b9a911dcd949790de4512bf
AW__000021_1_arroyo,arroyowaste,AW_0001,000021_1_arroyo,train,train,images/AW__000021_1_arroyo.jpg,annotations/points/AW__000021_1_arroyo.npy,1024,768,37,arroyowaste_frozen,ccc76f7de1e6db5a691a81dcb32423f78e83b90ddb57a02c081acf9d09878905,6712009a587c8fbef6116ef3614d07268bade64ea8c35c79989f78795381f85f
AW__000021_20_arroyo,arroyowaste,AW_0020,000021_20_arroyo,train,train,images/AW__000021_20_arroyo.jpg,annotations/points/AW__000021_20_arroyo.npy,1024,768,39,arroyowaste_frozen,3c1eb7f58440d8ce86d824d77e43dc5e7553c8a6fe2e4f9edf23c99e76643014,653f5b5a526d1be67226cf4818084918a7ffeb8ca8e2c9794c149676895778f2
AW__000021_25_arroyo,arroyowaste,AW_0025,000021_25_arroyo,train,train,images/AW__000021_25_arroyo.jpg,annotations/points/AW__000021_25_arroyo.npy,1024,768,177,arroyowaste_frozen,1615d9e50784140b248caeec7ff53558d8791c98864fb5ec8b00c589e7991490,b9242b01a449de0adb0ca58f607704988859d3e232c507a3db1efaa806023815
AW__000021_26_arroyo,arroyowaste,AW_0026,000021_26_arroyo,train,train,images/AW__000021_26_arroyo.jpg,annotations/points/AW__000021_26_arroyo.npy,1024,768,7,arroyowaste_frozen,3d75da888f85c4297eae05dcaff2242de8b41804a67cdd9d6bb35973a3e60a0c,45c47f1cbb39d1f486a69273ae1a0bd67441edf52dd62e5bc1b50fe9b94da795
AW__000021_27_arroyo,arroyowaste,AW_0027,000021_27_arroyo,train,train,images/AW__000021_27_arroyo.jpg,annotations/points/AW__000021_27_arroyo.npy,1024,768,3,arroyowaste_frozen,9ca84b1025d1cee0e707f14eb15f82c5ec16cdc654de57771bcad4ba617420a5,a6147f5812ae39c640c51696cc27ab85036abe231a62ccd0fe8db45d528479c3
AW__000021_29_arroyo,arroyowaste,AW_0028,000021_29_arroyo,train,train,images/AW__000021_29_arroyo.jpg,annotations/points/AW__000021_29_arroyo.npy,1024,768,85,arroyowaste_frozen,ad705a89247d73728b55a0c3826e7bfabe7b38384c3648ed12ba44cbed2ae226,444699368a6042924304df8a04e61fbd96dbf273a53bafc8bf78b6ea7f3e15a6
AW__000021_30_arroyo,arroyowaste,AW_0029,000021_30_arroyo,train,train,images/AW__000021_30_arroyo.jpg,annotations/points/AW__000021_30_arroyo.npy,1024,768,49,arroyowaste_frozen,7e051410d2c8764b81765ebd5b6d5e2472236b2f0ba37ca152831df1e947c390,694e0c0822bf6bf8b1dd33f1ac5139e414d5c3492c265cf10ca2d16f279f5e2f
AW__000021_31_arroyo,arroyowaste,AW_0030,000021_31_arroyo,train,train,images/AW__000021_31_arroyo.jpg,annotations/points/AW__000021_31_arroyo.npy,1024,768,61,arroyowaste_frozen,9a6d176592725aaa5239952e7161e9eab5c7ba028050d64ee4871afe55f868a4,ae81326ac1f4a4e73a36d9667759186adc4cd14eb804c9790f76ccb01673ffc2
AW__000021_34_arroyo,arroyowaste,AW_0033,000021_34_arroyo,train,train,images/AW__000021_34_arroyo.jpg,annotations/points/AW__000021_34_arroyo.npy,1024,768,107,arroyowaste_frozen,2857bb4df265b4591defae64a1bdc694075502edfc666ca9804d64ae126eb85b,8000ae6523bca73eb8cef9a8d7f0b1877ada9f3e1d8e1efbd5e4ce40cdad1a5a
AW__000021_35_arroyo,arroyowaste,AW_0034,000021_35_arroyo,train,train,images/AW__000021_35_arroyo.jpg,annotations/points/AW__000021_35_arroyo.npy,1024,768,67,arroyowaste_frozen,2818d22c5e785977fb16b129f616f3fc1c78e749030ac48eac929c121db00ff3,bd550530d6de34844a97667b04c0808eaa5a57a9af2b0a3ba8386e1bdd440c70
AW__000021_36_arroyo,arroyowaste,AW_0035,000021_36_arroyo,train,train,images/AW__000021_36_arroyo.jpg,annotations/points/AW__000021_36_arroyo.npy,1024,768,66,arroyowaste_frozen,d9c440bc64e095d6835b5e05c41ddcf01ade777a33b1e5251c0e7a499e06295e,454d83cf2aa6f99e1e55fae551c2fcf81cc1be56b3916e46ec0d8875eb3304e2
AW__000021_37_arroyo,arroyowaste,AW_0036,000021_37_arroyo,train,train,images/AW__000021_37_arroyo.jpg,annotations/points/AW__000021_37_arroyo.npy,1024,768,86,arroyowaste_frozen,d64302340e56c85e18a79504c8b5c01583ee967dd34089ac3aa10334a8274fc2,e3f6189ea1d754ce8916d5627208b0ae97c776aca120b7d148b869f59899979d
AW__000021_38_arroyo,arroyowaste,AW_0037,000021_38_arroyo,train,train,images/AW__000021_38_arroyo.jpg,annotations/points/AW__000021_38_arroyo.npy,1024,768,7,arroyowaste_frozen,284c93dae0f774377d1baf95ea418af6cdd1c5e4a93a188fb49eaf56ba48f4a9,5d0157258b70c24fa70cec1cad274ee9daae9b6e34cbf34c7d16e9b19701909e
AW__000021_3_arroyo,arroyowaste,AW_0003,000021_3_arroyo,train,train,images/AW__000021_3_arroyo.jpg,annotations/points/AW__000021_3_arroyo.npy,1024,768,114,arroyowaste_frozen,4efbf375216f2ec645f623bb2c865aa5f7337e3567999d7afdee8eee8941c2ca,440371e523c7a333b49251d748330c123542a15a0c79568aa3fc0c152891683f
AW__000021_40_arroyo,arroyowaste,AW_0039,000021_40_arroyo,train,train,images/AW__000021_40_arroyo.jpg,annotations/points/AW__000021_40_arroyo.npy,1024,768,15,arroyowaste_frozen,4b96a09f99b1d5cb9beea387b07c96e6a3c24258dd3a93bf83b892cbec9e7d09,4bcd310cb33ae5f3a60bc384bff061d3f1f2c644fdc3ba19159a61bcab7cf3e1
AW__000021_41_arroyo,arroyowaste,AW_0040,000021_41_arroyo,train,train,images/AW__000021_41_arroyo.jpg,annotations/points/AW__000021_41_arroyo.npy,1024,768,47,arroyowaste_frozen,72f86518766a1a8d83abfe776fd93ce16d6ec6c5570b6e1ced0ba6c4a22d461d,48551909b2bc14fe772a2de59510dccbe5f5d85c19306153cac5917eea6ca381
AW__000021_46_arroyo,arroyowaste,AW_0045,000021_46_arroyo,train,train,images/AW__000021_46_arroyo.jpg,annotations/points/AW__000021_46_arroyo.npy,1024,768,177,arroyowaste_frozen,2e6fad8d1ec97203ccb5d1c24eb5f5fcffff3e6077a60404d6e98b02f1000df1,318d5dea2cb1204672c8b9b117641b810b6386375ab0ef3224f5e1a8deb4b2e3
AW__000021_47_arroyo,arroyowaste,AW_0046,000021_47_arroyo,train,train,images/AW__000021_47_arroyo.jpg,annotations/points/AW__000021_47_arroyo.npy,1024,768,303,arroyowaste_frozen,bf68faaec5a727314074e964953d454945a5bd2b9884c2ea5994e5bf360d3a1d,9d4dfcf738b128637a3e7db67b21a0ae6592eedac9484a2a34695a97c614be54
AW__000021_48_arroyo,arroyowaste,AW_0047,000021_48_arroyo,train,train,images/AW__000021_48_arroyo.jpg,annotations/points/AW__000021_48_arroyo.npy,1024,768,150,arroyowaste_frozen,2bc16a47fc240f45694030ebce471f27b588a056a810288ddcbd7a2c3d32dc08,46e7d9c5f99e6b0d2cda574ea37f75c7e3144d498e775c7f33be69c03d437904
AW__000021_4_arroyo,arroyowaste,AW_0004,000021_4_arroyo,train,train,images/AW__000021_4_arroyo.jpg,annotations/points/AW__000021_4_arroyo.npy,1024,768,90,arroyowaste_frozen,a590a77ff8667e240d40838978be141117b78751a5302933dd7c6f63675513d3,d479aa1f80baa02c21d9136a16cdb12ad2775029ee38ce113405eb3901db4694
AW__000021_51_arroyo,arroyowaste,AW_0050,000021_51_arroyo,train,train,images/AW__000021_51_arroyo.jpg,annotations/points/AW__000021_51_arroyo.npy,1024,768,83,arroyowaste_frozen,f4a440d74f38bc9c6f2316314225f7554ee35ce409dccf38f594c6487d1cb2ed,6b947e936307779cbb2965b9c43198fe172e0c738f599ab208dd81c74276782d
AW__000021_52_arroyo,arroyowaste,AW_0051,000021_52_arroyo,train,train,images/AW__000021_52_arroyo.jpg,annotations/points/AW__000021_52_arroyo.npy,1024,768,223,arroyowaste_frozen,3898c9f5fcf7b13574fad3744b2599960b72a9408e9810f500b080a6c1b198f2,c52128eed5fdbde7804d50b8705779ffd0719ecb26fe81c41cc5309f3b9d3140
AW__000021_53_arroyo,arroyowaste,AW_0052,000021_53_arroyo,train,train,images/AW__000021_53_arroyo.jpg,annotations/points/AW__000021_53_arroyo.npy,1024,768,101,arroyowaste_frozen,87b80030e7b39d7cc456db05939ad695d5af53ae07c9b92fa3e943edb8af6195,d9eb51fd9bbac54a9bd85e044143f13150c47fbf0bb1a11790e9e476f0381ac5
AW__000021_54_arroyo,arroyowaste,AW_0053,000021_54_arroyo,train,train,images/AW__000021_54_arroyo.jpg,annotations/points/AW__000021_54_arroyo.npy,1024,768,77,arroyowaste_frozen,08d6dd09c974bc8cb317dd02350a5f079d7464e699b74bf2ccb627bd91b8ca46,e4d237e5765916fe61801a7fbbec67cab2a5bb03d931e180f01293fb7eb551e6
AW__000021_55_arroyo,arroyowaste,AW_0054,000021_55_arroyo,train,train,images/AW__000021_55_arroyo.jpg,annotations/points/AW__000021_55_arroyo.npy,1024,768,66,arroyowaste_frozen,329f1836e2aa076a0674cd7145115b0bb2593f48504fdcb5c5f6fa61adf00035,34b85888bbe5bd6fb0bddb24c4b6336875da8032f96c8b7c807b41346c6f8b43
AW__000021_56_arroyo,arroyowaste,AW_0055,000021_56_arroyo,train,train,images/AW__000021_56_arroyo.jpg,annotations/points/AW__000021_56_arroyo.npy,1024,768,24,arroyowaste_frozen,d142ec4e8bfa557e6f0b19316d218fc163d34501b010a1834a4eda0982f5956f,af8522a32b815f2c11c5dbc4c3df91a902f62e068c12b5262077aa2a5fc88f7e
AW__000021_57_arroyo,arroyowaste,AW_0056,000021_57_arroyo,train,train,images/AW__000021_57_arroyo.jpg,annotations/points/AW__000021_57_arroyo.npy,1024,768,87,arroyowaste_frozen,0b8700c41e22d6bb5c6054e43d734907f4df96e142898590b9937efdca51835a,3e24b33394292d3fa0cf325176c2d7ebe23ab318e866a340156dfa4c47622af8
AW__000021_58_arroyo,arroyowaste,AW_0057,000021_58_arroyo,train,train,images/AW__000021_58_arroyo.jpg,annotations/points/AW__000021_58_arroyo.npy,1024,768,96,arroyowaste_frozen,b2a2e4ceb5b3d41a85daf53a52e3c8e0721b1b900fdf150bf606dd11f88c9f14,cc3bdc39d683a27d508ed221bef1eab0e71bca845bf3d5996e6c695167f010e4
AW__000021_59_arroyo,arroyowaste,AW_0058,000021_59_arroyo,train,train,images/AW__000021_59_arroyo.jpg,annotations/points/AW__000021_59_arroyo.npy,1024,768,133,arroyowaste_frozen,1bc6f8590afca567bc261137f9815c69743a4627a4186da08900b1dfd57e071b,bb66820cefc9e4397ca8d199ab6b338196b51e63793f6687a8f4f24ce6dc9ba1
AW__000021_5_arroyo,arroyowaste,AW_0005,000021_5_arroyo,train,train,images/AW__000021_5_arroyo.jpg,annotations/points/AW__000021_5_arroyo.npy,1024,768,22,arroyowaste_frozen,53d9a6117b57be4554a4b92131ac97aa1238ddc4e62c10894dbc376c16dbdd84,0fa6e0468cb6dbf050056ea2f11dceaf4ca7b63ce61d360d681de65587702c80
AW__000021_61_arroyo,arroyowaste,AW_0060,000021_61_arroyo,train,train,images/AW__000021_61_arroyo.jpg,annotations/points/AW__000021_61_arroyo.npy,1024,768,19,arroyowaste_frozen,922b09f9a22211e78c289993a4b3166b738ab521aad8a48624ed0ed5112d50a0,0a1dc9755d31041820eabe155b283511f52879ee02fe2e909fd7620dbf0a14db
AW__000021_62_arroyo,arroyowaste,AW_0061,000021_62_arroyo,train,train,images/AW__000021_62_arroyo.jpg,annotations/points/AW__000021_62_arroyo.npy,1024,768,41,arroyowaste_frozen,464c965bd528af91345642e0c4207f8debffca54ae2b2a03bb2d63770793400f,779547309e5712d0fc3661ad40b988fdeaf25c3addcc7b1aed10cdc46237c3dd
AW__000021_63_arroyo,arroyowaste,AW_0062,000021_63_arroyo,train,train,images/AW__000021_63_arroyo.jpg,annotations/points/AW__000021_63_arroyo.npy,1024,768,151,arroyowaste_frozen,1b80db575aa70a1e6522e568f1adb7a425dbfdf26bc1b0c2b98cd9712fe5983e,47febc2fc3b82680a7a97916b63c1dcaa7c1583494eb6f19490c1b0ce6e88819
AW__000021_64_arroyo,arroyowaste,AW_0063,000021_64_arroyo,train,train,images/AW__000021_64_arroyo.jpg,annotations/points/AW__000021_64_arroyo.npy,1024,768,219,arroyowaste_frozen,526fbde9ec026ecf97325fc23586698ed277b4dfda19dc81c4c9e05359c476e6,72ed578d663ead5a467a129b949908b4ec9c97328aac05251cb187de288fecd0
AW__000021_65_arroyo,arroyowaste,AW_0064,000021_65_arroyo,train,train,images/AW__000021_65_arroyo.jpg,annotations/points/AW__000021_65_arroyo.npy,1024,768,283,arroyowaste_frozen,16a4f3b410f254f44e70121d3d84bb334e7b8759a6290107b8aae15bee3cb950,d94d9890c6d6ba612e020b24d7e65d13d6412c440e8d28c4c9378b298ed4583b
AW__000021_66_arroyo,arroyowaste,AW_0065,000021_66_arroyo,train,train,images/AW__000021_66_arroyo.jpg,annotations/points/AW__000021_66_arroyo.npy,1024,768,66,arroyowaste_frozen,eaf118c3bbe53a58d68f7a3df64bd51c74a06d0ac4fb1170f509ac7bf96cf049,63381c3bd27c870db60c988977d0efba0597c78cf4e60d4f520de90e41edf1d9
AW__000021_67_arroyo,arroyowaste,AW_0066,000021_67_arroyo,train,train,images/AW__000021_67_arroyo.jpg,annotations/points/AW__000021_67_arroyo.npy,1024,768,187,arroyowaste_frozen,b6534c40ffe11d584da6108ed2bd9cf39771c48d1c49e5d1f8fff0798a0162a7,a15b8ccefe93531fa239f26703c2a80b18a47aff5ec12b0143d3808320a46cba
AW__000021_6_arroyo,arroyowaste,AW_0006,000021_6_arroyo,train,train,images/AW__000021_6_arroyo.jpg,annotations/points/AW__000021_6_arroyo.npy,1024,768,21,arroyowaste_frozen,356616b2f21f927113b4d6058694e6d3d45823f8827c81b3b51456d19bccd8dc,696e946ba1409b8f1162a0f82dc74bb317695460498620f16fc2dc105556adee
AW__000021_70_arroyo,arroyowaste,AW_0069,000021_70_arroyo,train,train,images/AW__000021_70_arroyo.jpg,annotations/points/AW__000021_70_arroyo.npy,1024,768,139,arroyowaste_frozen,7cf67f7930877eb203d6d3347afad8bc4944fd2297779ca890f605780ecdf8d2,63cc96b0717e3445ee31984dbadabbb6db7c7e892df0525a2f640c107c7cb18f
AW__000021_7_arroyo,arroyowaste,AW_0007,000021_7_arroyo,train,train,images/AW__000021_7_arroyo.jpg,annotations/points/AW__000021_7_arroyo.npy,1024,768,74,arroyowaste_frozen,31d06ea8e7f3d92cd7cfcc11ea95abc12671dc889f39748a900510e3b56a922a,b4d89d027187c5bf100be60389133fd7ef820b48c2029f0d61560badf7e773f6
AW__000300_10_arroyo,arroyowaste,AW_0010,000300_10_arroyo,train,train,images/AW__000300_10_arroyo.jpg,annotations/points/AW__000300_10_arroyo.npy,1024,768,26,arroyowaste_frozen,ddf65d2aaab226e306083bcdc9843a4a7f39974c52bc7982dcf2c252f8a922c0,0a8a34377f5ef36aa82afbacf7dd40aecd380e5e3ce745c367f4fc78bdad56d2
AW__000300_11_arroyo,arroyowaste,AW_0011,000300_11_arroyo,train,train,images/AW__000300_11_arroyo.jpg,annotations/points/AW__000300_11_arroyo.npy,1024,768,3,arroyowaste_frozen,35b227005cf9c6c6e4759a42830441d899cbd2fb337f9980502b58f278935c08,f8516b64092613bebbe58be9cffb64f8fbeaee436184e588088233c8d16326a8
AW__000300_12_arroyo,arroyowaste,AW_0012,000300_12_arroyo,train,train,images/AW__000300_12_arroyo.jpg,annotations/points/AW__000300_12_arroyo.npy,1024,768,2,arroyowaste_frozen,5455ac346dba2e2eec56cd8e66ee44dbeb4849b65833d2005cfd05d43a7eab09,cc35136d8d9173c0dae51694f9430ee403551627ef988b7cbc933f16fd5529ac
AW__000300_13_arroyo,arroyowaste,AW_0013,000300_13_arroyo,train,train,images/AW__000300_13_arroyo.jpg,annotations/points/AW__000300_13_arroyo.npy,1024,768,1,arroyowaste_frozen,71de8ab52133b71f9402f5185fcdf186df08f1e3cbc5f55d3e565ebc4c7d158c,14d2cb05b8e702d70d5b3a7a75d2ed4487baad85bb6a77969d3b260ddf661e5c
AW__000300_14_arroyo,arroyowaste,AW_0014,000300_14_arroyo,train,train,images/AW__000300_14_arroyo.jpg,annotations/points/AW__000300_14_arroyo.npy,1024,768,54,arroyowaste_frozen,f897ffdf9472f5a5d5274e27795d7e37d90f641fa14f3912256caf3f06dfe0a8,9d8a6eaaec3d77f1171f28f3141165257b1fb4b23dec754de17b591a160d00d8
AW__000300_15_arroyo,arroyowaste,AW_0015,000300_15_arroyo,train,train,images/AW__000300_15_arroyo.jpg,annotations/points/AW__000300_15_arroyo.npy,1024,768,1,arroyowaste_frozen,bc07765ed58a26b31816681de9fcfa0eb1950b50ed41affdcdb799a1c155acb1,7b32c44680b41de8ecdd29bb991d74664e4f5118bdd579a98ffb37a4c35c4359
AW__000300_16_arroyo,arroyowaste,AW_0016,000300_16_arroyo,train,train,images/AW__000300_16_arroyo.jpg,annotations/points/AW__000300_16_arroyo.npy,1024,768,5,arroyowaste_frozen,d12f18848c8163e81a1ab763243fc1a2fe1d9fe0dfd3bafdd76aeeeaaac8eff0,9fde1fd4b19da758cfd884ccf87537e0f90bfb7f224d67d2c743b641fc953cdd
AW__000300_18_arroyo,arroyowaste,AW_0018,000300_18_arroyo,train,train,images/AW__000300_18_arroyo.jpg,annotations/points/AW__000300_18_arroyo.npy,1024,768,8,arroyowaste_frozen,a1780856566483ab907be91568980c009ed66d19b1338fb2c10b3baec325c7a8,090ce440317c0fc46085e14f0e9c41a15b142d0780162f891402ea993ad9ff82
AW__000300_19_arroyo,arroyowaste,AW_0019,000300_19_arroyo,train,train,images/AW__000300_19_arroyo.jpg,annotations/points/AW__000300_19_arroyo.npy,1024,768,29,arroyowaste_frozen,887153cd9fe46809c8e84cfb1b8a46a12f005c4942ffed96fc456990e89d6d8c,f7d14a99a92d8daea532a18ea3d14944c7eedb338a766294168c217236d52196
AW__000300_1_arroyo,arroyowaste,AW_0001,000300_1_arroyo,train,train,images/AW__000300_1_arroyo.jpg,annotations/points/AW__000300_1_arroyo.npy,1024,768,2,arroyowaste_frozen,4f408e7e1428ea56ba1380dc2c1519c58429302e1f6e62c2a0ed41aff7a89af6,50c5b5bc4b8e862fcf59e15bd0fb02ef9df194fcf2f8ec759169ce4155574ca3
AW__000300_20_arroyo,arroyowaste,AW_0020,000300_20_arroyo,train,train,images/AW__000300_20_arroyo.jpg,annotations/points/AW__000300_20_arroyo.npy,1024,768,0,arroyowaste_frozen,eaa31d849c44c5991cc90878416be9e0b3331a20311eca4e800be3a22ad90052,90f00d448fe2247088a956d58dbaaffa22b18e34646d789c64f8cff85e153216
AW__000300_25_arroyo,arroyowaste,AW_0025,000300_25_arroyo,train,train,images/AW__000300_25_arroyo.jpg,annotations/points/AW__000300_25_arroyo.npy,1024,768,17,arroyowaste_frozen,4c3c2e3352a570c53a58475598e5977a972674441086df0b93c75c9f07c0e07b,0c186beb87b57c1785126b819c48625821c6a9553c2f989721f0953851e7af7c
AW__000300_26_arroyo,arroyowaste,AW_0026,000300_26_arroyo,train,train,images/AW__000300_26_arroyo.jpg,annotations/points/AW__000300_26_arroyo.npy,1024,768,0,arroyowaste_frozen,a24ee119a1213f54cd8d4987a09e6822cda404e2c77dcdec5638ddde7c42c76d,90f00d448fe2247088a956d58dbaaffa22b18e34646d789c64f8cff85e153216
AW__000300_27_arroyo,arroyowaste,AW_0027,000300_27_arroyo,train,train,images/AW__000300_27_arroyo.jpg,annotations/points/AW__000300_27_arroyo.npy,1024,768,2,arroyowaste_frozen,67e8b26f159e3f9f4886320400df907b0ed3d1cec2b5127c3978610c134acc99,8a5b0dca3acd4bbf479146fdd43a9fac682da1ec91ae4ef223e39238924ca6b3
AW__000300_29_arroyo,arroyowaste,AW_0028,000300_29_arroyo,train,train,images/AW__000300_29_arroyo.jpg,annotations/points/AW__000300_29_arroyo.npy,1024,768,4,arroyowaste_frozen,1d88b2ad3cadc0d90fd778ecc7b99244cc83cdcbc232ffe8ddf6bc103e917dd5,e60730e2481818bc43f0807b31ec8b8469a4710865fa9e3eb22181e0fc4588b3
AW__000300_30_arroyo,arroyowaste,AW_0029,000300_30_arroyo,train,train,images/AW__000300_30_arroyo.jpg,annotations/points/AW__000300_30_arroyo.npy,1024,768,6,arroyowaste_frozen,b3fd081d692e7bcb7c2511bcf39b0d46f06c207db799455605994712da6c3519,4f755a18357682a4affc452cc9f54214ccd55397ebdc141bad98f9950a464be8
AW__000300_31_arroyo,arroyowaste,AW_0030,000300_31_arroyo,train,train,images/AW__000300_31_arroyo.jpg,annotations/points/AW__000300_31_arroyo.npy,1024,768,10,arroyowaste_frozen,03b911ea86f2d41b98bfe06a94f61e2a2edf3a897db9656ef2990cd1216f3cda,35fab14c01cf20c3e092d40e3517cd89b65e75dafedabb5fdcb493a69a2517b2
AW__000300_34_arroyo,arroyowaste,AW_0033,000300_34_arroyo,train,train,images/AW__000300_34_arroyo.jpg,annotations/points/AW__000300_34_arroyo.npy,1024,768,15,arroyowaste_frozen,edc2d6e1a25616fe0f93e68d0de67cc0598d5223cf16f040ea1dfa7c98302ddb,2eb2facbb661373fe0b9c24c5b7bfb2e7b65b315850d05e650bb44a73cc370f5
AW__000300_35_arroyo,arroyowaste,AW_0034,000300_35_arroyo,train,train,images/AW__000300_35_arroyo.jpg,annotations/points/AW__000300_35_arroyo.npy,1024,768,0,arroyowaste_frozen,d41bcb301cb4cbfd93ca7249c379561df488593a74677fe56b5782578b338425,90f00d448fe2247088a956d58dbaaffa22b18e34646d789c64f8cff85e153216
AW__000300_36_arroyo,arroyowaste,AW_0035,000300_36_arroyo,train,train,images/AW__000300_36_arroyo.jpg,annotations/points/AW__000300_36_arroyo.npy,1024,768,35,arroyowaste_frozen,c05b45d810aa0d883044892ddfd407768f1fa01e3e844af7fc6ac0abc7c3577c,65b6f3b03cc221c0868e169a31a4cf93d57516c2f6744f4a8b1758589432b3bd
AW__000300_37_arroyo,arroyowaste,AW_0036,000300_37_arroyo,train,train,images/AW__000300_37_arroyo.jpg,annotations/points/AW__000300_37_arroyo.npy,1024,768,44,arroyowaste_frozen,b87f76ed82c66e3c232810317cce5963bd178c8bd68c00f1dff8a60e643af5f6,c43590831504449a986755b71cf4a27df43414da418a6d2efb2a70eba54f51fa
AW__000300_38_arroyo,arroyowaste,AW_0037,000300_38_arroyo,train,train,images/AW__000300_38_arroyo.jpg,annotations/points/AW__000300_38_arroyo.npy,1024,768,4,arroyowaste_frozen,3ac21952f8f2873463c3a31eee485f3a850762c13610b8b1124d80f3bc288597,f4842baa89d33bf71eebd3db84cca864ba2fb3fd57e82a8fed0a9dd0b5549089
AW__000300_3_arroyo,arroyowaste,AW_0003,000300_3_arroyo,train,train,images/AW__000300_3_arroyo.jpg,annotations/points/AW__000300_3_arroyo.npy,1024,768,71,arroyowaste_frozen,19188882ed45725c89ce33e9b649e4bb1150cec4bce82957747e4fe580e255ff,7fb72c7407a369aa4a4541850436eccd0253616cc2111a5f406b7575c56e5a97
AW__000300_40_arroyo,arroyowaste,AW_0039,000300_40_arroyo,train,train,images/AW__000300_40_arroyo.jpg,annotations/points/AW__000300_40_arroyo.npy,1024,768,1,arroyowaste_frozen,3a4f89b1f88053429f21523aaf27b740696f1ee3e1d8d138063644bc72a9fb56,673706da0c531b23fa12b5aa425f8473fe1dd95ed5f253dd2e204ba97dad5d36
AW__000300_41_arroyo,arroyowaste,AW_0040,000300_41_arroyo,train,train,images/AW__000300_41_arroyo.jpg,annotations/points/AW__000300_41_arroyo.npy,1024,768,21,arroyowaste_frozen,ea999dab922fe7605544813df2e9c169ce39834e6eda0668e05c5b0ec358e560,f7ef45b69582bea5e43b1a865912730713d6e092dc2d4c8e8e6ace7ef58823ef
AW__000300_46_arroyo,arroyowaste,AW_0045,000300_46_arroyo,train,train,images/AW__000300_46_arroyo.jpg,annotations/points/AW__000300_46_arroyo.npy,1024,768,53,arroyowaste_frozen,59a66a516f0b577e6b434c30fdfe9c42ccbb812ef5bda4bbaceb2a7dfb38fbba,2b938c37c26e12d7ce419e0dd8bb3974b7a3c3153d63ad36300001fb64bb3ce8
AW__000300_47_arroyo,arroyowaste,AW_0046,000300_47_arroyo,train,train,images/AW__000300_47_arroyo.jpg,annotations/points/AW__000300_47_arroyo.npy,1024,768,18,arroyowaste_frozen,39a590995d0750f521447cf81bd4bdaca382b129d89e6d195e6c1f1030fcb4fc,fb02ba68679aed8a1666e4a8917ff9a1523696829560d704986ece24ccb9f1d4
AW__000300_48_arroyo,arroyowaste,AW_0047,000300_48_arroyo,train,train,images/AW__000300_48_arroyo.jpg,annotations/points/AW__000300_48_arroyo.npy,1024,768,44,arroyowaste_frozen,3a0559016052119ae659c6818a295f460ed91aa0a9a3ab80e40012a1cfa9ce68,e88d4fe99a7dde8129a7ef2ae145f7f355a0ad5e409edd56e858178b56712cef
AW__000300_4_arroyo,arroyowaste,AW_0004,000300_4_arroyo,train,train,images/AW__000300_4_arroyo.jpg,annotations/points/AW__000300_4_arroyo.npy,1024,768,19,arroyowaste_frozen,c55d168163ecfa4a41bf3371b25d10b15daef662da9cc3439e24594ba872110e,42c25501b9c4881d754e73b0a6c91fc729b866728f0b391fde666284ec88a695
AW__000300_51_arroyo,arroyowaste,AW_0050,000300_51_arroyo,train,train,images/AW__000300_51_arroyo.jpg,annotations/points/AW__000300_51_arroyo.npy,1024,768,7,arroyowaste_frozen,02a444eeace6a2d2de667c87b55bda743e0b2104655e2f3f3be79640901dca6e,91b7bff96ab5cc1197e8e56282bf6136aa8c9b4dea2f2076359a2b26fedb5521
AW__000300_52_arroyo,arroyowaste,AW_0051,000300_52_arroyo,train,train,images/AW__000300_52_arroyo.jpg,annotations/points/AW__000300_52_arroyo.npy,1024,768,16,arroyowaste_frozen,59a07def07e65c4786b99fd1616b14871491913e126ef41a984b1aa597a58de2,43735b529ad74418087a05ced82da815ca153478ee86440a96ae2f033a95c82d
AW__000300_53_arroyo,arroyowaste,AW_0052,000300_53_arroyo,train,train,images/AW__000300_53_arroyo.jpg,annotations/points/AW__000300_53_arroyo.npy,1024,768,0,arroyowaste_frozen,7a0c5edc1f4670f9b2d4ffb649b9c2fb98a8cfcd53090c5694c71ee79af4cb91,90f00d448fe2247088a956d58dbaaffa22b18e34646d789c64f8cff85e153216
AW__000300_54_arroyo,arroyowaste,AW_0053,000300_54_arroyo,train,train,images/AW__000300_54_arroyo.jpg,annotations/points/AW__000300_54_arroyo.npy,1024,768,14,arroyowaste_frozen,f0b54b783aeb54d9082fe4e1a2ac6085dfdd4a31a300c1ac96d8c5d030b35547,542c568ee0d4793c5d10f55c5ec1ba1e07622f2ded4bdf6b9a0fea0b82b1ca87
AW__000300_55_arroyo,arroyowaste,AW_0054,000300_55_arroyo,train,train,images/AW__000300_55_arroyo.jpg,annotations/points/AW__000300_55_arroyo.npy,1024,768,12,arroyowaste_frozen,41c59b8598aa720a0b9a629b7969436f79e10cc96e0dd2b9304a5401cc1c39fc,2f805f7155725409b8a0c977dea469aa4d49ede2fefd2a06f01b44c2cc618201
AW__000300_56_arroyo,arroyowaste,AW_0055,000300_56_arroyo,train,train,images/AW__000300_56_arroyo.jpg,annotations/points/AW__000300_56_arroyo.npy,1024,768,7,arroyowaste_frozen,583725f33ea5c20f9c8d5e47951830eb2a210ea6831d445a8bd0430450fe8b1a,963d9a13937a15f33dd223a048b228dbdafe45f137a145006dc868024913e104
AW__000300_57_arroyo,arroyowaste,AW_0056,000300_57_arroyo,train,train,images/AW__000300_57_arroyo.jpg,annotations/points/AW__000300_57_arroyo.npy,1024,768,0,arroyowaste_frozen,6d4ddcddc60704c4ec8dcf898d80bb3c659c39a34153d68e89bf16ee65cd3f6e,90f00d448fe2247088a956d58dbaaffa22b18e34646d789c64f8cff85e153216
AW__000300_58_arroyo,arroyowaste,AW_0057,000300_58_arroyo,train,train,images/AW__000300_58_arroyo.jpg,annotations/points/AW__000300_58_arroyo.npy,1024,768,4,arroyowaste_frozen,d5d6f0fb1f428dac7d69504742ad6d7b8f59d509de552c9ece12bca4252e7ee7,1acc1e392f05964cc4b90e822fec63dafb4adfea6760f34041f1b89b307cf62d
AW__000300_59_arroyo,arroyowaste,AW_0058,000300_59_arroyo,train,train,images/AW__000300_59_arroyo.jpg,annotations/points/AW__000300_59_arroyo.npy,1024,768,17,arroyowaste_frozen,2cd668b6ec58b879c64ade7eeda9a91599d0e0163865c607a5edf1c1199c81a5,10a133c4ebaadf6e43eac9ee19e4ecf808294b43ee8a3b611f72ef852cb4f2cf
AW__000300_5_arroyo,arroyowaste,AW_0005,000300_5_arroyo,train,train,images/AW__000300_5_arroyo.jpg,annotations/points/AW__000300_5_arroyo.npy,1024,768,5,arroyowaste_frozen,387ad30f1397f4bd59c80016639b11f645cf1f26983cd176bd729a04a39635d8,fbe563d17fb769caf488daea05d43263ca2e863e8d23a3c3f754004ee0f84244
AW__000300_61_arroyo,arroyowaste,AW_0060,000300_61_arroyo,train,train,images/AW__000300_61_arroyo.jpg,annotations/points/AW__000300_61_arroyo.npy,1024,768,0,arroyowaste_frozen,03dffe2532f832bdc8a081c49674a7376b2508c963043c8d6c10085462d2e2cd,90f00d448fe2247088a956d58dbaaffa22b18e34646d789c64f8cff85e153216
AW__000300_62_arroyo,arroyowaste,AW_0061,000300_62_arroyo,train,train,images/AW__000300_62_arroyo.jpg,annotations/points/AW__000300_62_arroyo.npy,1024,768,2,arroyowaste_frozen,190dec604d983bed2ae185d3da178872aeb717222c84f3b2287beb12c8b75814,dbadde3ba39f6ea02f76110d4530431ea6ba1141a6c7cf35e669735e917ff00e
AW__000300_63_arroyo,arroyowaste,AW_0062,000300_63_arroyo,train,train,images/AW__000300_63_arroyo.jpg,annotations/points/AW__000300_63_arroyo.npy,1024,768,18,arroyowaste_frozen,8d44758fcd65f609597966ffc9056918835587f088158f294f8f77961662d7f2,b912db39dfd3676145079cf115f888cf246286152edc9391cadbdb7428e563d7
AW__000300_64_arroyo,arroyowaste,AW_0063,000300_64_arroyo,train,train,images/AW__000300_64_arroyo.jpg,annotations/points/AW__000300_64_arroyo.npy,1024,768,61,arroyowaste_frozen,9f2270e140dae7f0468a5e902a16a694a0afa3942396b70901c7a767c552fa1e,a5a5156b36dbf1dc4c7586add7cd8df76b96a80d6b40652d61d921447cb02b22
AW__000300_65_arroyo,arroyowaste,AW_0064,000300_65_arroyo,train,train,images/AW__000300_65_arroyo.jpg,annotations/points/AW__000300_65_arroyo.npy,1024,768,168,arroyowaste_frozen,3bd336872dbb9cde543976cf3e2e39ce3efd3c77a3601c0b03d04e13f798458b,893eef50d10a3cfd94c9f7cb8126af86778b65909c4b40d033284292dfda7b4a
AW__000300_66_arroyo,arroyowaste,AW_0065,000300_66_arroyo,train,train,images/AW__000300_66_arroyo.jpg,annotations/points/AW__000300_66_arroyo.npy,1024,768,0,arroyowaste_frozen,594f4fdb09c7e5f9f5d01e73b125ca189c47d56249f7e996753029e214138cf9,90f00d448fe2247088a956d58dbaaffa22b18e34646d789c64f8cff85e153216
AW__000300_67_arroyo,arroyowaste,AW_0066,000300_67_arroyo,train,train,images/AW__000300_67_arroyo.jpg,annotations/points/AW__000300_67_arroyo.npy,1024,768,95,arroyowaste_frozen,8e4535e3a290abfb1c82d7a3601db7b7d2518deef7ad4746576f8fd046a0afc1,d349ebc8df0f782e2d5b58ba64d198b26b243f987c07d0cf9d5e7f2d9620ef58
AW__000300_6_arroyo,arroyowaste,AW_0006,000300_6_arroyo,train,train,images/AW__000300_6_arroyo.jpg,annotations/points/AW__000300_6_arroyo.npy,1024,768,20,arroyowaste_frozen,6309b91afb915edb5556ef3451ebf2d74570843d873d96abc03c08d1666da598,02c40d19e9e8cfcb0f5ac14eebf0a79f1a1a8dbf977e8b699f6507bd550e4555
AW__000300_70_arroyo,arroyowaste,AW_0069,000300_70_arroyo,train,train,images/AW__000300_70_arroyo.jpg,annotations/points/AW__000300_70_arroyo.npy,1024,768,55,arroyowaste_frozen,32deb3ce3ea64190244fda8ea5073591c3cb6ae5a953cff51ab68bac79b9c1f9,66af9f158dea0f91ffa15db3d256e04190a36e556e0f60bf026afbbd10ee07ac
AW__000300_7_arroyo,arroyowaste,AW_0007,000300_7_arroyo,train,train,images/AW__000300_7_arroyo.jpg,annotations/points/AW__000300_7_arroyo.npy,1024,768,0,arroyowaste_frozen,0803497729557610e6faefb48429e4076dd51cb22b5c9abd2d48bfb3d81cb3f5,90f00d448fe2247088a956d58dbaaffa22b18e34646d789c64f8cff85e153216
AW__000301_10_arroyo,arroyowaste,AW_0010,000301_10_arroyo,train,train,images/AW__000301_10_arroyo.jpg,annotations/points/AW__000301_10_arroyo.npy,1024,768,35,arroyowaste_frozen,cfdd8424e7087d24313de2547db2fc1fe4e865b882281d31a13de2586076bd0e,5f0df8dd00a900f0f83992c352e415174307d02098bf7fff105f560ca9d1de11
AW__000301_11_arroyo,arroyowaste,AW_0011,000301_11_arroyo,train,train,images/AW__000301_11_arroyo.jpg,annotations/points/AW__000301_11_arroyo.npy,1024,768,10,arroyowaste_frozen,363257dfa29b105121e3ba18c473c1ee676a269c0cb146bceeba79006bbb40b7,b906ae750b5e1dff7e0037aeafb92f410e20a2e74667a9248a6a60d0684c48f6
AW__000301_12_arroyo,arroyowaste,AW_0012,000301_12_arroyo,train,train,images/AW__000301_12_arroyo.jpg,annotations/points/AW__000301_12_arroyo.npy,1024,768,7,arroyowaste_frozen,a27b735c4e5506d2e8c18d7b2f0261e9875618711c1e723314b344e716924b87,d174759bd36181dc08529a33eb57aad080af9330ca67652880cc6841ec54a116
AW__000301_13_arroyo,arroyowaste,AW_0013,000301_13_arroyo,train,train,images/AW__000301_13_arroyo.jpg,annotations/points/AW__000301_13_arroyo.npy,1024,768,1,arroyowaste_frozen,05f8d330896a51932a01b414096a08395fb9a87d698d4604e937e7119951c37e,ddcb32cbd86bb5523e1ae0ebd656d7b8e7735f029c98cf927a7438fded0ff164
AW__000301_14_arroyo,arroyowaste,AW_0014,000301_14_arroyo,train,train,images/AW__000301_14_arroyo.jpg,annotations/points/AW__000301_14_arroyo.npy,1024,768,6,arroyowaste_frozen,3f72f058fdd5c8bd3183ee7942542ae1e528f98d400047ee054d2d2f59457611,9cfa58117aedd421adbb33ad379f84c7cbb9eb08febb3e6356f18feb2fef0e2c
AW__000301_15_arroyo,arroyowaste,AW_0015,000301_15_arroyo,train,train,images/AW__000301_15_arroyo.jpg,annotations/points/AW__000301_15_arroyo.npy,1024,768,5,arroyowaste_frozen,4fa0104ba1ea85f357f975949a7403f29714cabfdc40192ebb696cfdee1455bd,fc55e3fa9ea6090984a50265687cb26b4793c220fff74aab98343094c62613e1
AW__000301_16_arroyo,arroyowaste,AW_0016,000301_16_arroyo,train,train,images/AW__000301_16_arroyo.jpg,annotations/points/AW__000301_16_arroyo.npy,1024,768,8,arroyowaste_frozen,68a167551d5cfbf2d54b6e916467b556a14e3b8e04d7cc7e10a1f304145c5c60,ae3c26501154e977f9f2e0ad29148ff271abefed08b07f4023f5e4bb7a83d681
AW__000301_18_arroyo,arroyowaste,AW_0018,000301_18_arroyo,train,train,images/AW__000301_18_arroyo.jpg,annotations/points/AW__000301_18_arroyo.npy,1024,768,0,arroyowaste_frozen,e184e4b16618c6ce884c38527c372518a9df2b01da0327a3e386241c4f8de7de,90f00d448fe2247088a956d58dbaaffa22b18e34646d789c64f8cff85e153216
AW__000301_19_arroyo,arroyowaste,AW_0019,000301_19_arroyo,train,train,images/AW__000301_19_arroyo.jpg,annotations/points/AW__000301_19_arroyo.npy,1024,768,33,arroyowaste_frozen,6ea494ec5b9a9ab6fa48cdaeb076c1809eed037d4dc6614e3cf9be50b62fbed0,1d7bfed9d2165234acfe6928176b6bfaf742207b34c8f4f7cc68c5700d6f4693
AW__000301_1_arroyo,arroyowaste,AW_0001,000301_1_arroyo,train,train,images/AW__000301_1_arroyo.jpg,annotations/points/AW__000301_1_arroyo.npy,1024,768,0,arroyowaste_frozen,bd49f3c07c13b70fc001d13a1ffd13eae90eefad5e87c24725bc50e40d2d0570,90f00d448fe2247088a956d58dbaaffa22b18e34646d789c64f8cff85e153216
AW__000301_20_arroyo,arroyowaste,AW_0020,000301_20_arroyo,train,train,images/AW__000301_20_arroyo.jpg,annotations/points/AW__000301_20_arroyo.npy,1024,768,9,arroyowaste_frozen,32b7761efeb5be36e187bf0617e9047c4e447f5125f1e505dba48368ffcf537a,c48df77d36bde15085aab9dfca2a253c41cfa65ede29235b173967e9cf5d46bb
AW__000301_25_arroyo,arroyowaste,AW_0025,000301_25_arroyo,train,train,images/AW__000301_25_arroyo.jpg,annotations/points/AW__000301_25_arroyo.npy,1024,768,4,arroyowaste_frozen,b7a297c4a73f0142963b343e735f748fd53a75c9aaf9c50424d1f0adcd59b6c9,5bc1f7f4a53764fd49716f9d8e83c0ca3d14b1b83b662ddfce9727e188de1d5e
AW__000301_26_arroyo,arroyowaste,AW_0026,000301_26_arroyo,train,train,images/AW__000301_26_arroyo.jpg,annotations/points/AW__000301_26_arroyo.npy,1024,768,0,arroyowaste_frozen,bc2934317c08c875ed600d698df45f94d507cfc57d99ee9d32750b53da1507d5,90f00d448fe2247088a956d58dbaaffa22b18e34646d789c64f8cff85e153216
AW__000301_27_arroyo,arroyowaste,AW_0027,000301_27_arroyo,train,train,images/AW__000301_27_arroyo.jpg,annotations/points/AW__000301_27_arroyo.npy,1024,768,1,arroyowaste_frozen,c4a82dba831fc4c03d2c27646c19aa79d4aa07869c39fe52bea0f1289ac6544d,523594101f11e3dc260f090b9465aa3536b2503b83f2755ce83d3e2adcf08d5c
AW__000301_29_arroyo,arroyowaste,AW_0028,000301_29_arroyo,train,train,images/AW__000301_29_arroyo.jpg,annotations/points/AW__000301_29_arroyo.npy,1024,768,41,arroyowaste_frozen,0a673bc4e243f232bc47c261fecefffba2553587fb97067a6750041b04e3497d,76ced72c4a5b834cc833b54e1193436e0f6d8b0c4fc38436eabb9c8fe8ad0924
AW__000301_30_arroyo,arroyowaste,AW_0029,000301_30_arroyo,train,train,images/AW__000301_30_arroyo.jpg,annotations/points/AW__000301_30_arroyo.npy,1024,768,32,arroyowaste_frozen,6f94caf77f258a6efd16321ef8d5dd117c78be445f79f8d798bf8988011d64af,b3a3077591f2f1c593c7896dad1221d853109453272e2a982e24d1e436ef977e
AW__000301_31_arroyo,arroyowaste,AW_0030,000301_31_arroyo,train,train,images/AW__000301_31_arroyo.jpg,annotations/points/AW__000301_31_arroyo.npy,1024,768,13,arroyowaste_frozen,7fdd720d6a72f99180942e2e1b7a8441eadd5ef893e9b1c12065b5e37cd01865,1b9a27590c704acff42abedcb046fffc3e05efa2c10c4848265eb4b88c6ca2e5
AW__000301_34_arroyo,arroyowaste,AW_0033,000301_34_arroyo,train,train,images/AW__000301_34_arroyo.jpg,annotations/points/AW__000301_34_arroyo.npy,1024,768,21,arroyowaste_frozen,d41e9ac494eb9c67cafc2e9ec1bfa6eb45519f5f04749386b09486b18427f8cd,4f8fb64b25128ba288e7bfc6009c0d3ae915d0d8f4d97fe46fe18ae6916af41d
AW__000301_35_arroyo,arroyowaste,AW_0034,000301_35_arroyo,train,train,images/AW__000301_35_arroyo.jpg,annotations/points/AW__000301_35_arroyo.npy,1024,768,36,arroyowaste_frozen,0f25ef69f205c262a7804706ee25d95558cb4f99fc5ab9082e132439aff100bf,007e4d4b5c63ca90005ea80610ed9e22843ca60d8ece5ebf9f00acfd0d56f507
AW__000301_36_arroyo,arroyowaste,AW_0035,000301_36_arroyo,train,train,images/AW__000301_36_arroyo.jpg,annotations/points/AW__000301_36_arroyo.npy,1024,768,34,arroyowaste_frozen,ef4d60581242a5093782bc0063ef8f95bdef52e9ce6e6efe519648d81277449d,1747d749c7c4a6f13066f0957a203b6503f1666726551a59af7daf5be1c21507
AW__000301_37_arroyo,arroyowaste,AW_0036,000301_37_arroyo,train,train,images/AW__000301_37_arroyo.jpg,annotations/points/AW__000301_37_arroyo.npy,1024,768,32,arroyowaste_frozen,e01eb058abae26080960d9b5ce020430924256be8ea101ba92692762178bf1a7,5388635f8e7ec1952c88296826edbd8f222e9c717f71fdfaf628ae8b5357f20d
AW__000301_38_arroyo,arroyowaste,AW_0037,000301_38_arroyo,train,train,images/AW__000301_38_arroyo.jpg,annotations/points/AW__000301_38_arroyo.npy,1024,768,1,arroyowaste_frozen,af681cc8d338b4ff18cdc312698a3f987643f1a4cd05c6ed49d0c17f45a5ebba,5fa052434f07c3b97b77bf06b5b128b7f91b0a294df795bb0dfa60c61da9bcc6
AW__000301_3_arroyo,arroyowaste,AW_0003,000301_3_arroyo,train,train,images/AW__000301_3_arroyo.jpg,annotations/points/AW__000301_3_arroyo.npy,1024,768,46,arroyowaste_frozen,e2756b0314be8c32531e97142e7306205f63452f081a16dbf47b217cf88fc9fa,708fe7b777a777b25daaf32fb901eae64968d7bbfcef2ac17ba642eef28687f7
AW__000301_40_arroyo,arroyowaste,AW_0039,000301_40_arroyo,train,train,images/AW__000301_40_arroyo.jpg,annotations/points/AW__000301_40_arroyo.npy,1024,768,1,arroyowaste_frozen,b14c766498c680fc8dc8ab0aeaac7551c666634529a7fc2bafa99fc9c1e29ae7,5696495ae7e0d2c6f94b91ac935810b0c7118e7ca09c0013adee43a0202225ee
AW__000301_41_arroyo,arroyowaste,AW_0040,000301_41_arroyo,train,train,images/AW__000301_41_arroyo.jpg,annotations/points/AW__000301_41_arroyo.npy,1024,768,0,arroyowaste_frozen,0b2c8ff5238c7a95fe031a9142e4a5c9e8a0593dd73d8cb2e732ba5b46f6e7f0,90f00d448fe2247088a956d58dbaaffa22b18e34646d789c64f8cff85e153216
AW__000301_46_arroyo,arroyowaste,AW_0045,000301_46_arroyo,train,train,images/AW__000301_46_arroyo.jpg,annotations/points/AW__000301_46_arroyo.npy,1024,768,5,arroyowaste_frozen,4ab0d0536161b29be924ea6d6b7d889344351897871d1531a602d47d3d381b94,3a4926dec9eb3fcde446625e01dd61524692af6f4376e48438179080b23e1355
AW__000301_47_arroyo,arroyowaste,AW_0046,000301_47_arroyo,train,train,images/AW__000301_47_arroyo.jpg,annotations/points/AW__000301_47_arroyo.npy,1024,768,170,arroyowaste_frozen,342a083a137014e4b1ac5bec4ebf1da34d6e515a300427ae8aaf4c21e8ae8791,16fff8c41fb395c9febec999e15c8bfeebce46a3b92f1ff514e652623dc1f40c
AW__000301_48_arroyo,arroyowaste,AW_0047,000301_48_arroyo,train,train,images/AW__000301_48_arroyo.jpg,annotations/points/AW__000301_48_arroyo.npy,1024,768,4,arroyowaste_frozen,e6fead00ebf842632b94e972fb506876a5ca84f2dd440ebc1f55b5090973b284,2d9fd65d3e0153a528b7300de16282c8d60e7ca22dc0a3354a42c6834a620bad
AW__000301_4_arroyo,arroyowaste,AW_0004,000301_4_arroyo,train,train,images/AW__000301_4_arroyo.jpg,annotations/points/AW__000301_4_arroyo.npy,1024,768,22,arroyowaste_frozen,ca1a17d537d747c2d89ed697b1ba1203c6b6d5d682b320bbfdef2c81960c282b,21b9ce2a66cc4dd3509c16fd23213d4ae3bde22a3a0b267e8cd9925117728311
AW__000301_51_arroyo,arroyowaste,AW_0050,000301_51_arroyo,train,train,images/AW__000301_51_arroyo.jpg,annotations/points/AW__000301_51_arroyo.npy,1024,768,15,arroyowaste_frozen,726a22736653068962dde7ea69208b444d92fbcf2818e9f2afb40537e259d7f3,3217d6f756dd436bc047e064f7fac43dea7c14893c80658f2774e33c8212fdc9
AW__000301_52_arroyo,arroyowaste,AW_0051,000301_52_arroyo,train,train,images/AW__000301_52_arroyo.jpg,annotations/points/AW__000301_52_arroyo.npy,1024,768,0,arroyowaste_frozen,a12186887ab35d19f325fa3c7e7b116e03dff72f7ce2eb6ce104897c870ebc9b,90f00d448fe2247088a956d58dbaaffa22b18e34646d789c64f8cff85e153216
AW__000301_53_arroyo,arroyowaste,AW_0052,000301_53_arroyo,train,train,images/AW__000301_53_arroyo.jpg,annotations/points/AW__000301_53_arroyo.npy,1024,768,4,arroyowaste_frozen,dcd442ab814850ba24270ce841ee3397872e421a385dde6c4aa2ad6818fec078,7c79b4ccf073702d081e40018953212d43fa369e10d8f05aa2cb836cbeab23f4
AW__000301_54_arroyo,arroyowaste,AW_0053,000301_54_arroyo,train,train,images/AW__000301_54_arroyo.jpg,annotations/points/AW__000301_54_arroyo.npy,1024,768,3,arroyowaste_frozen,0136fa7788a7595ac2a09be66510ebdfd152d6e9a8e9df36dd5e05004cd7e07e,dc72b7225f9b65f57384a2b316d6434abd532ffc901a9ac480e4b0211b75b054
AW__000301_55_arroyo,arroyowaste,AW_0054,000301_55_arroyo,train,train,images/AW__000301_55_arroyo.jpg,annotations/points/AW__000301_55_arroyo.npy,1024,768,23,arroyowaste_frozen,adb657f1dd577aad15644fb2415a06dc0e6884dae93f1cdb7636ec3da448ae02,3df6e4c113870260e86f0366651a26e2632b50d36bb93723f20c5fa971f44918
AW__000301_56_arroyo,arroyowaste,AW_0055,000301_56_arroyo,train,train,images/AW__000301_56_arroyo.jpg,annotations/points/AW__000301_56_arroyo.npy,1024,768,8,arroyowaste_frozen,304a2388b6d5eb41f30ee8baab1c872c08e696d863ab7f220ef2957590a2fd1c,37f0fa764f83f6c944e40d04bdd81372492d10f1e56a313d7740fe494429d385
AW__000301_57_arroyo,arroyowaste,AW_0056,000301_57_arroyo,train,train,images/AW__000301_57_arroyo.jpg,annotations/points/AW__000301_57_arroyo.npy,1024,768,22,arroyowaste_frozen,618e7ae5d04852fe3f14a89a75a1962161f7543664e5cb73af896f0ea213d6ac,3b965fc411d181ea48f4b099d05a1c4e789cb7774caffd3137647098a118622d
AW__000301_58_arroyo,arroyowaste,AW_0057,000301_58_arroyo,train,train,images/AW__000301_58_arroyo.jpg,annotations/points/AW__000301_58_arroyo.npy,1024,768,3,arroyowaste_frozen,bca41a4800d2db7e5013f1c8403147356616f985a85e314048c7866b175b5a55,be97c1478a0ac0b7aa0df53befb7444f1d18fd933629b3230c1bf65034b6ac42
AW__000301_59_arroyo,arroyowaste,AW_0058,000301_59_arroyo,train,train,images/AW__000301_59_arroyo.jpg,annotations/points/AW__000301_59_arroyo.npy,1024,768,19,arroyowaste_frozen,a90ebcde923afc5e9803f88644a53eb280b9fc776220dae23505b9d79c039727,79b5c4b0036ccded2d7940e48c2821b7df048393081817e601b3ddbca81095d3
AW__000301_5_arroyo,arroyowaste,AW_0005,000301_5_arroyo,train,train,images/AW__000301_5_arroyo.jpg,annotations/points/AW__000301_5_arroyo.npy,1024,768,2,arroyowaste_frozen,6c37d1ed468bc1b5e11bc8079ad622c68db851b3e9bccbe3b8a2d44e1600ebac,ffcedf3169e3232e67b3045c63f8ff3804e97e3aa329bbe95fbb04dc730735c2
AW__000301_61_arroyo,arroyowaste,AW_0060,000301_61_arroyo,train,train,images/AW__000301_61_arroyo.jpg,annotations/points/AW__000301_61_arroyo.npy,1024,768,0,arroyowaste_frozen,436c3e69ce2ae684e8b65501a07ebbd4a2555b27827585012c58a64bfb113d2b,90f00d448fe2247088a956d58dbaaffa22b18e34646d789c64f8cff85e153216
AW__000301_62_arroyo,arroyowaste,AW_0061,000301_62_arroyo,train,train,images/AW__000301_62_arroyo.jpg,annotations/points/AW__000301_62_arroyo.npy,1024,768,2,arroyowaste_frozen,ef70605fd173abad1c739b716dc265bcf80ed57e0a245d21a4d339418e9f0a28,47293c9be9c72d0d14bb8fbc0d5546a494a000896ea73438065155e7669c10b9
AW__000301_63_arroyo,arroyowaste,AW_0062,000301_63_arroyo,train,train,images/AW__000301_63_arroyo.jpg,annotations/points/AW__000301_63_arroyo.npy,1024,768,34,arroyowaste_frozen,07ff39686c9a07c6a60bf68fbf340132775f421567b9d7bfe01f35d54ba8f53d,830801c72f595374fcfccb8114641e8d2ac5cc72b30a72dfe0154552234730e7
AW__000301_64_arroyo,arroyowaste,AW_0063,000301_64_arroyo,train,train,images/AW__000301_64_arroyo.jpg,annotations/points/AW__000301_64_arroyo.npy,1024,768,0,arroyowaste_frozen,8537f11410932546da8603f3bdb1655ea84cbd2ed0aed5d17fa5f5382b34f835,90f00d448fe2247088a956d58dbaaffa22b18e34646d789c64f8cff85e153216
AW__000301_65_arroyo,arroyowaste,AW_0064,000301_65_arroyo,train,train,images/AW__000301_65_arroyo.jpg,annotations/points/AW__000301_65_arroyo.npy,1024,768,223,arroyowaste_frozen,f46e31c8b4d88ad4d0eea82094f20a8969ae1d533788b52f851d79ec8dcab235,fa372a094db1ed39419981ebe724d99b3433c449aa002587feb0ec24d180ab81
AW__000301_66_arroyo,arroyowaste,AW_0065,000301_66_arroyo,train,train,images/AW__000301_66_arroyo.jpg,annotations/points/AW__000301_66_arroyo.npy,1024,768,18,arroyowaste_frozen,f5bc8a604b7b98ab2c32f46c0f0e089c576f9d350d6f3e1b3970a9983206160e,5b2839947be71dd746a37a2b587a90ae4c092482d7109573288b927e928f11ed
AW__000301_67_arroyo,arroyowaste,AW_0066,000301_67_arroyo,train,train,images/AW__000301_67_arroyo.jpg,annotations/points/AW__000301_67_arroyo.npy,1024,768,0,arroyowaste_frozen,1e6547f601e513c9e7e118f17b6cea8bc66b15fe884f13da9b3116992852fd43,90f00d448fe2247088a956d58dbaaffa22b18e34646d789c64f8cff85e153216
AW__000301_6_arroyo,arroyowaste,AW_0006,000301_6_arroyo,train,train,images/AW__000301_6_arroyo.jpg,annotations/points/AW__000301_6_arroyo.npy,1024,768,0,arroyowaste_frozen,07baad4ca8f4583880046778b3ba4963799fee9680171d723a8d5e01c8a8a13c,90f00d448fe2247088a956d58dbaaffa22b18e34646d789c64f8cff85e153216
AW__000301_70_arroyo,arroyowaste,AW_0069,000301_70_arroyo,train,train,images/AW__000301_70_arroyo.jpg,annotations/points/AW__000301_70_arroyo.npy,1024,768,89,arroyowaste_frozen,4f21c7163c9b4b9ea6373f1f1792d9f3add632eb7104cf8053d16af6831646f6,f62d525599d94c0819229c208903bab80c4e23bdafe86c02b1a775f66fd38ffd
AW__000301_7_arroyo,arroyowaste,AW_0007,000301_7_arroyo,train,train,images/AW__000301_7_arroyo.jpg,annotations/points/AW__000301_7_arroyo.npy,1024,768,0,arroyowaste_frozen,dd11e429b8909a68d8080315a0f1c5a5989f148924039aef192de771825e2383,90f00d448fe2247088a956d58dbaaffa22b18e34646d789c64f8cff85e153216
AW__000320_10_arroyo,arroyowaste,AW_0010,000320_10_arroyo,train,train,images/AW__000320_10_arroyo.jpg,annotations/points/AW__000320_10_arroyo.npy,1024,768,72,arroyowaste_frozen,1d031a779e48f28d39a5215a61a72922c7c256cfea5327c500504219f06dc537,c2f8f380d4eb8c34730b1d56a1cb0785b021a510b437f9a35f4493c3607c79d4
AW__000320_11_arroyo,arroyowaste,AW_0011,000320_11_arroyo,train,train,images/AW__000320_11_arroyo.jpg,annotations/points/AW__000320_11_arroyo.npy,1024,768,9,arroyowaste_frozen,207bf493dca6b239003a1b317ed7b6e492e930939552db188ae05ba9797666c5,1f7f9f12a6932c0445f96d29bc926121f6431a35954aa8d498dbeb06671a4635
AW__000320_12_arroyo,arroyowaste,AW_0012,000320_12_arroyo,train,train,images/AW__000320_12_arroyo.jpg,annotations/points/AW__000320_12_arroyo.npy,1024,768,0,arroyowaste_frozen,f85f279571f89c7ff130d3316fe8d0eff9f6c36fb35d9351f0da4a58c56698b0,90f00d448fe2247088a956d58dbaaffa22b18e34646d789c64f8cff85e153216
AW__000320_13_arroyo,arroyowaste,AW_0013,000320_13_arroyo,train,train,images/AW__000320_13_arroyo.jpg,annotations/points/AW__000320_13_arroyo.npy,1024,768,76,arroyowaste_frozen,3b8f63dd68a79257da760f097a08e891c2481786bd6992a7d2bb44ab4da9c98b,1316f3fe5535b3b82bd8040e502b6c40dc3137bfbcab46feec715e3d1be05106
AW__000320_14_arroyo,arroyowaste,AW_0014,000320_14_arroyo,train,train,images/AW__000320_14_arroyo.jpg,annotations/points/AW__000320_14_arroyo.npy,1024,768,49,arroyowaste_frozen,be0f5de53394596cd0d4e167feca5635da0bb7c824a62c15d75b12b137f2751f,3a9e1193d5aaa3d60ba7dd8afd5c3d8442fac6fff13727e64d0e8114df542095
AW__000320_15_arroyo,arroyowaste,AW_0015,000320_15_arroyo,train,train,images/AW__000320_15_arroyo.jpg,annotations/points/AW__000320_15_arroyo.npy,1024,768,6,arroyowaste_frozen,e6e8ed496d446ad38021f1909a29a2b9ce33ceceab816846096cc52f5145d060,5befc2f1e3645e8105c3633e74c1fbf791b35a2c25bddc09b28e135c1a2668b1
AW__000320_16_arroyo,arroyowaste,AW_0016,000320_16_arroyo,train,train,images/AW__000320_16_arroyo.jpg,annotations/points/AW__000320_16_arroyo.npy,1024,768,13,arroyowaste_frozen,65194c8b598c32d52ac8d50f8c07109d5a166c50b502c218874d84288176d991,8b9cc049e589ad262b300f54fcb1aaaf74a1f46d9484512103b7dba9cf3e1f3e
AW__000320_18_arroyo,arroyowaste,AW_0018,000320_18_arroyo,train,train,images/AW__000320_18_arroyo.jpg,annotations/points/AW__000320_18_arroyo.npy,1024,768,10,arroyowaste_frozen,d6c84770e08d8d2036acb88acdb6cc8253339f7645635c8b9495f03d2d1fee65,dedb9a1274db6cd2ea17048775a785ce68d83b6f2e5cd0dc20cfd6660cfc4616
AW__000320_19_arroyo,arroyowaste,AW_0019,000320_19_arroyo,train,train,images/AW__000320_19_arroyo.jpg,annotations/points/AW__000320_19_arroyo.npy,1024,768,31,arroyowaste_frozen,0f9ba2b1d96c439d4d0cb851d600428fbc3bb8a7cfdb8827a5a5b7d3490dc6e8,f9bb1b64a1f8b9c393d7af7eb7e2a268ac5e8ceb3ee8d122540d2ced9210baf8
AW__000320_1_arroyo,arroyowaste,AW_0001,000320_1_arroyo,train,train,images/AW__000320_1_arroyo.jpg,annotations/points/AW__000320_1_arroyo.npy,1024,768,7,arroyowaste_frozen,6a368dddb8268337f9bcc0143f7bd1d338487eff4ecdb73fe0935398808254b1,8c015b30a79a55b23e63423cac10d8f277b05f8d9e8424f140df526020054eec
AW__000320_20_arroyo,arroyowaste,AW_0020,000320_20_arroyo,train,train,images/AW__000320_20_arroyo.jpg,annotations/points/AW__000320_20_arroyo.npy,1024,768,0,arroyowaste_frozen,90f9d0f4aa4f2b413f42e8696a658ef7b303eeaa84c432ea01381c4fffabeac2,90f00d448fe2247088a956d58dbaaffa22b18e34646d789c64f8cff85e153216
AW__000320_25_arroyo,arroyowaste,AW_0025,000320_25_arroyo,train,train,images/AW__000320_25_arroyo.jpg,annotations/points/AW__000320_25_arroyo.npy,1024,768,11,arroyowaste_frozen,f00b9f33b35e2c53e49df042a872d6e53ea158121ef94e277ff1f80a361f9448,f17f49d8be7407870143829f5fd97f9e0fd9fc313fce1ef013fa6c965bb45094
AW__000320_26_arroyo,arroyowaste,AW_0026,000320_26_arroyo,train,train,images/AW__000320_26_arroyo.jpg,annotations/points/AW__000320_26_arroyo.npy,1024,768,0,arroyowaste_frozen,1e62ca7fc8d59cf98a4360263e9ebc4bca6d1adb846cac1056c6fdfa23e620fb,90f00d448fe2247088a956d58dbaaffa22b18e34646d789c64f8cff85e153216
AW__000320_27_arroyo,arroyowaste,AW_0027,000320_27_arroyo,train,train,images/AW__000320_27_arroyo.jpg,annotations/points/AW__000320_27_arroyo.npy,1024,768,0,arroyowaste_frozen,9eedf76916531f74538ef822601700ee194a0e1006d6dc998721062be5ac4cc1,90f00d448fe2247088a956d58dbaaffa22b18e34646d789c64f8cff85e153216
AW__000320_29_arroyo,arroyowaste,AW_0028,000320_29_arroyo,train,train,images/AW__000320_29_arroyo.jpg,annotations/points/AW__000320_29_arroyo.npy,1024,768,4,arroyowaste_frozen,4c88419ae5a4caa8e938798bbd1685c90c6458992aaa2d323b2c1c1444f1acc6,fe2c93850755e80c90e79af9cbae5d5c59a5497f1a99c58194b07fab3f0eedcd
AW__000320_30_arroyo,arroyowaste,AW_0029,000320_30_arroyo,train,train,images/AW__000320_30_arroyo.jpg,annotations/points/AW__000320_30_arroyo.npy,1024,768,16,arroyowaste_frozen,14eeb0b9c844c403573e8ddabfc79a7f624d8a36837e30853493b4cec0704a40,399df121ac275e78a80ef2a48b34fd408067b712edcf7b33f49ec918bb23b23a
AW__000320_31_arroyo,arroyowaste,AW_0030,000320_31_arroyo,train,train,images/AW__000320_31_arroyo.jpg,annotations/points/AW__000320_31_arroyo.npy,1024,768,14,arroyowaste_frozen,305540f94f1493c11d73bbcd38a8f1d90e33b7d8616d1c5823e74e23a847e542,eaea106e30cbf77f0207cca54239993a5ddea47d86c5b88587c57935195c2e2c
AW__000320_34_arroyo,arroyowaste,AW_0033,000320_34_arroyo,train,train,images/AW__000320_34_arroyo.jpg,annotations/points/AW__000320_34_arroyo.npy,1024,768,0,arroyowaste_frozen,f5ccab7ad5c4119dbab215738476241fb353c51acf36323c2f880f021a9756bd,90f00d448fe2247088a956d58dbaaffa22b18e34646d789c64f8cff85e153216
AW__000320_35_arroyo,arroyowaste,AW_0034,000320_35_arroyo,train,train,images/AW__000320_35_arroyo.jpg,annotations/points/AW__000320_35_arroyo.npy,1024,768,1,arroyowaste_frozen,049fba3e51f824768c4d9f7e7561cb97474f4468eb37111b3b60711075437934,d43b3fdbc5630bafbc6e4162d6b23280f900ab9947f8aae0737b3f5853ad0e3b
AW__000320_36_arroyo,arroyowaste,AW_0035,000320_36_arroyo,train,train,images/AW__000320_36_arroyo.jpg,annotations/points/AW__000320_36_arroyo.npy,1024,768,30,arroyowaste_frozen,e89621b8b65f450e560ef00d8014b2555d2fb79f9385332eff40ebb36a1fea8a,2c072dd5bf759826688e8d79f14abd353f29aa38104a925e93252c8c9b95336a
AW__000320_37_arroyo,arroyowaste,AW_0036,000320_37_arroyo,train,train,images/AW__000320_37_arroyo.jpg,annotations/points/AW__000320_37_arroyo.npy,1024,768,0,arroyowaste_frozen,a143106bb6000f63367f04093292f1013fb334f5347c50340f2631eac63626e2,90f00d448fe2247088a956d58dbaaffa22b18e34646d789c64f8cff85e153216
AW__000320_38_arroyo,arroyowaste,AW_0037,000320_38_arroyo,train,train,images/AW__000320_38_arroyo.jpg,annotations/points/AW__000320_38_arroyo.npy,1024,768,1,arroyowaste_frozen,7411b4dc2638200750fe1dec852c48b72d5079519cc4d4db40d904a4d4d711a8,f2513753a60316f2921965cfc8859b30edda28c0ac88d3ce05397d8aa03e1e0b
AW__000320_3_arroyo,arroyowaste,AW_0003,000320_3_arroyo,train,train,images/AW__000320_3_arroyo.jpg,annotations/points/AW__000320_3_arroyo.npy,1024,768,45,arroyowaste_frozen,c0acfd9c5d1905166218d6daaf78bcdf1c02137635de0b1935fe415f78b8a1ca,2db87a7673c290af073f9b1cf108639d68a94a569c5436b4e487cfbe4bf7b061
AW__000320_40_arroyo,arroyowaste,AW_0039,000320_40_arroyo,train,train,images/AW__000320_40_arroyo.jpg,annotations/points/AW__000320_40_arroyo.npy,1024,768,0,arroyowaste_frozen,330b12690661861f2f22f78a4f19e99101848d1351029dbfed5492a8388cf5b6,90f00d448fe2247088a956d58dbaaffa22b18e34646d789c64f8cff85e153216
AW__000320_41_arroyo,arroyowaste,AW_0040,000320_41_arroyo,train,train,images/AW__000320_41_arroyo.jpg,annotations/points/AW__000320_41_arroyo.npy,1024,768,0,arroyowaste_frozen,5af72a498ebedb1f9a9a99cbf87bc83d47c8e78aaaa5e15cd95042b2bcf6c769,90f00d448fe2247088a956d58dbaaffa22b18e34646d789c64f8cff85e153216
AW__000320_46_arroyo,arroyowaste,AW_0045,000320_46_arroyo,train,train,images/AW__000320_46_arroyo.jpg,annotations/points/AW__000320_46_arroyo.npy,1024,768,5,arroyowaste_frozen,bbad0b8094ec44c5460cbdda2b19b7a896dc7916908287807adccacf987c64b3,c57dde4d9e23bfd75f1a5db6cddc91745714c02b1a75957c4df36ac81715d989
AW__000320_47_arroyo,arroyowaste,AW_0046,000320_47_arroyo,train,train,images/AW__000320_47_arroyo.jpg,annotations/points/AW__000320_47_arroyo.npy,1024,768,14,arroyowaste_frozen,b5894c0efa176dca64b901c622a562318da8942c9d754b0bbf83d239db2ff018,4a573cea24f05f5ab59e0e0b4dbdf67d78c2c4370bc6d55144ad95a8cbd9a8bf
AW__000320_48_arroyo,arroyowaste,AW_0047,000320_48_arroyo,train,train,images/AW__000320_48_arroyo.jpg,annotations/points/AW__000320_48_arroyo.npy,1024,768,9,arroyowaste_frozen,21e02801e8254b147efc0288926b4aa7a63e73bf44ca163f94779256ba927328,9e89412d1ec97be7923bc1805012ed27f9a6ec26d56c8f3ffde7fd3c44858c0f
AW__000320_4_arroyo,arroyowaste,AW_0004,000320_4_arroyo,train,train,images/AW__000320_4_arroyo.jpg,annotations/points/AW__000320_4_arroyo.npy,1024,768,2,arroyowaste_frozen,1a1fee66cdd54903f539a4d1ad52c2ba3f329ee0bd126279a39c9cc37be25b86,7b0a67e2f33a8416d76bec24998ebf7f77e64c625dc0cce32a2cbaf80da09a54
AW__000320_51_arroyo,arroyowaste,AW_0050,000320_51_arroyo,train,train,images/AW__000320_51_arroyo.jpg,annotations/points/AW__000320_51_arroyo.npy,1024,768,12,arroyowaste_frozen,635e3216654c8b79723aa245cd0257c1f5aaa096b11862fd0f53cdfcb7c4e872,37d8f1fd5107cb00b21cbde79af704e5899303602a00448c3edb47e008f450a0
AW__000320_52_arroyo,arroyowaste,AW_0051,000320_52_arroyo,train,train,images/AW__000320_52_arroyo.jpg,annotations/points/AW__000320_52_arroyo.npy,1024,768,5,arroyowaste_frozen,7d5f611b48658fa15ec56b274d204aad4a1bc8d12e81080109ec569141e90890,4bdd485732b3a9efa95dbda70f53ae0fd3ff17ff5038321c69faefb9c0b13f8d
AW__000320_53_arroyo,arroyowaste,AW_0052,000320_53_arroyo,train,train,images/AW__000320_53_arroyo.jpg,annotations/points/AW__000320_53_arroyo.npy,1024,768,0,arroyowaste_frozen,9c0a0b5a9059712336f9deb77be1e551df9935f9c0a865bcdf03d43fe1b700c2,90f00d448fe2247088a956d58dbaaffa22b18e34646d789c64f8cff85e153216
AW__000320_54_arroyo,arroyowaste,AW_0053,000320_54_arroyo,train,train,images/AW__000320_54_arroyo.jpg,annotations/points/AW__000320_54_arroyo.npy,1024,768,32,arroyowaste_frozen,4d4778d283631065f2dcba041b6ec3f7a442651f41e82734f709f5907c7eacc3,c2a8a213098ed58c92baf4a77a626318cda23610e4aeafd9670f9b6655f4ae29
AW__000320_55_arroyo,arroyowaste,AW_0054,000320_55_arroyo,train,train,images/AW__000320_55_arroyo.jpg,annotations/points/AW__000320_55_arroyo.npy,1024,768,0,arroyowaste_frozen,ddec8fdff831d42b497289b1f64406a51fca74758952331503df4db83130a821,90f00d448fe2247088a956d58dbaaffa22b18e34646d789c64f8cff85e153216
AW__000320_56_arroyo,arroyowaste,AW_0055,000320_56_arroyo,train,train,images/AW__000320_56_arroyo.jpg,annotations/points/AW__000320_56_arroyo.npy,1024,768,3,arroyowaste_frozen,217c97fca8080b598d30dba41859b06b834702fc67216d1cf18cd88cacc68e7a,b6b8b852015ebcaf60148f28e789b721ba7734ae2b13f1c7e6ebed6a562235eb
AW__000320_57_arroyo,arroyowaste,AW_0056,000320_57_arroyo,train,train,images/AW__000320_57_arroyo.jpg,annotations/points/AW__000320_57_arroyo.npy,1024,768,0,arroyowaste_frozen,830be4a0848553dd1b7708e84de11a4045016e5893e54e0ad081a37a97e2898b,90f00d448fe2247088a956d58dbaaffa22b18e34646d789c64f8cff85e153216
AW__000320_58_arroyo,arroyowaste,AW_0057,000320_58_arroyo,train,train,images/AW__000320_58_arroyo.jpg,annotations/points/AW__000320_58_arroyo.npy,1024,768,43,arroyowaste_frozen,ae4a749dfe1a23a149eea258899bdcde6323bfd183c3c575b465b3290a20b66b,db407d46c3e713e883def596909b514dd0cf1349ff19c79ab5654ad078bdbc03
AW__000320_59_arroyo,arroyowaste,AW_0058,000320_59_arroyo,train,train,images/AW__000320_59_arroyo.jpg,annotations/points/AW__000320_59_arroyo.npy,1024,768,41,arroyowaste_frozen,615fb793df293305e8413a12f07d2f349750f8ebe83d58fb7c144687c2224cfb,0cbdb9365e9d53ddfed10bce9113e51c0363a8f60d00334b952e0f437a5634cb
AW__000320_5_arroyo,arroyowaste,AW_0005,000320_5_arroyo,train,train,images/AW__000320_5_arroyo.jpg,annotations/points/AW__000320_5_arroyo.npy,1024,768,12,arroyowaste_frozen,bdba2480ff77d08d5e2e5ce45bd6c0b31522e6b446f17b28a786c0f141399501,ca265a4179d56fcf37cc82890fffc815c3803622548b098a51cf8f5528ce8e9a
AW__000320_61_arroyo,arroyowaste,AW_0060,000320_61_arroyo,train,train,images/AW__000320_61_arroyo.jpg,annotations/points/AW__000320_61_arroyo.npy,1024,768,0,arroyowaste_frozen,2b255de49b70f641a54d6a0641014edafa91c04f1889ddb2a2ade6016592baa7,90f00d448fe2247088a956d58dbaaffa22b18e34646d789c64f8cff85e153216
AW__000320_62_arroyo,arroyowaste,AW_0061,000320_62_arroyo,train,train,images/AW__000320_62_arroyo.jpg,annotations/points/AW__000320_62_arroyo.npy,1024,768,2,arroyowaste_frozen,9a6bfd087fdc6564f7b375cb0d42d9361b6930ae114fc0ebd78ff7fd27b052ca,1b57e16742313a47234b20456333de971cb5c7e7042806726f3a8ebe78ab528c
AW__000320_63_arroyo,arroyowaste,AW_0062,000320_63_arroyo,train,train,images/AW__000320_63_arroyo.jpg,annotations/points/AW__000320_63_arroyo.npy,1024,768,29,arroyowaste_frozen,bf786083ecf3954d9fe2ae77b4e312caadfa5881923f57914e5d0da3dcaa5f51,a6916af65eccc1e74a374731d5f96f3ed24eeb8221074d47f5ce6214f0f0c96b
AW__000320_64_arroyo,arroyowaste,AW_0063,000320_64_arroyo,train,train,images/AW__000320_64_arroyo.jpg,annotations/points/AW__000320_64_arroyo.npy,1024,768,183,arroyowaste_frozen,06b4b90473920472996c2b88a155e54de197e922c2b2a2b743544a0f3857bad3,34e5e4c47ca0a2f4f3e2c0cb678ed6b3a9fb4a9d8b1546479d844aec0e520697
AW__000320_65_arroyo,arroyowaste,AW_0064,000320_65_arroyo,train,train,images/AW__000320_65_arroyo.jpg,annotations/points/AW__000320_65_arroyo.npy,1024,768,188,arroyowaste_frozen,91801c2d9df99777f4990bc196bde94a97b2390c170c994bafc6ed55415d19ec,f37789ef748eea822c004f7a39649f68c74d440d71f9c819e264ab57fb0e1e49
AW__000320_66_arroyo,arroyowaste,AW_0065,000320_66_arroyo,train,train,images/AW__000320_66_arroyo.jpg,annotations/points/AW__000320_66_arroyo.npy,1024,768,11,arroyowaste_frozen,afaeb9d924335ad096c432e56e0f3eb68a9fd33e725a654e8871847d6a267d92,188ffc6859b4380b219c2022ce87083278ba3dcea6bb399e15570df760b0a3ac
AW__000320_67_arroyo,arroyowaste,AW_0066,000320_67_arroyo,train,train,images/AW__000320_67_arroyo.jpg,annotations/points/AW__000320_67_arroyo.npy,1024,768,0,arroyowaste_frozen,b30030f79162701c0156dcf3e894e6638fbf0f8705273a03708a8053b02898b7,90f00d448fe2247088a956d58dbaaffa22b18e34646d789c64f8cff85e153216
AW__000320_6_arroyo,arroyowaste,AW_0006,000320_6_arroyo,train,train,images/AW__000320_6_arroyo.jpg,annotations/points/AW__000320_6_arroyo.npy,1024,768,0,arroyowaste_frozen,dee0089210f4ce95ad1187098c8b0b3a0d8de5f50f3bf96b6f87cae7fe2072eb,90f00d448fe2247088a956d58dbaaffa22b18e34646d789c64f8cff85e153216
AW__000320_70_arroyo,arroyowaste,AW_0069,000320_70_arroyo,train,train,images/AW__000320_70_arroyo.jpg,annotations/points/AW__000320_70_arroyo.npy,1024,768,17,arroyowaste_frozen,77f29dd0f9bd9e3c563cfb8c01c486fd8b40ebb689653d2ad1ac6af488b5ba2b,3945bb55824fe594eb95e76cd5719a704ae13ea2c80a9336351dede1f3271533
AW__000320_7_arroyo,arroyowaste,AW_0007,000320_7_arroyo,train,train,images/AW__000320_7_arroyo.jpg,annotations/points/AW__000320_7_arroyo.npy,1024,768,0,arroyowaste_frozen,21a28b292e47a7229bc0f435e677bcaff70f32b5c921b062ab65aa7d085ef458,90f00d448fe2247088a956d58dbaaffa22b18e34646d789c64f8cff85e153216
AW__000321_10_arroyo,arroyowaste,AW_0010,000321_10_arroyo,train,train,images/AW__000321_10_arroyo.jpg,annotations/points/AW__000321_10_arroyo.npy,1024,768,20,arroyowaste_frozen,74555689cf16c923f6f23f39a00eedd7859d1518af85dfaadb94961fd5f82987,3e2396a636e9e6784de489aaa74efcf230a3fc3825681af4a63de4029425ec6e
AW__000321_11_arroyo,arroyowaste,AW_0011,000321_11_arroyo,train,train,images/AW__000321_11_arroyo.jpg,annotations/points/AW__000321_11_arroyo.npy,1024,768,1,arroyowaste_frozen,03047ef5bb5bc18164a76deae130e00fe2429b9ecfdb16d0f9357bae0bdc2de5,8b3b0b9c5c5c936132f4a9c783e949b2d26e94a329d803c7226323671376bff7
AW__000321_12_arroyo,arroyowaste,AW_0012,000321_12_arroyo,train,train,images/AW__000321_12_arroyo.jpg,annotations/points/AW__000321_12_arroyo.npy,1024,768,8,arroyowaste_frozen,a1ff4eb11dcc0b31fd766013c6639c1e536829c5981581e78ac70f313d5c2abf,0c063a64248fb30a19c8095bc915c1d9d6794ebe4f52e47f9d4bad1f52c7c2a4
AW__000321_13_arroyo,arroyowaste,AW_0013,000321_13_arroyo,train,train,images/AW__000321_13_arroyo.jpg,annotations/points/AW__000321_13_arroyo.npy,1024,768,22,arroyowaste_frozen,36b87bb681c1acf04983af54dcc4177aa272bcc014e0a34a6e054962086d50be,253b4f486b79ebb10c5d8cf511b00a68a4e9caf675af6644393e677d1fd24f5e
AW__000321_14_arroyo,arroyowaste,AW_0014,000321_14_arroyo,train,train,images/AW__000321_14_arroyo.jpg,annotations/points/AW__000321_14_arroyo.npy,1024,768,5,arroyowaste_frozen,8d8e79e4c938e2b1b3a1a5a8d7ec868565f0b4c2d8ee5edbc443cfd08f9776da,e0a1d6f8204fbae87dd9fb45290fd557944afdb4e2f72262763aed9187bb1ddf
AW__000321_15_arroyo,arroyowaste,AW_0015,000321_15_arroyo,train,train,images/AW__000321_15_arroyo.jpg,annotations/points/AW__000321_15_arroyo.npy,1024,768,7,arroyowaste_frozen,4b9be877bf4aeed03ee21fbd39b4c3a52be2956d226561491cab0d24bc9429c4,c3cfb17963108a6983588dbdaee45f03856b68f26d57c79b03e4679234e67ad2
AW__000321_16_arroyo,arroyowaste,AW_0016,000321_16_arroyo,train,train,images/AW__000321_16_arroyo.jpg,annotations/points/AW__000321_16_arroyo.npy,1024,768,1,arroyowaste_frozen,8bbc65e4c73d0744285022b852a875a6369e9d19f43b742e92f5dcdf259fd712,9b45bdfa3256ddeef577284e5511e73a23d0f205f7d17f0f45a02e321669de59
AW__000321_18_arroyo,arroyowaste,AW_0018,000321_18_arroyo,train,train,images/AW__000321_18_arroyo.jpg,annotations/points/AW__000321_18_arroyo.npy,1024,768,17,arroyowaste_frozen,c0987d6116281597ef27b024518acf112b5fb3814e19efa246e26f823145d948,6a6f82c119752acaaf6e6f0141d87f7d91d214a1a0a0012cd8832c6a871092b1
AW__000321_19_arroyo,arroyowaste,AW_0019,000321_19_arroyo,train,train,images/AW__000321_19_arroyo.jpg,annotations/points/AW__000321_19_arroyo.npy,1024,768,26,arroyowaste_frozen,b804a86ec8112ee7e9948f1d4430d13c01bf84417312dfcbc6059a918bd17766,28ffb926efd8fa01cbf6f810398987f634f720bc07c43fddcbd37a89c7fb14a0
AW__000321_1_arroyo,arroyowaste,AW_0001,000321_1_arroyo,train,train,images/AW__000321_1_arroyo.jpg,annotations/points/AW__000321_1_arroyo.npy,1024,768,2,arroyowaste_frozen,284d928e59cb6b4ec403e87ae217f2da21b52b49542405e2a34dbcc3c74aafa6,aab0fc36728df26232ccfc3421b7d4662a028f4cbb18c1ff94df92523462f31f
AW__000321_20_arroyo,arroyowaste,AW_0020,000321_20_arroyo,train,train,images/AW__000321_20_arroyo.jpg,annotations/points/AW__000321_20_arroyo.npy,1024,768,0,arroyowaste_frozen,4285f282674bba39fad94d6b163927dc9edaa3f3d9d44050743430e8d5629247,90f00d448fe2247088a956d58dbaaffa22b18e34646d789c64f8cff85e153216
AW__000321_25_arroyo,arroyowaste,AW_0025,000321_25_arroyo,train,train,images/AW__000321_25_arroyo.jpg,annotations/points/AW__000321_25_arroyo.npy,1024,768,3,arroyowaste_frozen,f396d5cefdb12753dde084bb6ca505ffb12b083bef7ce6a091678370f1fcbc35,9aed6e742fdc2a0d48d59f9b7702365ca6e4a116f65f2aced8a8049e064043da
AW__000321_26_arroyo,arroyowaste,AW_0026,000321_26_arroyo,train,train,images/AW__000321_26_arroyo.jpg,annotations/points/AW__000321_26_arroyo.npy,1024,768,0,arroyowaste_frozen,e4ac1c86fe969444e49d9d818c982575dc9ada9ac179b2cb286145f93ea8b973,90f00d448fe2247088a956d58dbaaffa22b18e34646d789c64f8cff85e153216
AW__000321_27_arroyo,arroyowaste,AW_0027,000321_27_arroyo,train,train,images/AW__000321_27_arroyo.jpg,annotations/points/AW__000321_27_arroyo.npy,1024,768,1,arroyowaste_frozen,c3bbc84eca9edce32c0b717713c3a1313e27763e43b29cc6d59c9a82f672dea6,7cb62ae4aa466e6c9cf10c07482119de98d6ed7b031b2bb62e57414682281864
AW__000321_29_arroyo,arroyowaste,AW_0028,000321_29_arroyo,train,train,images/AW__000321_29_arroyo.jpg,annotations/points/AW__000321_29_arroyo.npy,1024,768,42,arroyowaste_frozen,945b6262e086ac4d7c958696d96f979234fb6ca7b4f6d56c15966c67e20fb78f,bae74de90dd2e0e656bb6b623ba375b90f2b5b150f3ffe4b1ce5b8c1879267a8
AW__000321_30_arroyo,arroyowaste,AW_0029,000321_30_arroyo,train,train,images/AW__000321_30_arroyo.jpg,annotations/points/AW__000321_30_arroyo.npy,1024,768,6,arroyowaste_frozen,a290d56d788099909b6383241f241aaa6c79ef8fa1fb5ac184652b6f8a480cbc,7b05d1ea66eb53eac2c7fe8c92e506b6b658ade8c6772adc689e7d2ce0cfc8d0
AW__000321_31_arroyo,arroyowaste,AW_0030,000321_31_arroyo,train,train,images/AW__000321_31_arroyo.jpg,annotations/points/AW__000321_31_arroyo.npy,1024,768,18,arroyowaste_frozen,104da65594c5d9fca7f4b0e45d16fe603e0a5425d3d6048d3457a12202ecd424,0b17733c8c84fcc8433300e3e782fbae9dd8c7ca0e04029cd1b9d2a0c1b3d790
AW__000321_34_arroyo,arroyowaste,AW_0033,000321_34_arroyo,train,train,images/AW__000321_34_arroyo.jpg,annotations/points/AW__000321_34_arroyo.npy,1024,768,0,arroyowaste_frozen,71d10483bc7170a27a4f9c3a88715ca7687bc1e64051054e7a2ce82d93e7a10c,90f00d448fe2247088a956d58dbaaffa22b18e34646d789c64f8cff85e153216
AW__000321_35_arroyo,arroyowaste,AW_0034,000321_35_arroyo,train,train,images/AW__000321_35_arroyo.jpg,annotations/points/AW__000321_35_arroyo.npy,1024,768,2,arroyowaste_frozen,007a400b2eabfaafb7a1cba6f3b2d7dcca22407cd77630efcdd49e775fdf2be5,75cd61da9c80b20c5e4fe340edf0fa557b88cbf4e1dfd69a2e6cee89e563b8b4
AW__000321_36_arroyo,arroyowaste,AW_0035,000321_36_arroyo,train,train,images/AW__000321_36_arroyo.jpg,annotations/points/AW__000321_36_arroyo.npy,1024,768,29,arroyowaste_frozen,2fe26947532ef905f8e0c901b964dba984e8147b698fadeffe89489a72012858,93cca09afa1b1965a40822bc0db860e52ef3bb806e2616bdd4ad5b85167ece7f
AW__000321_37_arroyo,arroyowaste,AW_0036,000321_37_arroyo,train,train,images/AW__000321_37_arroyo.jpg,annotations/points/AW__000321_37_arroyo.npy,1024,768,0,arroyowaste_frozen,2dadb3951cb54d70d60cdc3cb7c1970530d437a91ebb493ed28fa4e8d8ca1075,90f00d448fe2247088a956d58dbaaffa22b18e34646d789c64f8cff85e153216
AW__000321_38_arroyo,arroyowaste,AW_0037,000321_38_arroyo,train,train,images/AW__000321_38_arroyo.jpg,annotations/points/AW__000321_38_arroyo.npy,1024,768,1,arroyowaste_frozen,a6e6c17c7f371b978b4dc35a04b8ea4857292f38c80cddf8bdf06a253408d19c,b2c938ba4472b8b477b0476aeaabce2ad9256c096c6b95c896fb80994250a9c1
AW__000321_3_arroyo,arroyowaste,AW_0003,000321_3_arroyo,train,train,images/AW__000321_3_arroyo.jpg,annotations/points/AW__000321_3_arroyo.npy,1024,768,32,arroyowaste_frozen,9abd449b4d004251928d59ad4cbba431342a9aae8c685711365393aa42ecc986,08b63a400bc9d5142637274d11171292c617c48e16e28b1deacef39913dbd2ed
AW__000321_40_arroyo,arroyowaste,AW_0039,000321_40_arroyo,train,train,images/AW__000321_40_arroyo.jpg,annotations/points/AW__000321_40_arroyo.npy,1024,768,8,arroyowaste_frozen,65162f9a093e6c8f34837f9216530bd2e63f9c91b34e0bfc99d118836d4193cc,515510a1fa0bf43b085b68889ff6b8f8acdca8e4fc5ddd040680f57d2ad18545
AW__000321_41_arroyo,arroyowaste,AW_0040,000321_41_arroyo,train,train,images/AW__000321_41_arroyo.jpg,annotations/points/AW__000321_41_arroyo.npy,1024,768,22,arroyowaste_frozen,80f3579ba13d4db390a7a96daa7b2f2c15bafe0255d0501ce28e81fc2b7951af,b5948190e2a543af2211b4d3140718a7272dc85b80df8223e68086f824f75ba1
AW__000321_46_arroyo,arroyowaste,AW_0045,000321_46_arroyo,train,train,images/AW__000321_46_arroyo.jpg,annotations/points/AW__000321_46_arroyo.npy,1024,768,104,arroyowaste_frozen,92c53361ffd3b196b9b3f48d4663489e5e155dbce27cbe63db48d303c0bb5add,9b7a9c9e34abd894ba7e767788062826058b372b9e4ac9a93f0d4261082da9d8
AW__000321_47_arroyo,arroyowaste,AW_0046,000321_47_arroyo,train,train,images/AW__000321_47_arroyo.jpg,annotations/points/AW__000321_47_arroyo.npy,1024,768,17,arroyowaste_frozen,ad319bd21cf3558bfe03c8a242b080c870e321d463ae1c2512c35a0fe949a1b1,ff6f15171cbd9f20cda216ebfd183e75efe8ab7468f84021c83da8134c1a1e96
AW__000321_48_arroyo,arroyowaste,AW_0047,000321_48_arroyo,train,train,images/AW__000321_48_arroyo.jpg,annotations/points/AW__000321_48_arroyo.npy,1024,768,52,arroyowaste_frozen,5b0d1122191acb5f21d124271eec379a08a4df93dbbb4c98bdc31052e10933d7,e3b2c0b7043ed5f425ef011bec2654dee7ac5fca3de5774cb45c8f1fecd685a4
AW__000321_4_arroyo,arroyowaste,AW_0004,000321_4_arroyo,train,train,images/AW__000321_4_arroyo.jpg,annotations/points/AW__000321_4_arroyo.npy,1024,768,9,arroyowaste_frozen,a6d8130115d903acae26525491ca856543bc4436413acea8d9742f4f73d8e725,b8d47f247c916d4186bb3001d1b5495f0489d6bb6cfd875742d544bd05cb96a3
AW__000321_51_arroyo,arroyowaste,AW_0050,000321_51_arroyo,train,train,images/AW__000321_51_arroyo.jpg,annotations/points/AW__000321_51_arroyo.npy,1024,768,4,arroyowaste_frozen,ec9082a4d90272002da969ba02e2dee9ef9da048c0d46eb680e9fc2770799e29,ec7a94910d28f93b2afca6ea723fe3c654d8a1782082bcf9df8eb374236e7e32
AW__000321_52_arroyo,arroyowaste,AW_0051,000321_52_arroyo,train,train,images/AW__000321_52_arroyo.jpg,annotations/points/AW__000321_52_arroyo.npy,1024,768,18,arroyowaste_frozen,e1cd956a6962f01726c5104d741b027e8d90c7a23fc837a33cd63efba8db7e83,a6ff145214ca5c84a21cb6c797f5f65042e2856a8ad259386982b3168caeb3f1
AW__000321_53_arroyo,arroyowaste,AW_0052,000321_53_arroyo,train,train,images/AW__000321_53_arroyo.jpg,annotations/points/AW__000321_53_arroyo.npy,1024,768,6,arroyowaste_frozen,2ca93fd3997394acfab30ca2de5a432a1f1df0cab917efde66919e69c81ac720,0166a7162b43829a899c554d76c2c57293610c4479dbfb628bc3a7630b30592d
AW__000321_54_arroyo,arroyowaste,AW_0053,000321_54_arroyo,train,train,images/AW__000321_54_arroyo.jpg,annotations/points/AW__000321_54_arroyo.npy,1024,768,1,arroyowaste_frozen,9997f69fcbf9aebc49c448128d117a1301c893efb7650f6f2d6ba5628f6cfb53,49b6959e524131b94f8a828e928a79c1eaeb6f0294c7eb3589be29a897e1ca02
AW__000321_55_arroyo,arroyowaste,AW_0054,000321_55_arroyo,train,train,images/AW__000321_55_arroyo.jpg,annotations/points/AW__000321_55_arroyo.npy,1024,768,0,arroyowaste_frozen,61b7631c6520a5cb636a62d241fcd7ff14558c82daaca283541e7316357328e0,90f00d448fe2247088a956d58dbaaffa22b18e34646d789c64f8cff85e153216
AW__000321_56_arroyo,arroyowaste,AW_0055,000321_56_arroyo,train,train,images/AW__000321_56_arroyo.jpg,annotations/points/AW__000321_56_arroyo.npy,1024,768,8,arroyowaste_frozen,f2ec5c25a645ee90f361349be39ac27c13dcaed59c9b5e352896587a7251bb6f,2a0ed8be0b3418204c444201e9521c8901d8af9e1cede3ec2abe1faf64bd7815
AW__000321_57_arroyo,arroyowaste,AW_0056,000321_57_arroyo,train,train,images/AW__000321_57_arroyo.jpg,annotations/points/AW__000321_57_arroyo.npy,1024,768,3,arroyowaste_frozen,61b5d11742715faa1138c828d92a224fc31426e9cd039681cea66360b42c969b,bb849ec7cb5e0351a481b56b2fe23f57570e01ebc0f74cb7cbef186745034229
AW__000321_58_arroyo,arroyowaste,AW_0057,000321_58_arroyo,train,train,images/AW__000321_58_arroyo.jpg,annotations/points/AW__000321_58_arroyo.npy,1024,768,11,arroyowaste_frozen,e254038535cabf2df8867931b6e583bc45a16f243e1ea68bccb870acb7bf65b8,3ed25371eb837c874ce8dc1b3c56342a6a2edd7f5a66ae79f55a63cdf8fb0013
AW__000321_59_arroyo,arroyowaste,AW_0058,000321_59_arroyo,train,train,images/AW__000321_59_arroyo.jpg,annotations/points/AW__000321_59_arroyo.npy,1024,768,15,arroyowaste_frozen,19a9810064727edce68b69166299281c44b90f1764872ebc66197200003c3837,5087e0f19a0714a48b778f552a24162a1f443c30a0d98c872e9308d85d0b8feb
AW__000321_5_arroyo,arroyowaste,AW_0005,000321_5_arroyo,train,train,images/AW__000321_5_arroyo.jpg,annotations/points/AW__000321_5_arroyo.npy,1024,768,0,arroyowaste_frozen,41adc6953265527f2c4347b6ced4641e4fb9565de2c1eb74b64781980d412ac7,90f00d448fe2247088a956d58dbaaffa22b18e34646d789c64f8cff85e153216
AW__000321_61_arroyo,arroyowaste,AW_0060,000321_61_arroyo,train,train,images/AW__000321_61_arroyo.jpg,annotations/points/AW__000321_61_arroyo.npy,1024,768,5,arroyowaste_frozen,31194ff9dc46e12816993d12033ee3f5af668b1c2cd0232a8146d2e533328116,751cd849a3dca9de1f621fb9657e80f8fc5dfb04d8e7f2c044121afb32448e53
AW__000321_62_arroyo,arroyowaste,AW_0061,000321_62_arroyo,train,train,images/AW__000321_62_arroyo.jpg,annotations/points/AW__000321_62_arroyo.npy,1024,768,5,arroyowaste_frozen,dbfbd631f1e5850a610c2c7aa9b7332012cfb655e2fa3ace9b160769c14c6a3b,2f6ae839e892866ed8be02d0f850620eb2bb942f443bb2e1c849965cf5a6bfa5
AW__000321_63_arroyo,arroyowaste,AW_0062,000321_63_arroyo,train,train,images/AW__000321_63_arroyo.jpg,annotations/points/AW__000321_63_arroyo.npy,1024,768,16,arroyowaste_frozen,f4fd5fb7741baabd85aa3f43b64ab70ec1096d26b7b5c0c4c0c4f6ec8daa770f,911aaf6892a2d345712badd260950bc77549da60ec4341baf4332e81703b3803
AW__000321_64_arroyo,arroyowaste,AW_0063,000321_64_arroyo,train,train,images/AW__000321_64_arroyo.jpg,annotations/points/AW__000321_64_arroyo.npy,1024,768,0,arroyowaste_frozen,4a14db65b846c220937c5a0b384859586e9bcbdf5114cd83f446b34cd2dd4edd,90f00d448fe2247088a956d58dbaaffa22b18e34646d789c64f8cff85e153216
AW__000321_65_arroyo,arroyowaste,AW_0064,000321_65_arroyo,train,train,images/AW__000321_65_arroyo.jpg,annotations/points/AW__000321_65_arroyo.npy,1024,768,1,arroyowaste_frozen,1bda3929f89957f306050767fdf598ab3e8847394db934d074b1a6ee236e359e,fdcda72bc646c1607b81c1721e68e16e356697ae404913c6f16a1ec270782e43
AW__000321_66_arroyo,arroyowaste,AW_0065,000321_66_arroyo,train,train,images/AW__000321_66_arroyo.jpg,annotations/points/AW__000321_66_arroyo.npy,1024,768,50,arroyowaste_frozen,97be8c970a9392fcd474353bbe81a62860d5b79b4f7098898db47caf7e0f1396,fcb133e08a44df1aa931547919173a4a2b58d5c3ef04f2361991ffa178f48e54
AW__000321_67_arroyo,arroyowaste,AW_0066,000321_67_arroyo,train,train,images/AW__000321_67_arroyo.jpg,annotations/points/AW__000321_67_arroyo.npy,1024,768,0,arroyowaste_frozen,25be115293ed16c5271512937cd0db2bc8470f42504acae8c857cb2475322288,90f00d448fe2247088a956d58dbaaffa22b18e34646d789c64f8cff85e153216
AW__000321_6_arroyo,arroyowaste,AW_0006,000321_6_arroyo,train,train,images/AW__000321_6_arroyo.jpg,annotations/points/AW__000321_6_arroyo.npy,1024,768,0,arroyowaste_frozen,dc5303f846e30ff70d4aa404b6b0a4e2fc06d32906f3639cc62e0ae494a6dc24,90f00d448fe2247088a956d58dbaaffa22b18e34646d789c64f8cff85e153216
AW__000321_70_arroyo,arroyowaste,AW_0069,000321_70_arroyo,train,train,images/AW__000321_70_arroyo.jpg,annotations/points/AW__000321_70_arroyo.npy,1024,768,13,arroyowaste_frozen,5960ac9b656d3119abb5fe501d6fc943790b465c63c3c2e32448d92b5b16f163,03ca475cdaf93db1cc4a98060010959f6a52833908c6110a9a6d61e9563c9265
AW__000321_7_arroyo,arroyowaste,AW_0007,000321_7_arroyo,train,train,images/AW__000321_7_arroyo.jpg,annotations/points/AW__000321_7_arroyo.npy,1024,768,0,arroyowaste_frozen,a9d05d70cba9f2d3eed21288a16465262583a67599d8d31fcf3fbd3b1c5b77ef,90f00d448fe2247088a956d58dbaaffa22b18e34646d789c64f8cff85e153216
BEPLI__002879,bepli,BEPLI_002879,002879,train,train,images/BEPLI__002879.png,annotations/points/BEPLI__002879.npy,1024,768,10,existing_1024x768,0a9ab4783cf9a9824a42acf51d7d11f9f6fb730275a6afcbe9891ae1e3a83cb1,f179c844eddb832c0326cfc45b93b50339434222b44581745b1ff578f8ae05ea
BEPLI__002880,bepli,BEPLI_002880,002880,train,train,images/BEPLI__002880.png,annotations/points/BEPLI__002880.npy,1024,768,12,existing_1024x768,b47f85c34627a337968349335148c62d9da52949fef099d8f36fa458ef0e0511,9a30e7130b95c270dc498b47c42e2306d490f585687b23fec58fd3d87dd154ad
BEPLI__002881,bepli,BEPLI_002881,002881,train,train,images/BEPLI__002881.png,annotations/points/BEPLI__002881.npy,1024,768,4,existing_1024x768,6aaab643e4b2be53c418597d3aa08a1f47d46baa6bb624cbfcf844a53fb1c884,de367eea8fcedfe3be1a45ad9b07930a336357f1ec53e04577cca46e0149469d
BEPLI__002882,bepli,BEPLI_002882,002882,train,train,images/BEPLI__002882.png,annotations/points/BEPLI__002882.npy,1024,768,11,existing_1024x768,e53e4b2ff8f1e98e17026b4362906530354e5f62d1daca8155618db309cebb7e,adb1cd38cc4beb65e62f4217f9003a4050861be6166b87861e5ca3b8f6305bbb
BEPLI__002883,bepli,BEPLI_002883,002883,train,train,images/BEPLI__002883.png,annotations/points/BEPLI__002883.npy,1024,768,34,existing_1024x768,03d8f5efa4d8c2daaad77de45dcbaee15d92f9502f7f586309715f416ad48de7,e4771f2a52d708559a90e8354589df43251279138dcd5b537f04c81cab14eb23
BEPLI__002884,bepli,BEPLI_002884,002884,train,train,images/BEPLI__002884.png,annotations/points/BEPLI__002884.npy,1024,768,25,existing_1024x768,2dc33364a9b34bfde0e72ade903e65df352dce6903cae3d0b774c06169cb43bd,4137edf14a7cf12636f4fde092627e9a201bdabb0d2ba5d64e437dabe9c58395
BEPLI__002885,bepli,BEPLI_002885,002885,train,train,images/BEPLI__002885.png,annotations/points/BEPLI__002885.npy,1024,768,8,existing_1024x768,2b5058db0664624e335573aaf4b6e19300cad879dd419446956adf85814f74e5,55822cbbc0b4b3d69e8fc6e774fd325b2f8a56101f964f40c61bce227facd5e9
BEPLI__002886,bepli,BEPLI_002886,002886,train,train,images/BEPLI__002886.png,annotations/points/BEPLI__002886.npy,1024,768,13,existing_1024x768,6ac813f1f3f8416ae6e5f51cbf43b299ba627bca695d9a34d52a0fde7997f355,cf2238dafb6777ba13428605a7a69286aeed31f7eb2682245b3661b8f2d30811
BEPLI__002887,bepli,BEPLI_002887,002887,train,train,images/BEPLI__002887.png,annotations/points/BEPLI__002887.npy,1024,768,26,existing_1024x768,952cdf922433f8884a1eaa8007d9725e2eb4e328e105145cdd18e5d6072eabb9,1758d17aec29c3ed55e970a9172175729f08cbeb528918eb28731af06388991e
BEPLI__002888,bepli,BEPLI_002888,002888,train,train,images/BEPLI__002888.png,annotations/points/BEPLI__002888.npy,1024,768,68,existing_1024x768,af97fef7654fa082da08db23e2c5ed8bdac723dc0af4bdb282f4d58f93f864c5,ea95f53bc10cbfcfb1149557c0f56259574ce97499cac6efa153b1d4cb4febab
BEPLI__002889,bepli,BEPLI_002889,002889,train,train,images/BEPLI__002889.png,annotations/points/BEPLI__002889.npy,1024,768,53,existing_1024x768,379deebb4e9421862366966e7b642f61c35873795238140175bd5056ddb555ec,4213f2209ecdb81602da589905ad394341e46a32a74e0e6b8cae92e47eb7e187
BEPLI__002890,bepli,BEPLI_002890,002890,train,train,images/BEPLI__002890.png,annotations/points/BEPLI__002890.npy,1024,768,56,existing_1024x768,e28ef3c6eab1fd2b932b4f7842fc89a7263a869cf87f8b5d7b1bab29e7212056,ba3daf2e83fbf22cdd46636aa369269fec4dd64952ada7e4d9b2e50941e5e4fc
BEPLI__002891,bepli,BEPLI_002891,002891,train,train,images/BEPLI__002891.png,annotations/points/BEPLI__002891.npy,1024,768,17,existing_1024x768,af4f22a76d21ca22c819c52c12d0132cf334e76e4f9e49edaf41439bb51daf3d,7d7687e287ac4da422e7608ea77806c15ffb353dac58b660a106f6af94ef4430
BEPLI__002892,bepli,BEPLI_002892,002892,train,train,images/BEPLI__002892.png,annotations/points/BEPLI__002892.npy,1024,768,14,existing_1024x768,a9ea6b907e1b350ad813b86f4fab9a8aa45e7d65bd03b98d4e450efa8c254e3a,6ab37609691740098d96713e303fbe824627471f83c81634181f0c1038ae7e04
BEPLI__002893,bepli,BEPLI_002893,002893,train,train,images/BEPLI__002893.png,annotations/points/BEPLI__002893.npy,1024,768,20,existing_1024x768,b4eae555becc9fac13015d0b0bf97d7a5a563113fded68bcdf1ca810f45c6b7f,1c248dbae2816b698dddfc00b0d74f57b47719ae7bf3d9bd2b0ef14802c1624b
BEPLI__002894,bepli,BEPLI_002894,002894,train,train,images/BEPLI__002894.png,annotations/points/BEPLI__002894.npy,1024,768,31,existing_1024x768,1ad492caaa6a7182334b53ff3cdd16f662b11b0e02f470d8c00f63f5e983410b,a6b456b6d0e203d306eda4742925920f120d5882f2e045b3c267b0dfa2eb16cb
BEPLI__002895,bepli,BEPLI_002895,002895,train,train,images/BEPLI__002895.png,annotations/points/BEPLI__002895.npy,1024,768,49,existing_1024x768,06099ac7caae44951ae00b758272e45efa8309fd4a7af7b35852d506dad62c2c,bff56cd78ca0c53cb72f0257c583dd499f72236134621b3913b8c4aa4c31409b
BEPLI__002896,bepli,BEPLI_002896,002896,train,train,images/BEPLI__002896.png,annotations/points/BEPLI__002896.npy,1024,768,41,existing_1024x768,b7470c81e9abb947ed2f04e7ef1b71bf7c8c2a607caa96538e5fe40b3be8f288,2eaae04f1787e95fabce3a0f8ca696b0170b82247761602804adc83614e56d8f
BEPLI__002897,bepli,BEPLI_002897,002897,train,train,images/BEPLI__002897.png,annotations/points/BEPLI__002897.npy,1024,768,19,existing_1024x768,c65a13240d42136698ffa4f4a605a87dcc5c013ab4c44a83f3523f5b1cbb241f,6683592bc78ad298892a97694fdd0dc07e056cde77b186f97651673931938367
BEPLI__002898,bepli,BEPLI_002898,002898,train,train,images/BEPLI__002898.png,annotations/points/BEPLI__002898.npy,1024,768,25,existing_1024x768,c9d45e6629b7728aae8b4f0f65cb8748830b15b92f52a9d7c925f9703066baca,173493d2e6ab77913073d20b5d0e30c60c517d420a21f9b6a0301a17908e6cc5
BEPLI__002899,bepli,BEPLI_002899,002899,train,train,images/BEPLI__002899.png,annotations/points/BEPLI__002899.npy,1024,768,14,existing_1024x768,c19fee28851dc7b4ba3823a289ffe0aefcd8123c35eddda38b951daaeb3f961c,47c9c5ddafaf392f8f4cbbc195667a9208082b2269b51cecc9e3b94f8533923d
BEPLI__002900,bepli,BEPLI_002900,002900,train,train,images/BEPLI__002900.png,annotations/points/BEPLI__002900.npy,1024,768,12,existing_1024x768,4918a0cb8883d1808db7abcd2a89695c9bfb948fa0fdb859a509d2ad1491a406,af406b98d38517207cb84790e89f92259987081792b0f9e1c0693a14595a91e4
BEPLI__002901,bepli,BEPLI_002901,002901,train,train,images/BEPLI__002901.png,annotations/points/BEPLI__002901.npy,1024,768,7,existing_1024x768,12b68ce814c941055e749d39b057bacdd42dfc5b9462c170ac831c9bb1862482,cb3b6f857b8abc680f0df3a094661245bd4db12ef56feeb66fba1012da6dbc96
BEPLI__002902,bepli,BEPLI_002902,002902,train,train,images/BEPLI__002902.png,annotations/points/BEPLI__002902.npy,1024,768,29,existing_1024x768,0c5f3b10cd00f85d7b55a768ab6cb717ffbc7e2d5547e6f6856f189ac2b0482b,a503da7a3eca9164aefa47193cc7c4a43c507991d207104f9794ab4b5a8a0bf0
BEPLI__002903,bepli,BEPLI_002903,002903,train,train,images/BEPLI__002903.png,annotations/points/BEPLI__002903.npy,1024,768,10,existing_1024x768,441ed3da29b56b2b3ef15ce604114d6d6440f06e4a1ffd36e5b1a8071fb7d6c6,c961305e49b2f3868a7f7271f5fae06956b77b70cc0804cc7607978138f788d9
BEPLI__002904,bepli,BEPLI_002904,002904,train,train,images/BEPLI__002904.png,annotations/points/BEPLI__002904.npy,1024,768,12,existing_1024x768,0a40972942a455f85e6164e3866e2e4a7c229fdc149ae10f39cc9b436da80e54,ec0a7ce868737dc187cb3ebcb33c47b2e6f8984916cbd643000470cf26d16dfb
BEPLI__002905,bepli,BEPLI_002905,002905,train,train,images/BEPLI__002905.png,annotations/points/BEPLI__002905.npy,1024,768,28,existing_1024x768,862373c0b5bca6050dd2120843000b8bda088e11dfecdcf4224ddb3a480ee1a1,3a4185a22f805470a688bbe34248506b1578cbaac8ffa9036aadf2ad8d796dbe
BEPLI__002906,bepli,BEPLI_002906,002906,train,train,images/BEPLI__002906.png,annotations/points/BEPLI__002906.npy,1024,768,38,existing_1024x768,67809c4b586b34f1b26a5c8237f15039cc1be4e44e4fa4d83ac8e8b26d58313b,17d30e4f7898a9d6e492423a567e7f885ba498d5e6ff3b008777ca5d621b50a1
BEPLI__002907,bepli,BEPLI_002907,002907,train,train,images/BEPLI__002907.png,annotations/points/BEPLI__002907.npy,1024,768,23,existing_1024x768,dbac4193c9a7e1357b843f25f1d6cc9955d207832bad1e234b3701651dac1c6a,100f5a902fcfa18b0a45313ab6b8bd67ec387f84deb61d2453c82e0ed4965298
BEPLI__002908,bepli,BEPLI_002908,002908,train,train,images/BEPLI__002908.png,annotations/points/BEPLI__002908.npy,1024,768,17,existing_1024x768,44e652afe229aa3ce0e98f8c786a516d35981a3bfa44552aeac8f6bc376378ec,3e317c287a8054672d84e7b8c85f4f7efcc90c0b4297a46d69e4227a08958bf0
BEPLI__002909,bepli,BEPLI_002909,002909,train,train,images/BEPLI__002909.png,annotations/points/BEPLI__002909.npy,1024,768,26,existing_1024x768,41d042ade2f48f5718b10a571b2487a39c36de34d576c4ece88b8b858d2589ad,ca6fbae997a5bf68be28aa0a5f4220e80b63ba69a9cda98779e8ee5680368085
BEPLI__002910,bepli,BEPLI_002910,002910,train,train,images/BEPLI__002910.png,annotations/points/BEPLI__002910.npy,1024,768,30,existing_1024x768,e5cead863579baa077823e0254c5632667cffcbb893e671c9ec899cd9f271333,88a0921e2fdc32dbdcebe3ae8821476fbaf14a2679d552d76da537f65a5957c8
BEPLI__002911,bepli,BEPLI_002911,002911,train,train,images/BEPLI__002911.png,annotations/points/BEPLI__002911.npy,1024,768,8,existing_1024x768,f953e710843a41fc77f45616e3138d6ea15475574b646a695930bd1217b034f5,d16457b1d8db33f17e904c69b31a5c63e4c901a507cf5ae73cc8137b1521dd8b
BEPLI__002912,bepli,BEPLI_002912,002912,train,train,images/BEPLI__002912.png,annotations/points/BEPLI__002912.npy,1024,768,8,existing_1024x768,959077908ac84ff026c66be19e55503ad35dbc4b7502f5a4da4b323bcf358859,85586d64a648988ee0105f5e921358a8373f479aec8f56f0c1d8cf797b97f302
BEPLI__002913,bepli,BEPLI_002913,002913,train,train,images/BEPLI__002913.png,annotations/points/BEPLI__002913.npy,1024,768,1,existing_1024x768,3368733d276cf391ea1e7b0b320fcb328c1864e88d1165442898a43c001c208b,169197d49d6cadafe3f3fa7dde8f514a3b9accc47cf89f1458ea962a5b25aae6
BEPLI__002914,bepli,BEPLI_002914,002914,train,train,images/BEPLI__002914.png,annotations/points/BEPLI__002914.npy,1024,768,64,existing_1024x768,5e82416a52c49442c5c6f69b54525c1b1c73b5adfa08bd86e74f035b3dad8e16,889468ec3d54b88db39a38db580899f19caad1ecbcddb45b140e387c0baf7303
BEPLI__002915,bepli,BEPLI_002915,002915,train,train,images/BEPLI__002915.png,annotations/points/BEPLI__002915.npy,1024,768,56,existing_1024x768,75850dc162024317bb99a5c95ccfdcbc055e9f8e9fe3e92a2f3546c18421b3e3,a9a84d558bc05b546749bc6652f4b871f2f354e32611bc91e5d36d2fd783457e
BEPLI__002916,bepli,BEPLI_002916,002916,train,train,images/BEPLI__002916.png,annotations/points/BEPLI__002916.npy,1024,768,11,existing_1024x768,6a3478095c332d90e544c624b621a1a24e25f81c5226edfbc178608248c5b6a0,6d46f251d3d212cb8a98c5b44eceff8acf396c40727fa2df1ec29f689e99b53c
BEPLI__002917,bepli,BEPLI_002917,002917,train,train,images/BEPLI__002917.png,annotations/points/BEPLI__002917.npy,1024,768,15,existing_1024x768,9a078941442b7343a869a365d8e23d81269eed395658aaf89397fc40eac1903b,3fa919dfe9dcdc367bd367fb789128d5bdbcd97208cac31e032e56e92bb8267f
BEPLI__002918,bepli,BEPLI_002918,002918,train,train,images/BEPLI__002918.png,annotations/points/BEPLI__002918.npy,1024,768,18,existing_1024x768,4f973fde81dea44a5a71001c07a555b47137da8ad73c66a956314430fbd7bceb,d62a76ef2d61f7761e8217c73ea4a615bc857694640db97db0d4f8ed1c1d62bf
BEPLI__002919,bepli,BEPLI_002919,002919,train,train,images/BEPLI__002919.png,annotations/points/BEPLI__002919.npy,1024,768,26,existing_1024x768,7c3ade4adc5bed8d052bb5ec41f69d1ffa154a4e753dd30e08a647dd61f13949,99857429f9ab1149ef3506600fc81e13d4e4bf839c824151711fd7edd28820b9
BEPLI__002920,bepli,BEPLI_002920,002920,train,train,images/BEPLI__002920.png,annotations/points/BEPLI__002920.npy,1024,768,26,existing_1024x768,ddda201f9a4fb53613abe696bf2d0590727c7ab9a720436380c02fc1bb6b45d6,7b8da89731eb1972db306ac882e181300331d2c03b2a1de383d28dc2f4a75bc3
BEPLI__002921,bepli,BEPLI_002921,002921,train,train,images/BEPLI__002921.png,annotations/points/BEPLI__002921.npy,1024,768,11,existing_1024x768,88ef617607a2d7e52e24a53a2456a88378a5aea2ec20680a22cece1f8ac0479c,7e4f8b89e7c602f288f6a4e4f328e069a024d6dee22c0f81e0d7eea79bb6a8c3
BEPLI__002922,bepli,BEPLI_002922,002922,train,train,images/BEPLI__002922.png,annotations/points/BEPLI__002922.npy,1024,768,11,existing_1024x768,541fd51b55df07dd2de6a516d58bc97b09806b3f919e3340ef6d9c7f025e1b29,40f888349e550adccbd877945367f3fb3c7396374c5d4db4c07e79e22e338949
BEPLI__002923,bepli,BEPLI_002923,002923,train,train,images/BEPLI__002923.png,annotations/points/BEPLI__002923.npy,1024,768,29,existing_1024x768,cdc8400656cc2849179d2b343baae4776b3d6ba16832ffcafa5976a16e51fac3,37c6d8aefc22ad9f07df083a8f33571ae1f8457a9e702da008f67db3f65cdda4
BEPLI__002924,bepli,BEPLI_002924,002924,train,train,images/BEPLI__002924.png,annotations/points/BEPLI__002924.npy,1024,768,20,existing_1024x768,896710205bd55511792fbf9a7892b37368e647b8c4a980aea76757afad3d61a7,1476ce3c1d6d05f2becba35553eb0efb6cecfc152cb054d95a2d3d695c6db44d
BEPLI__002925,bepli,BEPLI_002925,002925,train,train,images/BEPLI__002925.png,annotations/points/BEPLI__002925.npy,1024,768,17,existing_1024x768,4da6fefc8c5ddde199580d9a436e3dbaa4e0a3522444ea69f75ef7edbea15a1f,ab5df01e56ebad88ffdb116c067634c5aa31ceded2add38a94f592b0ab11346f
BEPLI__002926,bepli,BEPLI_002926,002926,train,train,images/BEPLI__002926.png,annotations/points/BEPLI__002926.npy,1024,768,27,existing_1024x768,00517acbae518b4c9bab58289b387591aaef9a05d60140de1e0d1f587bf6d235,d5944055bb4a917add7cca90e66e1479e0b69b312c88325756e777a28b7fcc24
BEPLI__002927,bepli,BEPLI_002927,002927,train,train,images/BEPLI__002927.png,annotations/points/BEPLI__002927.npy,1024,768,8,existing_1024x768,46cecef784a6039f56b39fff2d99679b0b739e548a131376fec0363bdaa6b6b5,514af061b48a9e97f7344706f087b9721b9e8c36b3be16bd32a5c90c4b577cad
BEPLI__002928,bepli,BEPLI_002928,002928,train,train,images/BEPLI__002928.png,annotations/points/BEPLI__002928.npy,1024,768,13,existing_1024x768,7c270469107fd1e10e12cc9b51c6c4dbfa5ba47dc0a8f2af780c0bb7a3a68352,ac63fc4cc417aeea69261945422ea757bc88d9b561baff7e7600aa82a4191ed0
BEPLI__002929,bepli,BEPLI_002929,002929,train,train,images/BEPLI__002929.png,annotations/points/BEPLI__002929.npy,1024,768,27,existing_1024x768,e807e5cc1d0a1d1d3975f409b0b9489c069a5bf26f925616637bb52e1bb769ac,c7d68bfcb2aa2ec3ad754b6faea4afaa1f69efbd3ea8f148e9d992e5270db60c
BEPLI__002930,bepli,BEPLI_002930,002930,train,train,images/BEPLI__002930.png,annotations/points/BEPLI__002930.npy,1024,768,18,existing_1024x768,5c12d3dafcedf6a6cc17e4986cd818a0c21dcfdc673eb90bda0de6bfaccb384b,6346e8e048e8e5990c7652c78f4c5737945911ed1a3536f2758f973dbbebe11e
BEPLI__002931,bepli,BEPLI_002931,002931,train,train,images/BEPLI__002931.png,annotations/points/BEPLI__002931.npy,1024,768,3,existing_1024x768,6c5a9d4c9c68fa31b5d12657c41c3f05877ee7c1ef4f998726b97f4a69c3d354,1e638916dd0fc6446c18a1e9ae3f0f79b1fdb2535777421d6a4833cd1de1ff8e
BEPLI__002932,bepli,BEPLI_002932,002932,train,train,images/BEPLI__002932.png,annotations/points/BEPLI__002932.npy,1024,768,12,existing_1024x768,2913471f1de9025ff3d14e22513a8591f3786c71d776534bf2fdfe6580e8a482,0e2c9a042a988d248762d97e5c73bdd7b6e88f5fcbae67b2e3fa295733b913a6
BEPLI__002933,bepli,BEPLI_002933,002933,train,train,images/BEPLI__002933.png,annotations/points/BEPLI__002933.npy,1024,768,10,existing_1024x768,44b655731795ceb579ffe8f4a0be5127e74362db82b695bc877e758bff9e5678,5cdc1312a0133af8ebd12a8f968386c0ed45f669f34ab8bb292bd6ace4c20657
BEPLI__002934,bepli,BEPLI_002934,002934,train,train,images/BEPLI__002934.png,annotations/points/BEPLI__002934.npy,1024,768,12,existing_1024x768,abbf1a3f4358f9b45c6a97fa3c807ca6bce653e9cdf92f8da5552eedf5b2216e,6d21770f7abea703fc351f5c796d60455901cb5d468426f163531ea03f67d2c0
BEPLI__002935,bepli,BEPLI_002935,002935,train,train,images/BEPLI__002935.png,annotations/points/BEPLI__002935.npy,1024,768,15,existing_1024x768,5203a4ff7e56cffb8afa9e9e4e5b4a4777fb0f43cfbd6d66ef12e5ce0788392e,25b60f821557523460119090a3f1cfcf096e5b448ad6ef50c2b31c351b418e15
BEPLI__002936,bepli,BEPLI_002936,002936,train,train,images/BEPLI__002936.png,annotations/points/BEPLI__002936.npy,1024,768,10,existing_1024x768,1e6a709ca8be282e853436d79266a1625c1487c17ce3805fea401cf5037cf306,4ce01aee7f01ff09acd995c8716b660bd5924a97ea63347e827f7ccc099f8b1a
BEPLI__002937,bepli,BEPLI_002937,002937,train,train,images/BEPLI__002937.png,annotations/points/BEPLI__002937.npy,1024,768,9,existing_1024x768,b3c3302079213fc83c36e78ffdc921f9b0e48938120531d918b37f94886e22bc,a278535842af69a21d54d6adcea8d4e53b8f362525bbe306590a8a9b98374a7c
BEPLI__002938,bepli,BEPLI_002938,002938,train,train,images/BEPLI__002938.png,annotations/points/BEPLI__002938.npy,1024,768,13,existing_1024x768,b8f21ac972cdccd03881234ae517b82c2459c5ac84d2983f556389f60cd949be,dac4b6dd1d50a2ca14712348338df45782383f1d388f8bd7e665d832f5405319
BEPLI__002939,bepli,BEPLI_002939,002939,train,train,images/BEPLI__002939.png,annotations/points/BEPLI__002939.npy,1024,768,11,existing_1024x768,1f80a37cc95ee573eb10b8014966e208c962103d5d9f40affb756c987beb78aa,492019b2c4c3ca8661a465878c3a2f9ccc7ee615abb2905d3656fcc5476c1c7f
BEPLI__002940,bepli,BEPLI_002940,002940,train,train,images/BEPLI__002940.png,annotations/points/BEPLI__002940.npy,1024,768,5,existing_1024x768,098b8d171afef8f2e7fa5ef29666878e0aac407e1d9267ddcf693945194b20be,7ed422f978d91868b0ff71fbcf2cb6d75bf3c2216f90031765127e41c5081f4b
BEPLI__002941,bepli,BEPLI_002941,002941,train,train,images/BEPLI__002941.png,annotations/points/BEPLI__002941.npy,1024,768,16,existing_1024x768,0a56ed3a5cf4c3ba73aa729f619c6e4460856b223ddcd80719dcbe9e99873f01,36c861d0e91d342f86013b514e5c593034417cff778b7a7776aeb45fb60b5bda
BEPLI__002942,bepli,BEPLI_002942,002942,train,train,images/BEPLI__002942.png,annotations/points/BEPLI__002942.npy,1024,768,2,existing_1024x768,121a6f57948b0697e84e074b1ec3e3316550773eac693879b30332c1fe8aae96,36500cc3ad0c96aafd131cc536ad41745d1e926bf1b05e5b3dae5ef3c346ec17
BEPLI__002943,bepli,BEPLI_002943,002943,train,train,images/BEPLI__002943.png,annotations/points/BEPLI__002943.npy,1024,768,13,existing_1024x768,b82e78a51fe44c646a5d7e3419470642056f006d7a1e2bf2794d5891fb623b2b,2e1e4143647886e0245abd5e54c3d54260592ca95a840acf5216da42a3d7cb1e
BEPLI__002944,bepli,BEPLI_002944,002944,train,train,images/BEPLI__002944.png,annotations/points/BEPLI__002944.npy,1024,768,2,existing_1024x768,6f20030ae3ffdc02e34db4f5c23922fd79e736ab722c93bfeea85a4bb319a40a,5b8d6a78c55f3c76edd87a3e7c248babc00726fc836e5f67079367a77e23c9e2
BEPLI__002945,bepli,BEPLI_002945,002945,train,train,images/BEPLI__002945.png,annotations/points/BEPLI__002945.npy,1024,768,6,existing_1024x768,e94d8ca23b5436aa3ee84272c51a0c6560d89d60e1733d0fad4a635f13edca37,e60bdb17d0743e470c3666077db590e356e85655d98166cb50ce8542d08e106a
BEPLI__002946,bepli,BEPLI_002946,002946,train,train,images/BEPLI__002946.png,annotations/points/BEPLI__002946.npy,1024,768,9,existing_1024x768,1386e318caa35fd56a4face77fbe18d9739dda0f07c863ec17809c98351c6c3f,c6caa07ebc4269d1bd350e931b5636f3eb7f058429611d1b0a47877f6f09463f
BEPLI__002947,bepli,BEPLI_002947,002947,train,train,images/BEPLI__002947.png,annotations/points/BEPLI__002947.npy,1024,768,21,existing_1024x768,1dbcaf43c32299731a00bcc258a8946d83c05bbbdba041fa6179089befef1935,810902dbf055a87ca1e908d637e02c86482996762ca214153dd290bde184070c
BEPLI__002948,bepli,BEPLI_002948,002948,train,train,images/BEPLI__002948.png,annotations/points/BEPLI__002948.npy,1024,768,8,existing_1024x768,6109149516956b7bd8dbfcfed96809f778cb735c80f932d4225d4adb4b6ee299,816abf4425505632eb0257e7cc5192b7d62063606989476825b6f7c12d12b578
BEPLI__002949,bepli,BEPLI_002949,002949,train,train,images/BEPLI__002949.png,annotations/points/BEPLI__002949.npy,1024,768,50,existing_1024x768,24b01b66a6313ffd6f8b34773345dd7e18f7184e2a908c4236ffbb447d762266,e161306b56aaffd9a26fb0b6c2f2391bb1808a715ed0710af6d4398ae2280a94
BEPLI__002950,bepli,BEPLI_002950,002950,train,train,images/BEPLI__002950.png,annotations/points/BEPLI__002950.npy,1024,768,2,existing_1024x768,7ffa85104ee3b5d23dfc52f2c78fb3141cf2a8b59f6d4cff3f6002127400a65b,a5f19b49bb03044121af401a5118829ac4960139a8f34b40b3c7f5cfcc1bcd74
BEPLI__002951,bepli,BEPLI_002951,002951,train,train,images/BEPLI__002951.png,annotations/points/BEPLI__002951.npy,1024,768,4,existing_1024x768,72088c6755af76469bb6d1707eed9c1441ec7705daa294c28cf46269effbe276,282a71c06cbdfd8b2ae31879dd0afc5efd90542689870f8245519bae7962f895
BEPLI__002952,bepli,BEPLI_002952,002952,train,train,images/BEPLI__002952.png,annotations/points/BEPLI__002952.npy,1024,768,5,existing_1024x768,6d30ad788865b14ebedf39165bb4b73caa93fd498f3560068fd0c3595453b5c6,5224a1ac6addedfd7b43aff3f15d1b7bde0903add3d7cb649a4a8ef29f53663b
BEPLI__002953,bepli,BEPLI_002953,002953,train,train,images/BEPLI__002953.png,annotations/points/BEPLI__002953.npy,1024,768,4,existing_1024x768,184cfaedf00f7130166728ad4190d9bf405417acae50698a31957e6f2ba2b821,71ce37b4238999b3d97ac1bb87a42173de2d402c690f613ef4abefc8209ce940
BEPLI__002954,bepli,BEPLI_002954,002954,train,train,images/BEPLI__002954.png,annotations/points/BEPLI__002954.npy,1024,768,9,existing_1024x768,456abf0b75622b5e3b2d41ce2b408dcd7d391301ab0b10f7b8ccf168ae7d3484,70f75b866683d758e5024195c3ee6481d38161f0ede4de3d5c62c5f06e8af5b1
BEPLI__002955,bepli,BEPLI_002955,002955,train,train,images/BEPLI__002955.png,annotations/points/BEPLI__002955.npy,1024,768,1,existing_1024x768,324c04b1a983adbc5d463259fe000e3044a886b11751247035dca38558243af9,4d21b6c3faa1ec08a24721eb0ff4892fb50773d1f0838e752f9c35b85b2409d6
BEPLI__002956,bepli,BEPLI_002956,002956,train,train,images/BEPLI__002956.png,annotations/points/BEPLI__002956.npy,1024,768,5,existing_1024x768,423b0b245f55a918a6cdafad81fe58be767eb8598021bea8561f893963c0e350,08b360e79eacc3fcfdbd4af5d32f1bdca6bfff19694c234331626e40889d1a1e
BEPLI__002957,bepli,BEPLI_002957,002957,train,train,images/BEPLI__002957.png,annotations/points/BEPLI__002957.npy,1024,768,16,existing_1024x768,ab004c3839585be0d409a10283309cf1e0e8aed0e5011daddc6e56d9a8cc9273,fd898eebd31e08afbfa4a44f81e7004d4cd3ba64777dac718cda8f8f05923357
BEPLI__002958,bepli,BEPLI_002958,002958,train,train,images/BEPLI__002958.png,annotations/points/BEPLI__002958.npy,1024,768,31,existing_1024x768,5dd808a4a7f76d9d519f1585edd148a20fc618e8cd6b79db11e8e5ee5b287a5e,b4b8116431f263ec1de58e50b297e3ff2cf4c50f3e24456fbb024e8d26cb85c0
BEPLI__002959,bepli,BEPLI_002959,002959,train,train,images/BEPLI__002959.png,annotations/points/BEPLI__002959.npy,1024,768,3,existing_1024x768,709fef7c16b26483290c3620b0e1a3cea12de63823f622b64b5e98201d7b73e0,d84ea77b6bfacd25148441d8cf844a52bdf1c9a04470a8e3c4f881e096225ab6
BEPLI__002960,bepli,BEPLI_002960,002960,train,train,images/BEPLI__002960.png,annotations/points/BEPLI__002960.npy,1024,768,2,existing_1024x768,85c551dab483bcb5c103be5e1ac5735781987d779298b79fc58fca481c9d6567,35dbe42341b3c6c60884c475fb04f0aa557240671904b582d15c3e8bdc1944f4
BEPLI__002961,bepli,BEPLI_002961,002961,train,train,images/BEPLI__002961.png,annotations/points/BEPLI__002961.npy,1024,768,7,existing_1024x768,bc4da025ac2243af5fd616c5e08f0152401b5eefb03271d7a102e0b99ec7f3ae,f561bfc7d3aef42653aac71d353ad9b1ff683f72b402a426c2f9517f54b93c67
BEPLI__002962,bepli,BEPLI_002962,002962,train,train,images/BEPLI__002962.png,annotations/points/BEPLI__002962.npy,1024,768,13,existing_1024x768,39b40062254af9bef45f9162df6f2672c6bba135d3859dbf2341bf684c093609,43b3a03ab514230aa0c1e24d367244df92d73803b6c29b78cd5fb1e5d173c795
BEPLI__002963,bepli,BEPLI_002963,002963,train,train,images/BEPLI__002963.png,annotations/points/BEPLI__002963.npy,1024,768,140,existing_1024x768,e528444c4617640422678814bd9058b89183e1a3f90931a3285c38bd0f61b3d4,34468bdbbee531865a8a95d9f6fa1a85538111ffd175763a6ea3a36ee5985006
BEPLI__002964,bepli,BEPLI_002964,002964,train,train,images/BEPLI__002964.png,annotations/points/BEPLI__002964.npy,1024,768,101,existing_1024x768,84505532ea3625610dee73b4d1d236746929c17878b2f56ac72dc59541f88292,b18a0eda99dec3fdf5d7018becb292ba6831f3690ac8ae1d34b3824fc36f42b8
BEPLI__002965,bepli,BEPLI_002965,002965,train,train,images/BEPLI__002965.png,annotations/points/BEPLI__002965.npy,1024,768,6,existing_1024x768,954241106a9bf7505c280f31ef63415bfdeec832efe1901b140d16c16ad4a670,cc816dd0e43b37d028864044ae454c1b419b189e96ee624de8f2fea023cfd55c
BEPLI__002966,bepli,BEPLI_002966,002966,train,train,images/BEPLI__002966.png,annotations/points/BEPLI__002966.npy,1024,768,1,existing_1024x768,9ac1776bf65b41b650eb0219ceacc26954d0a5c5e4599af49a0e1795d83b3781,c221bcdb3aa4bb8a2b125a79e64dc05424135ee3344eb967258e73ba63105a6c
BEPLI__002967,bepli,BEPLI_002967,002967,train,train,images/BEPLI__002967.png,annotations/points/BEPLI__002967.npy,1024,768,2,existing_1024x768,ac947a8510d18e690dc385749ce26b3a9fc8b0c37a07400fe4a2a661dbb428be,13de4911f324dd0d770f70b0a0579e42ea6aa07669833f67b5e1472cee734574
BEPLI__002968,bepli,BEPLI_002968,002968,train,train,images/BEPLI__002968.png,annotations/points/BEPLI__002968.npy,1024,768,8,existing_1024x768,b22f3e7be544771e715f0b6da441a4aa597cbd73b4704f7c6297fcfb032afaa8,05c2160bea521fa8adb804afccd8a26b4223c20d4c6c1c73b03b9d1e85ae3349
BEPLI__002969,bepli,BEPLI_002969,002969,train,train,images/BEPLI__002969.png,annotations/points/BEPLI__002969.npy,1024,768,17,existing_1024x768,d27daedf596c1bbabfb9b3ae9f3dedea909fa889dfa0b58feb9ad7cb41bf7d9a,d84f0fad3bdf02839157c1dce7410dafb2e0fa6294cae95419857393f47e4b6a
BEPLI__002970,bepli,BEPLI_002970,002970,train,train,images/BEPLI__002970.png,annotations/points/BEPLI__002970.npy,1024,768,16,existing_1024x768,94db25ac0f4b4007c3f81f7789c01551573300f865dbf8f7ebd861476d01a212,c7389a64de3bc093c0f74fb44c057e6b523cfd763951052c82c6f48aea6e38f8
BEPLI__002971,bepli,BEPLI_002971,002971,train,train,images/BEPLI__002971.png,annotations/points/BEPLI__002971.npy,1024,768,22,existing_1024x768,180b3ca971f5f3615542243fa4a1925c74fd4e3658d7aa0624575058497ab9e8,4febae5e6abf7c4652284ed4e64c7f706bd6c25d1476dd24825ff658c79435ab
BEPLI__002972,bepli,BEPLI_002972,002972,train,train,images/BEPLI__002972.png,annotations/points/BEPLI__002972.npy,1024,768,5,existing_1024x768,6eb8049a4c69004d05bc619b887ded5d1980394a3ee30d81ce2b6cf17cb25d9a,9fee13612babfa5f66c6c5b887bef4db187ae5bf7c2aa5716a46223ce3ac4a47
BEPLI__002973,bepli,BEPLI_002973,002973,train,train,images/BEPLI__002973.png,annotations/points/BEPLI__002973.npy,1024,768,3,existing_1024x768,547a8bc9a12a854aae0038509325488e79f464e13bd85e2e5de2256a5b8a2acb,cb9719c55d4ca46abb12d93b729094717adfd7b70d39badc68ebb2c4c9ef2f7d
BEPLI__002974,bepli,BEPLI_002974,002974,train,train,images/BEPLI__002974.png,annotations/points/BEPLI__002974.npy,1024,768,11,existing_1024x768,289cd982203991785cd460e49347fbdd34197a9421385f8890abe4e9d3ec799e,1af88e7b338f76d2ae3895ac377475308d3bed7808928703c466cce423bb0d00
BEPLI__002975,bepli,BEPLI_002975,002975,train,train,images/BEPLI__002975.png,annotations/points/BEPLI__002975.npy,1024,768,2,existing_1024x768,a9bb14270c848efe4fb6cbdc407245a5e69c1e2b78b66d1652053de6c6740fa9,c735735b897d32deda39873761b6f84a75631d7d6c1cfe78005e3d7e2ace7dab
BEPLI__002976,bepli,BEPLI_002976,002976,train,train,images/BEPLI__002976.png,annotations/points/BEPLI__002976.npy,1024,768,2,existing_1024x768,605d8a3ce00e721be85dcd73f090474361e78724d801059f68f144a0623204aa,30eaa27af25a29d1fe9a2ff2bebc4e788b980b30b417b5f5dd9adf6b83aa8d9f
BEPLI__002977,bepli,BEPLI_002977,002977,train,train,images/BEPLI__002977.png,annotations/points/BEPLI__002977.npy,1024,768,4,existing_1024x768,6c13d5712f80b698ab610cbcf1793e9aa0a01596c591f53d3e54d2a79eae74dd,bebd7bb139fac1730323d00dd4a8529bd009bc0564fbeea26af6cce499b7cf69
BEPLI__002978,bepli,BEPLI_002978,002978,train,train,images/BEPLI__002978.png,annotations/points/BEPLI__002978.npy,1024,768,4,existing_1024x768,08386bebfd581c41f76533ecd261df7d9da40bcad5122e761114ea126da390f9,df76059bf9905454b4789ba80231c48ffc6edf6a1cd80061728873c4de1afbeb
BEPLI__002979,bepli,BEPLI_002979,002979,train,train,images/BEPLI__002979.png,annotations/points/BEPLI__002979.npy,1024,768,1,existing_1024x768,7b592e3413f40884c2c9070d7f9b612a28481e811bb761f9000b5d547cf541b8,3b22b06e30f15588b53d87cd9f503b26d41ba18b2769506c65377b321d2e0b1b
BEPLI__002980,bepli,BEPLI_002980,002980,train,train,images/BEPLI__002980.png,annotations/points/BEPLI__002980.npy,1024,768,3,existing_1024x768,0e6286aacd5badd991deb6198591b048d596078be25d1fd28931c24261e0f848,9ab97066edc1017b55814adf61677720c1833482abcb7b55c149b91aec44fc0e
BEPLI__002981,bepli,BEPLI_002981,002981,train,train,images/BEPLI__002981.png,annotations/points/BEPLI__002981.npy,1024,768,10,existing_1024x768,a7d41a212f3c64849d737ef768a55171a6a2ce9e2d9edc2b139cc5792e499a2d,a3735398c73ff279e505a12a0fc4174032932779d218d2c309b07f321cb57e09
BEPLI__002982,bepli,BEPLI_002982,002982,train,train,images/BEPLI__002982.png,annotations/points/BEPLI__002982.npy,1024,768,5,existing_1024x768,ac750ffddccb729e5c79d5c28354bc6e0df6e66f807c7b01265bd3d8da4880ec,d32928794dcaf6417b2f5b6581d69682c0529f90e12132d0da4818b76d885872
BEPLI__002983,bepli,BEPLI_002983,002983,train,train,images/BEPLI__002983.png,annotations/points/BEPLI__002983.npy,1024,768,20,existing_1024x768,268e55a9969a0fa4e5bcafc05c5f69c041982197f026a328452abd63e00d80f9,e6b9f3f8dc4e2cb98738295ce5e40a83b8736f6685a42568c3e368d68c52ee7d
BEPLI__002984,bepli,BEPLI_002984,002984,train,train,images/BEPLI__002984.png,annotations/points/BEPLI__002984.npy,1024,768,19,existing_1024x768,9902486ee7c55f1cabeab01fa3ac17eb1f5a45f8876acfb2b263d03a45e55fe4,5f858f0f19575cfa87929c49a36724bf2a5b7713eaad0db1982e44df0c56c4e6
BEPLI__002985,bepli,BEPLI_002985,002985,train,train,images/BEPLI__002985.png,annotations/points/BEPLI__002985.npy,1024,768,6,existing_1024x768,82495883d3e205b5d078714d9ef444ae57f7f19ee0debc0c0a338598cfdf616a,ac16a9e13754816fa8b763af15fa076afe5be32f1af871870a2a6cd6a8a48278
BEPLI__002986,bepli,BEPLI_002986,002986,train,train,images/BEPLI__002986.png,annotations/points/BEPLI__002986.npy,1024,768,6,existing_1024x768,fbd0514b870ecf5b86929f9848cd6f20b7dce1e9ae1e7bfed816f87ca7010167,5169d1026c49e0ea5368b521860f59e400d98c55778277096d8b2d5c3b1a3d60
BEPLI__002987,bepli,BEPLI_002987,002987,train,train,images/BEPLI__002987.png,annotations/points/BEPLI__002987.npy,1024,768,10,existing_1024x768,9ee6e827f5643c0e218a0ef50b7999ca812152bbc02d309d66eadb5f9ab4ae24,aefe5b34fd17627dc1dec325c772516897e724e960668062109f0d1e7f60ff7e
BEPLI__002988,bepli,BEPLI_002988,002988,train,train,images/BEPLI__002988.png,annotations/points/BEPLI__002988.npy,1024,768,6,existing_1024x768,2511a09a92dc2c50a540a04d22fae5055af7bd9d4648208612573fdbdecc28d5,62587d7a62963c836dd15ea00d58ececa59e23436ba0c103771f202cb6d09059
BEPLI__002989,bepli,BEPLI_002989,002989,train,train,images/BEPLI__002989.png,annotations/points/BEPLI__002989.npy,1024,768,4,existing_1024x768,c9c5940fe718bea922df592b3608de9d9051d92f1bb19b8c7186bcf17428d56e,10928917c9ef2efb1fff55094ab9ef60e001213a2a0bbb3f36cfad819c35bb6c
BEPLI__002990,bepli,BEPLI_002990,002990,train,train,images/BEPLI__002990.png,annotations/points/BEPLI__002990.npy,1024,768,3,existing_1024x768,b491a5cfd37e29fb8df4c0c4f0e68316afcedf3e5c503ba2cee94fe1d6da1209,5f7cd09f38ec5499be7779a6e124a5e04cb2af98119326a3c7617e8141da0e51
BEPLI__002991,bepli,BEPLI_002991,002991,train,train,images/BEPLI__002991.png,annotations/points/BEPLI__002991.npy,1024,768,8,existing_1024x768,3a05e9bc34f70a40b073b61c68db230344eb61fc2ace78833b2b0c34cbbe8f4f,e0616bc356c4518c2610193a017a9be6559a015a582cf071523f0a7d8d1ee244
BEPLI__002992,bepli,BEPLI_002992,002992,train,train,images/BEPLI__002992.png,annotations/points/BEPLI__002992.npy,1024,768,3,existing_1024x768,d552d13e00dca605ae541fd7b516a9a0c79a96043c6fb01f1d85dc3a4c672594,8ab2bfc55b001fd09b2b48060cdeabb7a2c6152ceedef630e3840ae16c80d031
BEPLI__002993,bepli,BEPLI_002993,002993,train,train,images/BEPLI__002993.png,annotations/points/BEPLI__002993.npy,1024,768,11,existing_1024x768,993c427e157039ba2658959175aa6e1ccc645bcb2af7dea35c7a19a9ebdddc70,29182c753ba00800e9f93d6d238748ac01c94634acbdcc5382e96013b073e186
BEPLI__002994,bepli,BEPLI_002994,002994,train,train,images/BEPLI__002994.png,annotations/points/BEPLI__002994.npy,1024,768,1,existing_1024x768,cd00dd576e91eea4d7e59725dbad11afa31bc201a53da5041b47e87a6f7c296e,b66f2dea0f405c886271c86904b8aa4b4aca0206c01681699152f4fa6c388780
BEPLI__002995,bepli,BEPLI_002995,002995,train,train,images/BEPLI__002995.png,annotations/points/BEPLI__002995.npy,1024,768,10,existing_1024x768,36fb1f4833661962e363f1acdc4f67b789015b80e6bd5d2733fb03cf39ae8e94,e523e90c5e6ca1ec09b30f882da89589a435d7b62c2b8b6fa2f27654241363cd
BEPLI__002996,bepli,BEPLI_002996,002996,train,train,images/BEPLI__002996.png,annotations/points/BEPLI__002996.npy,1024,768,11,existing_1024x768,1ef120bb1db6fbf2fcc3e08c4b75f2dbcb521b0a98395c3f23b960a388f37204,7f66a457048b40aea91b15c20bf6073aad0590c662c08194bfdb70bc186c9bb3
BEPLI__002997,bepli,BEPLI_002997,002997,train,train,images/BEPLI__002997.png,annotations/points/BEPLI__002997.npy,1024,768,97,existing_1024x768,f4d7f6b04d0bbde8b9176208110f7ca1a38c854a13257c7d72b303e988ba3c6b,c6f35bc25ad885ae30c445fde6d734a285d47d2016de7672c1591ee9e8facd3e
BEPLI__002998,bepli,BEPLI_002998,002998,train,train,images/BEPLI__002998.png,annotations/points/BEPLI__002998.npy,1024,768,101,existing_1024x768,b0f443f913a53608bc7bc40f006e9270faa4af28f1da09ef84f85662946ef94a,88b5bbe1edea07ca4f6a7250b45756dc659a2525f160c275fe8a1bdcef3b43da
BEPLI__002999,bepli,BEPLI_002999,002999,train,train,images/BEPLI__002999.png,annotations/points/BEPLI__002999.npy,1024,768,9,existing_1024x768,56587b0715908317dd77c32bee1563b268592533433cee106ce9bc552ea35eda,43cccfef07ffefbef3a3826b79d40731663157ac662276a6b42ac0a58a14ad79
BEPLI__003000,bepli,BEPLI_003000,003000,train,train,images/BEPLI__003000.png,annotations/points/BEPLI__003000.npy,1024,768,10,existing_1024x768,d6a5380835ea9eeda69e21543641d4b5b097f24dbcdfa9bef388f733b2353231,6e49c2c26a6ba9cce488df181ca9165bc18f9bde94cb8648f5f9a073a4dd1fcd
BEPLI__003001,bepli,BEPLI_003001,003001,train,train,images/BEPLI__003001.png,annotations/points/BEPLI__003001.npy,1024,768,4,existing_1024x768,6417a49763c8a2fc5163a3044938efdbddf289d76636f9da4354e6664b859f0b,0a8535b8aff02fbaf3e4fe6e8fef43d4800b789b8cecd7475e84fe25743ab221
BEPLI__003002,bepli,BEPLI_003002,003002,train,train,images/BEPLI__003002.png,annotations/points/BEPLI__003002.npy,1024,768,3,existing_1024x768,decd545fb1e10b5cdd79462134ac28d270bd6477c1f9a7dbd2162de2e3638aec,6b718d50c955539927c863e5cbb74ca097519c7a3530a3a31b9c6f013bc3dfc7
BEPLI__003003,bepli,BEPLI_003003,003003,train,train,images/BEPLI__003003.png,annotations/points/BEPLI__003003.npy,1024,768,2,existing_1024x768,2367fc5a2cce3448dff1e459cc60f5fb3d61388d06aea555d5193d34415fb6ae,4bbd59764227c601d76aa01880f85485d331c82023b687daf4b38dd1ef96a664
BEPLI__003004,bepli,BEPLI_003004,003004,train,train,images/BEPLI__003004.png,annotations/points/BEPLI__003004.npy,1024,768,3,existing_1024x768,0ddd2aa06e1cd1c95c254f7161b085427f06bcb66cccb8d7ddbb07724acf389f,204613edc9b6a811ae10c79046e6dd1cdc150a422c5c3fa2d476b3f9898e73db
BEPLI__003005,bepli,BEPLI_003005,003005,train,train,images/BEPLI__003005.png,annotations/points/BEPLI__003005.npy,1024,768,8,existing_1024x768,67392f79cfa64bf9d8b0c4118382cca9beaf0f008dbd5dda6db0762119e4fd56,fe9ad51f1408ec447ae61a7c175e0a3aa5317a2fd30b64ab5ca1931c505eb9f1
BEPLI__003006,bepli,BEPLI_003006,003006,train,train,images/BEPLI__003006.png,annotations/points/BEPLI__003006.npy,1024,768,5,existing_1024x768,624f384f5a2b337304b39d5a8c8672d07ff4ee07ee5bef9fa846cc3a1a52f2f3,ac087dc92a2e8e6d5ddf6a020f0d25abb59e3e512bd56a311ef4594577cb4b01
BEPLI__003007,bepli,BEPLI_003007,003007,train,train,images/BEPLI__003007.png,annotations/points/BEPLI__003007.npy,1024,768,4,existing_1024x768,aeec8fb7057cf3cea03a4c7ad0a8d13c55d9e10ae22f96682db4eae6584ad965,244dfd1576699c79d5544d0aed68e6bff38a6c32024b8dffa0f79a6c7b06085e
BEPLI__003008,bepli,BEPLI_003008,003008,train,train,images/BEPLI__003008.png,annotations/points/BEPLI__003008.npy,1024,768,4,existing_1024x768,14262a5e5a988228c03e4266274e4b47f6fe9889699799ae2e763df96cc65331,0e0a24dce1a4407eb7390fda3b48727a92e88264ab6d2ca8dddd90e83c5fc8a4
BEPLI__003009,bepli,BEPLI_003009,003009,train,train,images/BEPLI__003009.png,annotations/points/BEPLI__003009.npy,1024,768,2,existing_1024x768,4322d6fc620741da504adca5d9d3d4e5af94f97bab36a7b591a48e12a42e8290,78dfd317727db31cc8bcddd6d39e45d7a9d14edb6d75a7eb343d6377d18411f2
BEPLI__003010,bepli,BEPLI_003010,003010,train,train,images/BEPLI__003010.png,annotations/points/BEPLI__003010.npy,1024,768,2,existing_1024x768,2e3e97d05170284d4314e3f51ce8ecc1ec9417809d148bcaa1ad2e00bc766bb2,7824d96b3524e7e7b42a94efa1dd0f531b59f54c6a7df450477fba5df60ebdc4
BEPLI__003011,bepli,BEPLI_003011,003011,train,train,images/BEPLI__003011.png,annotations/points/BEPLI__003011.npy,1024,768,81,existing_1024x768,3d2099481b38fcb1ff2f3acc4e2788bed83a864b57e5f8858d94107f892d7f5a,266d4c5ba30a1adc22308ee083d0432cf2f336fa6ab9875ee00a30ba5977f139
BEPLI__003012,bepli,BEPLI_003012,003012,train,train,images/BEPLI__003012.png,annotations/points/BEPLI__003012.npy,1024,768,161,existing_1024x768,1a55ceedcfe915dfe07cdb756454f0cb2692831c877ee0522379d27049ac74ba,35293206a3ffca3667ef3d312beb7f3b252b9ab1c0fb44b858b101e9f3e0dcce
BEPLI__003013,bepli,BEPLI_003013,003013,train,train,images/BEPLI__003013.png,annotations/points/BEPLI__003013.npy,1024,768,75,existing_1024x768,1d41c8fc2ac2aec6f75a9f0bbdf0c90d5625c3eb788191cc7742e17a3ff67e0a,5d620abd46c2c5634abe7d0a6bbbf377756f73d4e32511956c285bddf82e5a3f
BEPLI__003014,bepli,BEPLI_003014,003014,train,train,images/BEPLI__003014.png,annotations/points/BEPLI__003014.npy,1024,768,2,existing_1024x768,50bf2c698bb4feb60ba427d4a325f32b513ce115f286168425a7b8fe84cf16e6,cc6d230628e75244d4c445362e9fda8d9d063606c35c339babae80ddfc9fa48a
BEPLI__003015,bepli,BEPLI_003015,003015,train,train,images/BEPLI__003015.png,annotations/points/BEPLI__003015.npy,1024,768,8,existing_1024x768,fddd3ce26260297f0a19266b30c4374dd784d09555e2383619ce92690ae5db54,add18d17866730a04122353be1a09c825f330a42f4188432cde358a9690116c0
BEPLI__003016,bepli,BEPLI_003016,003016,train,train,images/BEPLI__003016.png,annotations/points/BEPLI__003016.npy,1024,768,19,existing_1024x768,8b3d5bef59ea70d33bbdb8237cd3f4423a3d20d8a54f38c6d5212ae92f1bd31f,a7c1ce62ab5e637deb98814dd527de5e9ca1007da030c6af52b1131386c62561
BEPLI__003017,bepli,BEPLI_003017,003017,train,train,images/BEPLI__003017.png,annotations/points/BEPLI__003017.npy,1024,768,79,existing_1024x768,032b770e103437343845c30ec994b31ad3f2e2338c5c48c272ac0a53e0afc20e,fa177af37461ed867cba7ba1c440cb81ba44a2843335cf0c3251c4e3223b2c85
BEPLI__003018,bepli,BEPLI_003018,003018,train,train,images/BEPLI__003018.png,annotations/points/BEPLI__003018.npy,1024,768,81,existing_1024x768,8e00f21fe6022c605117307a7e2830052a46bf77aaa34a845892432481c4554f,99c570db59f23d7f29a404ba4eda8497ff460c7083b7136b3387010c902d4fe1
BEPLI__003019,bepli,BEPLI_003019,003019,train,train,images/BEPLI__003019.png,annotations/points/BEPLI__003019.npy,1024,768,71,existing_1024x768,4054ffebe23236d7d19512918d31ae4e51e02548e331594010cf83c3d04bf65c,59df0210224f6c3b8e43ba9d650b75434bd597714417cef5ecd234d0c8c5a9c8
BEPLI__003020,bepli,BEPLI_003020,003020,train,train,images/BEPLI__003020.png,annotations/points/BEPLI__003020.npy,1024,768,7,existing_1024x768,22eec38c37f9ba5f4087cd3d10debc30766c4911089258b4febb81a0c0fc6d22,039df5723cb0230007b56aa1a2389a58d40337921d9ce72e160120808fb4c211
BEPLI__003021,bepli,BEPLI_003021,003021,train,train,images/BEPLI__003021.png,annotations/points/BEPLI__003021.npy,1024,768,1,existing_1024x768,77f966cfedc43b2f775e539d2fd94d2b2d5ffe5a0329e59c9d179abb9cfb6041,02ec40e0b06d196c81d6164010987ff340dfd64dd76f7db298686c4dd72565b4
BEPLI__003022,bepli,BEPLI_003022,003022,train,train,images/BEPLI__003022.png,annotations/points/BEPLI__003022.npy,1024,768,3,existing_1024x768,f75d704ef6d44f17651c28717ade15cf738909dc8d95d8a473c98b88e68f76db,78cf26fa9abe9095110388c07fe1341951997d69b702607e1f4701bf9e39814a
BEPLI__003023,bepli,BEPLI_003023,003023,train,train,images/BEPLI__003023.png,annotations/points/BEPLI__003023.npy,1024,768,92,existing_1024x768,a177cc0b14d38a489fab20844a7f6a359d6722081e272904a87265b7c2d7a003,5cf51d1d52852914fb9a135077a7eec8f7675bbbd17b070784e413a803a9ef10
BEPLI__003024,bepli,BEPLI_003024,003024,train,train,images/BEPLI__003024.png,annotations/points/BEPLI__003024.npy,1024,768,59,existing_1024x768,35d46dd1ebd5b91a04e5d82e4970deef272ecd958cb5805038bce055950401c3,6092ecdda7e68cca1759a6eac18dbfb2a82be25b907ca0626755e5d3436bae71
BEPLI__003025,bepli,BEPLI_003025,003025,train,train,images/BEPLI__003025.png,annotations/points/BEPLI__003025.npy,1024,768,9,existing_1024x768,d21de58122bae126e6c9f53d25f6f842b97878916fa6dc6165468aa4abff0025,86b2a51b6040e80b7d5e98644542636aa82d00bd7ed1335025edd307212b97f9
BEPLI__003026,bepli,BEPLI_003026,003026,train,train,images/BEPLI__003026.png,annotations/points/BEPLI__003026.npy,1024,768,1,existing_1024x768,388f39f2fb84490c46bde942da25c4a8b6f9cc7c1b7b0b27913ef7856f7d25db,9e540c9d02db483334bf1209b475d296b5a153179625f3db5a620f9edfc2d8cd
BEPLI__003027,bepli,BEPLI_003027,003027,train,train,images/BEPLI__003027.png,annotations/points/BEPLI__003027.npy,1024,768,3,existing_1024x768,7d914542489e74c5c2bb9fc6ddb2586bada21e33b00c8a34c3bcf1c66e6d0d9a,b59c1dbba2a8908755421b1d21f24d2ae806a469f45991a27039b2800c4a9b31
BEPLI__003028,bepli,BEPLI_003028,003028,train,train,images/BEPLI__003028.png,annotations/points/BEPLI__003028.npy,1024,768,4,existing_1024x768,6db89f2d55d8747e93728a3f0082a3087d46c0792bbebc8cb15520eb7ca2976c,2776f12af8044bd7dcaa8c14919ad24526b374ca5c50ce54f6951b0329239c98
BEPLI__003029,bepli,BEPLI_003029,003029,train,train,images/BEPLI__003029.png,annotations/points/BEPLI__003029.npy,1024,768,11,existing_1024x768,7fb0024d577c6b96fce8d754456ad61090021a55b423d0113d4e80637a838386,8b01e2390007d746c962b7f5ac3c7eccb304cba2f9533363402926942449736a
BEPLI__003030,bepli,BEPLI_003030,003030,train,train,images/BEPLI__003030.png,annotations/points/BEPLI__003030.npy,1024,768,5,existing_1024x768,0aa88626e796fedfcb94e69c826298a5fac50009be658131d96671bc5329c97c,de2fd07e5968b80a8ab94451c80f50abfd3c60cadd06a09fc525080adbbdae04
BEPLI__003031,bepli,BEPLI_003031,003031,train,train,images/BEPLI__003031.png,annotations/points/BEPLI__003031.npy,1024,768,6,existing_1024x768,5b8bf8e298aab39f44090a4edcb56eb99fc82ddf7ae8b3d0a5fb6ba6bfbb5ccc,753ca9733371bdc5db21b76ee0b2944794352253a179c466cc32af754eb2adf7
BEPLI__003032,bepli,BEPLI_003032,003032,train,train,images/BEPLI__003032.png,annotations/points/BEPLI__003032.npy,1024,768,2,existing_1024x768,f4e118f0002a7a58e65b781b23eac234bd65154f119711ef9e384ab437228d3f,8a32ba5d458c2c8409e4d8ae1abeea8e00026492990901d138171cd29b49c05f
BEPLI__003033,bepli,BEPLI_003033,003033,train,train,images/BEPLI__003033.png,annotations/points/BEPLI__003033.npy,1024,768,68,existing_1024x768,047e7b4c4ac2a4cb51a29bb53fabd3a80233dfaf4e74bf74c75584645ad22f09,8f462bf1cf5d07791fadcacc4a38a311259a55178d1f38d47d18a0030ddac5de
BEPLI__003034,bepli,BEPLI_003034,003034,train,train,images/BEPLI__003034.png,annotations/points/BEPLI__003034.npy,1024,768,3,existing_1024x768,c17a83501696546aa016d3ace8c797c9211222fdb3ce7f8136ac5db8b5e71e00,5f736452616d808d7fd144b34d5a03b4e6b3e56607301241b332f1ee98306487
BEPLI__003035,bepli,BEPLI_003035,003035,train,train,images/BEPLI__003035.png,annotations/points/BEPLI__003035.npy,1024,768,2,existing_1024x768,e8fccf6d213064262b0dd1a5ac57fb2455f9c64e16e50558126ca993f6ee3ac3,adf8037c0095cec9d9cbb90265752738f0ca95559a9c2fc5015b987a1bf30211
BEPLI__003036,bepli,BEPLI_003036,003036,train,train,images/BEPLI__003036.png,annotations/points/BEPLI__003036.npy,1024,768,2,existing_1024x768,ad560fcc07cc81c05f7b807c6b03cfc2a92b0d6dc414a8a6118f6c53ac95bd22,439cb2fdc494589ea10f685eeb9760ccc1ed3a97be24a4501eaa0a26294c6fd1
BEPLI__003037,bepli,BEPLI_003037,003037,train,train,images/BEPLI__003037.png,annotations/points/BEPLI__003037.npy,1024,768,62,existing_1024x768,d30d62ea9b5bdb315cc169b621c27fb42af07f2a3e40baeb7473dcc2da3eacb4,0a6b9a93490c22ba189492cdfee74f4a069d96a5a2b0eb067f2c3c9a10557c12
BEPLI__003038,bepli,BEPLI_003038,003038,train,train,images/BEPLI__003038.png,annotations/points/BEPLI__003038.npy,1024,768,4,existing_1024x768,6e98b41316b816ef0f856c43a9e6e79350d59fcad231631c98b9f61e92733d84,73fa22762860b5be90bb38fc4bfe7ab74c6eb8b176dd534e41721949ce9244e2
BEPLI__003039,bepli,BEPLI_003039,003039,train,train,images/BEPLI__003039.png,annotations/points/BEPLI__003039.npy,1024,768,8,existing_1024x768,6fd075957547dd9faa887ad8ea1c3de503421f4eefbe2a769e8b810786da527e,20665d12e967305424ad3f38a2aed8a15d2bcb2f482fd3b8d605db95c1ace0e2
BEPLI__003040,bepli,BEPLI_003040,003040,train,train,images/BEPLI__003040.png,annotations/points/BEPLI__003040.npy,1024,768,5,existing_1024x768,a532431cc3a1df5655903cd965329c88498d383eeb5b3952dc8e51660d92b051,61889eea50a09c8ed177d486f4d7654c25dd80bfe216fa350996096d370c0252
BEPLI__003041,bepli,BEPLI_003041,003041,train,train,images/BEPLI__003041.png,annotations/points/BEPLI__003041.npy,1024,768,9,existing_1024x768,b2ff8d7455f77b9455f79584f3ebfdd1b824052511499b5d4b4ab77dee7f6aae,66f60f21ca86de67429e19ea4009f05165dba33ffd5e3c8ac5bffc309d2db2b3
BEPLI__003042,bepli,BEPLI_003042,003042,train,train,images/BEPLI__003042.png,annotations/points/BEPLI__003042.npy,1024,768,4,existing_1024x768,80b859b465b82b35a39b599564ef1920ef6806100a99742925fd441fafef6526,1b410febb0582da5149f5d0cd983ce6a5e9921b2405b390a39c2674565baa6a7
BEPLI__003044,bepli,BEPLI_003044,003044,train,train,images/BEPLI__003044.png,annotations/points/BEPLI__003044.npy,1024,768,10,existing_1024x768,f89a8cede4cb5c384d8fee79106efa9157248bfaf061da7f43d6a4252bb7c57d,cbe87e85257c504c5d0c8e0b19d21f588daa6d6bfc02f0102b8a7a8ce0327d4b
BEPLI__003045,bepli,BEPLI_003045,003045,train,train,images/BEPLI__003045.png,annotations/points/BEPLI__003045.npy,1024,768,7,existing_1024x768,de89f868e5b975ca68e7c16bd47035b20fbdbc085ede28d23cdaee8e7d7e190d,c92e7c53143b7e2ff20a8cd8ce9335fe7d2ee8df59a8f54f03f9a1f15a6f42fb
BEPLI__003046,bepli,BEPLI_003046,003046,train,train,images/BEPLI__003046.png,annotations/points/BEPLI__003046.npy,1024,768,29,existing_1024x768,ed90e2dc1003a6e1c8a955ccddf0cda7864a86271f8a5e5805ffade222f4a0f9,8512da93894b4a89a91c878d8bf13be480665b04bca71c583d98582af364d847
BEPLI__003047,bepli,BEPLI_003047,003047,train,train,images/BEPLI__003047.png,annotations/points/BEPLI__003047.npy,1024,768,16,existing_1024x768,b8f5eba3f89930416293543848e7108f86b03d85b434d93a762dfb118aa488bc,8d15abc32f4ab7739af8e33d208b9589421d8b3da575372ca17cb7a13938318e
BEPLI__003048,bepli,BEPLI_003048,003048,train,train,images/BEPLI__003048.png,annotations/points/BEPLI__003048.npy,1024,768,36,existing_1024x768,a43c94fd48b3c39659173f61958f0e28517f30cb4e035bef3df3d875aeb42dd7,be64b403382287160d0781d17f0b708696035fb3fc2236e433a703ff71ba3ef3
BEPLI__003049,bepli,BEPLI_003049,003049,train,train,images/BEPLI__003049.png,annotations/points/BEPLI__003049.npy,1024,768,19,existing_1024x768,8f009e7a345b13fd734ecfa8f5bd08e2e81e4ad73e6d73c7679b7888f7f73da7,d6ef67f3e027ea89acf4851d952f2277d6932276f95590cb5e3052b68263fcb9
BEPLI__003050,bepli,BEPLI_003050,003050,train,train,images/BEPLI__003050.png,annotations/points/BEPLI__003050.npy,1024,768,51,existing_1024x768,a15473ddb1340845e3178b68e3ca19dfcd0a7734404f00957b30f43d42c22e0a,813fdad6c88dde9a5617a6c272a60e5f80d43ccde224935574c7a8f1be8109a0
BEPLI__003051,bepli,BEPLI_003051,003051,train,train,images/BEPLI__003051.png,annotations/points/BEPLI__003051.npy,1024,768,76,existing_1024x768,ef3f88b77f2c3d909da29b92f83a315e1cc237b750862fb18335b69d20e436ca,d2055602e0dd39ef92e7d910ef0e77ff1423bc5df06a99be623989a078310b7c
BEPLI__003052,bepli,BEPLI_003052,003052,train,train,images/BEPLI__003052.png,annotations/points/BEPLI__003052.npy,1024,768,47,existing_1024x768,38d5a193b435efc1de4c6026fa7e2d4f63214e683c1ce3b40b9a3c5104bd769d,41aea4650f9a78f6af4af76d0cf961bc1418c538b3d22f11ce7004f94107f99b
BEPLI__003053,bepli,BEPLI_003053,003053,train,train,images/BEPLI__003053.png,annotations/points/BEPLI__003053.npy,1024,768,13,existing_1024x768,6b42d4ed777999f06f9741eeb51fa1606a5c34880f6db3736cad1b69b12eff0f,dbec2e3fa79f1e4e9c63c40e68751a4053ad69383e21e9e58bcb65f1a984cd4e
BEPLI__003054,bepli,BEPLI_003054,003054,train,train,images/BEPLI__003054.png,annotations/points/BEPLI__003054.npy,1024,768,33,existing_1024x768,3b5eb6fed69043733c73324a2bfc4100bae75e6edc95d50c736be9905e742737,52426fc67fadc377eae3757ed72999272ba2a19614165461165e44eec468b118
BEPLI__003055,bepli,BEPLI_003055,003055,train,train,images/BEPLI__003055.png,annotations/points/BEPLI__003055.npy,1024,768,128,existing_1024x768,23053ebfa15c580441650c5c6690b491fd314e6fe1ad6319ca3ec2e9f6329c24,d1cb2b6be8870f1252b242359a0fa16dd0dc04fb429539060a317cb4db11196e
BEPLI__003056,bepli,BEPLI_003056,003056,train,train,images/BEPLI__003056.png,annotations/points/BEPLI__003056.npy,1024,768,24,existing_1024x768,9b4b1c9b2a7aae5647fe737b78a7ea80bae031f60bf7f5d3cd886993348a8fd9,0947d14c76012b48a3bae49a63285d0c326b1a6854ebd5920b4d7c7634462ab0
BEPLI__003057,bepli,BEPLI_003057,003057,train,train,images/BEPLI__003057.png,annotations/points/BEPLI__003057.npy,1024,768,36,existing_1024x768,50dcf1818602eddd9cc4ab0103ebf97e205d56bb4468282901c61d6ad8be6521,56e7be75fb500c8719cf07cf4c4b563f382c209a250f40dd40cfc07fcca210a2
BEPLI__003058,bepli,BEPLI_003058,003058,train,train,images/BEPLI__003058.png,annotations/points/BEPLI__003058.npy,1024,768,63,existing_1024x768,eba0b2155229af329eeb2c45c0d577256b5d2775b06646d7f8c5215beda7e0e1,2896d1c72c229587b525f2ddedd529b2476183460bf596fe5c945502003fab2d
BEPLI__003059,bepli,BEPLI_003059,003059,train,train,images/BEPLI__003059.png,annotations/points/BEPLI__003059.npy,1024,768,6,existing_1024x768,ae110d07fd460108124f4529a1faa6ec39f200a666ddf8904f9e67155eaa5996,bbc652ce3f77ddca1d2638b77a851ba2f6bc3e5b926631daffdb374e8093fe56
BEPLI__003060,bepli,BEPLI_003060,003060,train,train,images/BEPLI__003060.png,annotations/points/BEPLI__003060.npy,1024,768,17,existing_1024x768,d81381e00d35d32b095786b04ddf49724a130612e05252eeed9fb2e20b371206,0e6c6a76f4cc9313e8fa3208ed331abfb75da4a487d781ce1cb18db76dae75a1
BEPLI__003061,bepli,BEPLI_003061,003061,train,train,images/BEPLI__003061.png,annotations/points/BEPLI__003061.npy,1024,768,19,existing_1024x768,74d92b62ce4e969fa2701caa8c68b373ed960579f9cff30ec20cd21f734419ac,bd71fc1e57e035b11568f230b26678ce8e3cf0e84d08339ab5edbbe1183ba856
BEPLI__003062,bepli,BEPLI_003062,003062,train,train,images/BEPLI__003062.png,annotations/points/BEPLI__003062.npy,1024,768,16,existing_1024x768,f16704531e24212d7f5d93cf9e46e44ca4195bf7e19f9fdc9dc08112afa7f885,1cb70c80a7c7b8ab73e2dcea6f80caf0e81fae0e328b822b2644f1ec0fad4df6
BEPLI__003063,bepli,BEPLI_003063,003063,train,train,images/BEPLI__003063.png,annotations/points/BEPLI__003063.npy,1024,768,30,existing_1024x768,e32b698296d78de360bfe270777520a1440b50e6c9465018c1788c9ad7725d80,187c4c6ae72e6d63206d8ffd19807d525b5c6c0d6a821d6cb110a0c06358638e
BEPLI__003064,bepli,BEPLI_003064,003064,train,train,images/BEPLI__003064.png,annotations/points/BEPLI__003064.npy,1024,768,52,existing_1024x768,9e1a3297ce56d7258aaf0b4b5bb2b834fa2865937bc858ede46cb5d644b13568,ea9d30b349e24189a8850b512f153673290f82b44f8b5f22e055fe7863266c4d
BEPLI__003065,bepli,BEPLI_003065,003065,train,train,images/BEPLI__003065.png,annotations/points/BEPLI__003065.npy,1024,768,105,existing_1024x768,ddac5ef48c22584df4a04c48ee2c9402fc7a10d3219f70dfe932b1bf54f1e354,536aa1427fc85af3c9f2c7c8ed718c8f407a5e7090833729a46ac4455412cecb
BEPLI__003066,bepli,BEPLI_003066,003066,train,train,images/BEPLI__003066.png,annotations/points/BEPLI__003066.npy,1024,768,163,existing_1024x768,3bd7b5c057452f663f6e31759c641812a6e95a63c0d830539ab03c1b9f88a256,3aac96b65da5237ca98c1c22d185d2c9234522fee1f00aeb94d89973f117672f
BEPLI__003067,bepli,BEPLI_003067,003067,train,train,images/BEPLI__003067.png,annotations/points/BEPLI__003067.npy,1024,768,62,existing_1024x768,7a03c479b112bce685dd806d47f64a5263d28f4a75c80bf01a40cd7357f7fd52,0deafbf85259d0ba2274a533cfed4d85f97a455c1dff044afdb8b33424b440a5
BEPLI__003068,bepli,BEPLI_003068,003068,train,train,images/BEPLI__003068.png,annotations/points/BEPLI__003068.npy,1024,768,157,existing_1024x768,05b8a32503fd2f1960a24a750a34b07653af2c48d6d067890f56e41e0c81560a,621441887f1ce3730e92096c351ca6f117f42a6533ea62ca0a1891b73757c329
BEPLI__003069,bepli,BEPLI_003069,003069,train,train,images/BEPLI__003069.png,annotations/points/BEPLI__003069.npy,1024,768,54,existing_1024x768,2611c7038188e5437812b18e3b68de6b03306c64d8fd41df2f469d26ae0763ec,85e3ce606c8e23a2c39651962e64d5dd0502a818b805a4e7a16a696128833d26
BEPLI__003070,bepli,BEPLI_003070,003070,train,train,images/BEPLI__003070.png,annotations/points/BEPLI__003070.npy,1024,768,41,existing_1024x768,c38e375842e8c37bf029e21aa8d0c4bee7c41a9a3df156c14a9dae2aa8933075,fa698818729a2916d321eefa5ff7ccbcefb324292f85e4999f079922bac7d292
BEPLI__003071,bepli,BEPLI_003071,003071,train,train,images/BEPLI__003071.png,annotations/points/BEPLI__003071.npy,1024,768,10,existing_1024x768,a7208fb168a4eec6edefa69a616fa763b0ee8c95aa2c528c49b8bfdfa88ee896,aba7593a5adc4447be8a8ec6d6ac81e19aa8f97cc51bbba0b8852fb75b2edac4
BEPLI__003072,bepli,BEPLI_003072,003072,train,train,images/BEPLI__003072.png,annotations/points/BEPLI__003072.npy,1024,768,88,existing_1024x768,f5a4e4b07a3a41220cead46cf8f736d8363f7d9d75da2bc2ea87334845b00df1,2ad7a184b279334a8d79a01b0b4b351143da7a5eb8c3f6bdd3e869448fd3ea46
BEPLI__003073,bepli,BEPLI_003073,003073,train,train,images/BEPLI__003073.png,annotations/points/BEPLI__003073.npy,1024,768,19,existing_1024x768,4ec4384e552bbc4643513974bddfb202e1d27248a959c69af3d24d2613f4c89b,a5ef9ec136440d97c947a86702aaea7376d22ef7ac65b0bea28521144ff11679
BEPLI__003074,bepli,BEPLI_003074,003074,train,train,images/BEPLI__003074.png,annotations/points/BEPLI__003074.npy,1024,768,8,existing_1024x768,00c4a5f73e1e635281a7d87a8ba714244643308837909feee1050474854bbe6c,e20e2decc13200c5455b247a18c9673be4389c204c671f9ec6c65375ebd5486f
BEPLI__003075,bepli,BEPLI_003075,003075,train,train,images/BEPLI__003075.png,annotations/points/BEPLI__003075.npy,1024,768,79,existing_1024x768,efe4ce1fefb66d7dd36ee165cc3d8081e5e7e5d59440d1e7cb0a11f2eae0f842,0798a68050451f380a3b17459d6d4bce1e4b26f08483c313afaca9a80b3a6d55
BEPLI__003076,bepli,BEPLI_003076,003076,train,train,images/BEPLI__003076.png,annotations/points/BEPLI__003076.npy,1024,768,56,existing_1024x768,83382196b9cda50ab1aabde3eb32f9b3231aa3245c91ef3eee6a75615873157f,89d4decc86930b502495d96c10f3f8b6a3d817a98e3305e95477568e95c224ca
BEPLI__003077,bepli,BEPLI_003077,003077,train,train,images/BEPLI__003077.png,annotations/points/BEPLI__003077.npy,1024,768,59,existing_1024x768,ebbc99155fbe14679b4b2b63babc14c3ddf5829476ac0452387d4b834b02c136,001017338f5558c005f3fd1e5de5a0de9d5b76d573bd842e6cd0adac41c9f48e
BEPLI__003078,bepli,BEPLI_003078,003078,train,train,images/BEPLI__003078.png,annotations/points/BEPLI__003078.npy,1024,768,52,existing_1024x768,97e0a109e4cb77bb2125e57a6e3d03f073ff85dddf3c9e15bb6c1d50dd752be0,10f13a193768a9057b8798b47aeeff1ddbae2900f584332c3810fadb67e19d93
BEPLI__003079,bepli,BEPLI_003079,003079,train,train,images/BEPLI__003079.png,annotations/points/BEPLI__003079.npy,1024,768,22,existing_1024x768,dda689ef1a6226dff761f409e2edb538cc17fb9614022be8973978144bf8a9f9,b8eb4d08b8511feafad43110556b1e2981a43071ecd5dd55a9de91e20ca1d60d
BEPLI__003080,bepli,BEPLI_003080,003080,train,train,images/BEPLI__003080.png,annotations/points/BEPLI__003080.npy,1024,768,25,existing_1024x768,ecb2bb153bb7927e7c28cddc4203c78b0c224d1779af24f6f30c88793c30e704,a19706caa3c70f4e48ba5d94c6fe6c72019a89c040077da7b871207f928561fd
BEPLI__003081,bepli,BEPLI_003081,003081,train,train,images/BEPLI__003081.png,annotations/points/BEPLI__003081.npy,1024,768,4,existing_1024x768,cb7dee1c61329f0a0cbbf2677539a0c1c7841a2fa24ba0d85c59d5e72ab45051,d0d6d70ce49fd8cacf0c9fa04ed69f9f4a2864143983ff7c7470d8db05748110
BEPLI__003082,bepli,BEPLI_003082,003082,train,train,images/BEPLI__003082.png,annotations/points/BEPLI__003082.npy,1024,768,9,existing_1024x768,19847b30774fe7b4a964907ceecadb8d97b1c4b856b29d5089b049b299f39d2c,860b263a2fe8e893f9d4deb315af8934f11737fdffc4ab698f646e7d9e404a28
BEPLI__003083,bepli,BEPLI_003083,003083,train,train,images/BEPLI__003083.png,annotations/points/BEPLI__003083.npy,1024,768,13,existing_1024x768,bfa3999334567ef8ac2c8927a03c6410fcedb9a09b1d0b44612d33c65e390ad8,f184d93f343ca446ccf024391c74ade47a8ae00a2ba0ded2808cb531dd5a5a13
BEPLI__003084,bepli,BEPLI_003084,003084,train,train,images/BEPLI__003084.png,annotations/points/BEPLI__003084.npy,1024,768,18,existing_1024x768,06925d7a4283e88bdf999dc8a79b9cd7dd658638ca2dbc08a4aa85f2df7e999d,2745ffef66b60933baadf71fd43d38fa01c41d555b1b7ccff5fca753aaf33cd8
BEPLI__003085,bepli,BEPLI_003085,003085,train,train,images/BEPLI__003085.png,annotations/points/BEPLI__003085.npy,1024,768,67,existing_1024x768,97f00709bc9ca41ec447f5b2f942f9392a6d7c43f8dac2241fb1417508c475da,f8573931369726c01ad3cd17b903559c61fce35303b1ca428e31b38bea3e889d
BEPLI__003086,bepli,BEPLI_003086,003086,train,train,images/BEPLI__003086.png,annotations/points/BEPLI__003086.npy,1024,768,32,existing_1024x768,86fcb07afb8a018248a5daa824ded3cbee1d8df6499e4f95193481b2d9f1d4c2,243c9158e3b92771b4c322e765eae8e2a72a319fc1e92a3e947ea581fe1f30e7
BEPLI__003087,bepli,BEPLI_003087,003087,train,train,images/BEPLI__003087.png,annotations/points/BEPLI__003087.npy,1024,768,14,existing_1024x768,b020234ce7dcf1fbb32e9942b5e36b50190e9db9bf0f8bdf0ae4e8d1326541ad,07e2be840399f42489be152c2c7ac1827ead8eda93e4cfc5c9e73feba94abbce
BEPLI__003088,bepli,BEPLI_003088,003088,train,train,images/BEPLI__003088.png,annotations/points/BEPLI__003088.npy,1024,768,5,existing_1024x768,28ae150cb979d8dce2c9b55016fe50b6cd4d33217d56e9cdae92b1437620a0fa,9b2a106dfe94373f126a143bafbec9398f0d36e6811b45ec14beff32d4262af1
BEPLI__003089,bepli,BEPLI_003089,003089,train,train,images/BEPLI__003089.png,annotations/points/BEPLI__003089.npy,1024,768,2,existing_1024x768,ec23b07d02644aae84d4627b899d7f2f8244308c338b52ad54075e19de0d6c5a,a82f7a25a260975fd354b388037abcd8589979f90e4bb324bd691f4c223b13f9
BEPLI__003090,bepli,BEPLI_003090,003090,train,train,images/BEPLI__003090.png,annotations/points/BEPLI__003090.npy,1024,768,9,existing_1024x768,f9b4973eeaab0466abc0a512f481c551d59d10affacfa1920e74426cc1405c13,2aab3072d68be1463e71181ea4a760231d99fa381b5a0157a3576f3952d1736f
BEPLI__003091,bepli,BEPLI_003091,003091,train,train,images/BEPLI__003091.png,annotations/points/BEPLI__003091.npy,1024,768,4,existing_1024x768,a19da79d2d05d936495f535d417acc494765c611c32ae969dc01f69ff21cb794,9314a359791cc7f0cf54d0cfd58cbe9a929f9cc5419ed4c462fc5e069326b03c
BEPLI__003092,bepli,BEPLI_003092,003092,train,train,images/BEPLI__003092.png,annotations/points/BEPLI__003092.npy,1024,768,1,existing_1024x768,f00137fe83017137d43b6d4db1c902add9c5ed27db34254bf56d572892e20ecc,944013ac53697f9a3e5a63dfcbbaa3628b8298320c38430876e714b2aedbdafa
BEPLI__003093,bepli,BEPLI_003093,003093,train,train,images/BEPLI__003093.png,annotations/points/BEPLI__003093.npy,1024,768,3,existing_1024x768,3bd718f743e96d35ceb1fceab492b9f97ae50cb68f6fbc4b56dc0742eb01cf64,23938bd739c47836196e12512432f9bd2b0698f7bc31a673aa3d276a792b0164
BEPLI__003094,bepli,BEPLI_003094,003094,train,train,images/BEPLI__003094.png,annotations/points/BEPLI__003094.npy,1024,768,2,existing_1024x768,b031197b1443e48a948b64e91e1ea45961a1cf746fbe775756b6cc34325cf7af,6cf06aa1977e651684d4c5e3f163496deb87c15b9ba1eff949de61ecf5890164
BEPLI__003095,bepli,BEPLI_003095,003095,train,train,images/BEPLI__003095.png,annotations/points/BEPLI__003095.npy,1024,768,59,existing_1024x768,9fdfbe4ab54fae3e32c99bea5caf0f712a2f9f2715fce28970568a29a6a1f6c9,e003cdcc46d30a0d54329b77fca9dc99acc25f481d1e5a8fed17632562c88b49
BEPLI__003096,bepli,BEPLI_003096,003096,train,train,images/BEPLI__003096.png,annotations/points/BEPLI__003096.npy,1024,768,90,existing_1024x768,5b0fbed87cb6e4eaf362f4f564f6bebc928c181ed1318ed5b6dccd2230a28c4d,c686bf6d996bc24b3f3960960054df69e68e68b2b7f780996f9f3739e6dea8cf
BEPLI__003097,bepli,BEPLI_003097,003097,train,train,images/BEPLI__003097.png,annotations/points/BEPLI__003097.npy,1024,768,9,existing_1024x768,cb645079791475bebb0013476a8cf1047ffa5f1ab90a8c789494e023a411d97a,21ed8f1a5fd5b35f02ca0f5389261c2b5d0205804a65ae95eef8375306d14ce2
BEPLI__003098,bepli,BEPLI_003098,003098,train,train,images/BEPLI__003098.png,annotations/points/BEPLI__003098.npy,1024,768,1,existing_1024x768,874818538eda641e8dbb44831e13ab41c92a40dcc6319cc68be0731fa2a2c2f5,fdf42e4b41c4290668855161c705825935afa383744faf89d76cd04e34e980fd
BEPLI__003099,bepli,BEPLI_003099,003099,train,train,images/BEPLI__003099.png,annotations/points/BEPLI__003099.npy,1024,768,7,existing_1024x768,5254730f061869e7b3fcacebffee4f664c2d55470d45305ffc0991e47caec268,ef2f34c70ff107869464f92f2185ad1d10dc338bd806e2fd70b3b9fe797884b8
BEPLI__003100,bepli,BEPLI_003100,003100,train,train,images/BEPLI__003100.png,annotations/points/BEPLI__003100.npy,1024,768,5,existing_1024x768,89b994d331095da723641d88c6117e0dd933eaf0e9d1c3b6ab02afb66328082f,9e6a30e0707f1806c9c11f6ba84429eb519ba8e3e115c71e3d3b60c90bde2019
BEPLI__003101,bepli,BEPLI_003101,003101,train,train,images/BEPLI__003101.png,annotations/points/BEPLI__003101.npy,1024,768,4,existing_1024x768,c9d8d2e884c46d9be5f74f8af1a3585ef881d6aa92150afb9c50eab53ff85fde,067fefd32a84d82ec64fbf1a659d28c642568d1e5902255f493fa17013ec767d
BEPLI__003102,bepli,BEPLI_003102,003102,train,train,images/BEPLI__003102.png,annotations/points/BEPLI__003102.npy,1024,768,4,existing_1024x768,5be1f7a115f18d7dd6e60db199a3ff16d2ac4a706b40beb0bcdd2b6056762dea,3535ff221e07d0e7d908725eb311f623186479576765e467b2715561452d90c1
BEPLI__003103,bepli,BEPLI_003103,003103,train,train,images/BEPLI__003103.png,annotations/points/BEPLI__003103.npy,1024,768,1,existing_1024x768,735bb50ca91ffb78907de70418564be1bc745ae9084d8e6d583775079733b524,10540b0b0d1659e3ff6caabd22210ae6106c8b062f96fa4c68670e0ff8735b4c
BEPLI__003104,bepli,BEPLI_003104,003104,train,train,images/BEPLI__003104.png,annotations/points/BEPLI__003104.npy,1024,768,2,existing_1024x768,836bf2f512f874039537c7c0697b18fab1642a4d5c3e510a90c1381a1c355e3a,71bdde43e6e1b95aff94392d14e06492e4365764c0b9df94eb4bca8adac8082b
BEPLI__003105,bepli,BEPLI_003105,003105,train,train,images/BEPLI__003105.png,annotations/points/BEPLI__003105.npy,1024,768,2,existing_1024x768,deecf5c17758bfa0760e714192113e77c2b0697b7cad7a42673c6258750aef62,6ffc4d83438ce98546169c072ef3b4474015cc6715097e6c8de72a0beda44f6a
BEPLI__003106,bepli,BEPLI_003106,003106,train,train,images/BEPLI__003106.png,annotations/points/BEPLI__003106.npy,1024,768,10,existing_1024x768,1e781b1159353cf47b37fd61a1c97f24bbffbd4999742c4fb8b96ef589481003,3a21ed1995330a27b829daf1b59e004afc58042847e16110561ceeb603826cbd
BEPLI__003107,bepli,BEPLI_003107,003107,train,train,images/BEPLI__003107.png,annotations/points/BEPLI__003107.npy,1024,768,4,existing_1024x768,2616d2bf2d9815e3f08c45d36a178a71ba366178610c2d33c6064eef0ad9c814,7ace97246ceb216b0697269e9969bb99e5e152230c2c0d65c8a2bc90b2044b11
BEPLI__003108,bepli,BEPLI_003108,003108,train,train,images/BEPLI__003108.png,annotations/points/BEPLI__003108.npy,1024,768,6,existing_1024x768,4b73133d2ec278e48da4e25a791670c2619c1e304b75cb6f23e956211d3e08c8,56381186477f6bed293ba74524b337dc57f9261e10f26f68ae85ed78d7412208
BEPLI__003109,bepli,BEPLI_003109,003109,train,train,images/BEPLI__003109.png,annotations/points/BEPLI__003109.npy,1024,768,8,existing_1024x768,b4c0fe71b0458af10980678cefe165b3204374b61c003ff8c9cbaaaca356a148,0efda8fb4805c3328ed055b363f0032f2511b34ac4f71880960a838443c2eb51
BEPLI__003110,bepli,BEPLI_003110,003110,train,train,images/BEPLI__003110.png,annotations/points/BEPLI__003110.npy,1024,768,11,existing_1024x768,e5d9ff68f44761b71cbdef1ad5c24d1078a3c4b4aed424eb0b092d4b4f0cb1dc,a389f5a7187bd6564b501d3d3e55ea722bf3d14710afd09ab9b428ce6a05605d
BEPLI__003111,bepli,BEPLI_003111,003111,train,train,images/BEPLI__003111.png,annotations/points/BEPLI__003111.npy,1024,768,16,existing_1024x768,93e5a26b4d9d3ef6ada4a74d7246a2f11bc178bc877876ec881c151a0f65b102,51b31bf59b6b792e334666abe9309eb9bb77a6d0edfe0ced08a5d6a62190df93
BEPLI__003112,bepli,BEPLI_003112,003112,train,train,images/BEPLI__003112.png,annotations/points/BEPLI__003112.npy,1024,768,113,existing_1024x768,6daa4537a9881f9f448e45b282705f82b8d46712414429018f656a396e12f818,08855c46f8bffaf7bd73e18b64cd5512f2e72144e4d16c772dbf079f407c17e1
BEPLI__003113,bepli,BEPLI_003113,003113,train,train,images/BEPLI__003113.png,annotations/points/BEPLI__003113.npy,1024,768,4,existing_1024x768,f7b87685e62859c5b2a655f3cb5ed43d85031159f746079a7232b4c45f726bc6,2ed4d3c1663b337ea43fd12ec83a907799d08043fafa39516e804ad7a65d1280
BEPLI__003114,bepli,BEPLI_003114,003114,train,train,images/BEPLI__003114.png,annotations/points/BEPLI__003114.npy,1024,768,4,existing_1024x768,b5e7e0253bd228f8c313b1ed85c578a162ec5240e4d48f17e90431362ce03c47,053d394b43194bd90ea4a7e9c10b1dca11605736ddbd2f8d9641234d5d9a2706
BEPLI__003115,bepli,BEPLI_003115,003115,train,train,images/BEPLI__003115.png,annotations/points/BEPLI__003115.npy,1024,768,5,existing_1024x768,ff4b18c379da70692f25c670b7bd800fa983b17f84f1e972cad66f81804fb899,48c0603801908b8d31aaa4037a06f90547ad4f914ace903ab8126c7f3bb5700a
BEPLI__003116,bepli,BEPLI_003116,003116,train,train,images/BEPLI__003116.png,annotations/points/BEPLI__003116.npy,1024,768,2,existing_1024x768,399495b622e11f7ca4a0054aa0ce1e4f94da11ca55d86414d940c4aaaf5b0192,f52b1f7bb38e4e46a7e9d5e8c7a4f8f75f59e00b91a9b847676ce28364e2b063
BEPLI__003117,bepli,BEPLI_003117,003117,train,train,images/BEPLI__003117.png,annotations/points/BEPLI__003117.npy,1024,768,5,existing_1024x768,9eaccf80123d1a3fa9b95c592c3ac1f1c31d734c3815e3e2d9eb6888dec5efba,ce4b4c6ebdf78e3e997d2dec831da9b1c002ad747bc95a62a16d489a9090044f
BEPLI__003118,bepli,BEPLI_003118,003118,train,train,images/BEPLI__003118.png,annotations/points/BEPLI__003118.npy,1024,768,5,existing_1024x768,b00d9561765792c65bcba9bf1b8391ad4558d7714e6a9ef40e62eb7e2bcbd7aa,30f490648bc39f0d2614a0b5ba4aa6e93760aa26a95b3f7930e7b455e7ad8431
BEPLI__003119,bepli,BEPLI_003119,003119,train,train,images/BEPLI__003119.png,annotations/points/BEPLI__003119.npy,1024,768,6,existing_1024x768,45763457a82e3a5ff9df3266924a71a2acb8656e0b56342790e00f47dee215b6,8318c9982fc43a1bb371b73d7323524e73b4e7b5be129b088f1e90e474485e24
BEPLI__003120,bepli,BEPLI_003120,003120,train,train,images/BEPLI__003120.png,annotations/points/BEPLI__003120.npy,1024,768,8,existing_1024x768,22cf4dfe8864122685fe7db08d3db92b000b6c3da20c801fd0b6a4c5dd1d93b1,29f826969810459ef38daa44eb594276b93d4a4d86a1b9545f26524e429d8bf8
BEPLI__003121,bepli,BEPLI_003121,003121,train,train,images/BEPLI__003121.png,annotations/points/BEPLI__003121.npy,1024,768,3,existing_1024x768,e5c6dcac71e69412c0eb46ed9b4484175cd2470c72227a1c3edc1a24c33d5987,f59ff4db67876e5a06ab06290006891b1e8fd15232f9fc9aece33a20927a309e
BEPLI__003122,bepli,BEPLI_003122,003122,train,train,images/BEPLI__003122.png,annotations/points/BEPLI__003122.npy,1024,768,2,existing_1024x768,80cee3d26d855df9152969c0eb92437373dbf1df172eb322adf81b2112b6e6b3,5f94b4ed801c51ce95c6d47751f1e5590cbf257735853fa64438ba6a98700254
BEPLI__003123,bepli,BEPLI_003123,003123,train,train,images/BEPLI__003123.png,annotations/points/BEPLI__003123.npy,1024,768,3,existing_1024x768,5c10104a59a190e2e0a282eca93f9ad27bff94367ce54d4cca650b3868e6240d,432975f471adbb3baa2d2a654eaca0af90e61cfea299f3a6465b168366d46182
BEPLI__003124,bepli,BEPLI_003124,003124,train,train,images/BEPLI__003124.png,annotations/points/BEPLI__003124.npy,1024,768,2,existing_1024x768,1701ac7c69fb8202e1b62bab87ec78ce21673805a196d64b998034d9c4016ca1,de6305d98e5fb328c82ff78a0343819efeed25de87c25a5855583728e7cc49a3
BEPLI__003125,bepli,BEPLI_003125,003125,train,train,images/BEPLI__003125.png,annotations/points/BEPLI__003125.npy,1024,768,58,existing_1024x768,af5559d936ab72506bb5d555d4ff214ca979fe6c88dcd06676e9447f2d9255c0,213c65344ac74ce946fda391fb015ca5b1c62541e59eed35a02502814c98dea0
BEPLI__003126,bepli,BEPLI_003126,003126,train,train,images/BEPLI__003126.png,annotations/points/BEPLI__003126.npy,1024,768,16,existing_1024x768,3b183cab0df9aa0a602111b65938953c6686ee489784c1252fad1620adcf0dad,fc23675be0b50a7c5b024eca5e9fc456fbdec4a94dd2b8362f5ea703c4b51051
BEPLI__003127,bepli,BEPLI_003127,003127,train,train,images/BEPLI__003127.png,annotations/points/BEPLI__003127.npy,1024,768,6,existing_1024x768,da944c6f16a9b5629ac17e95316e370c161af0239cf30883684bf35f8de06cef,e2d186e8d4e18ac779a8312216330d35acca6c4f2287af9fbd28eb2ea614cfe0
BEPLI__003128,bepli,BEPLI_003128,003128,train,train,images/BEPLI__003128.png,annotations/points/BEPLI__003128.npy,1024,768,10,existing_1024x768,66f0968e25ba56ed2c7ffd59d1e8fc0c95960d271b4887cc0c453deab8c451d8,7099ccf5fbaeb53519ef97e89f732d6e91bd4aff0a669cfdc0527ea1312363f1
BEPLI__003129,bepli,BEPLI_003129,003129,train,train,images/BEPLI__003129.png,annotations/points/BEPLI__003129.npy,1024,768,2,existing_1024x768,8f0e17cf9409983daf2caf8bc784d81cb15e208588cf04871507962fb1b0df37,30af134290b5325cf853b1ac92c019e924e2836f97cad98cf965447afdec3041
BEPLI__003130,bepli,BEPLI_003130,003130,train,train,images/BEPLI__003130.png,annotations/points/BEPLI__003130.npy,1024,768,3,existing_1024x768,cb0fb9020b9f2c31ef1c8fedc23780d8e4af57a3b1e0976aaf4569f7014147d5,18ffe79870f1d69e35a323d466c07a1b2a95d4841c416c72561f51dc719e0a6b
BEPLI__003131,bepli,BEPLI_003131,003131,train,train,images/BEPLI__003131.png,annotations/points/BEPLI__003131.npy,1024,768,1,existing_1024x768,83d2dcc6edaf43a85cf18131da4b9b2d146cd60057f80cc5ac5ebefecf9765eb,ce9b6042e2bad3b91e7e34ef4d49dbcfb99d4a16c9a39448645107f9a9326846
BEPLI__003132,bepli,BEPLI_003132,003132,train,train,images/BEPLI__003132.png,annotations/points/BEPLI__003132.npy,1024,768,9,existing_1024x768,5be1f377dde5e6f0e3c460697fae54cfce03a6af3f7c9a7a56d4ff6d34c7d3fe,bfaf14149a028f9341d8b667be9ca5ca1015d992a22f16b95ce05187c4e15e5e
BEPLI__003133,bepli,BEPLI_003133,003133,train,train,images/BEPLI__003133.png,annotations/points/BEPLI__003133.npy,1024,768,1,existing_1024x768,dfc6db056660e91afa9af7bc59105205c87b02b3b1bb44fdf7ce80e7499e1cda,3bae58aa895e71797cc8f04d832e4b9f895c5787dcc63c0edf8149ad92074e52
BEPLI__003134,bepli,BEPLI_003134,003134,train,train,images/BEPLI__003134.png,annotations/points/BEPLI__003134.npy,1024,768,1,existing_1024x768,03a792150ed7fbcdc6bf74a7a222a7b63323ce5c3a1fac8822bf7778505e252b,4a5516019075fdcd05a7b7920edea69e93866435f3bfc84477a1ff4fb3e04ede
BEPLI__003135,bepli,BEPLI_003135,003135,train,train,images/BEPLI__003135.png,annotations/points/BEPLI__003135.npy,1024,768,12,existing_1024x768,c0323b563433ed7479f26b1365a4eba6c315ba8b42c06436e64ee5b1b24aa04b,9c5620767da156320ba493a3dc577c4715f4c91dbb1bf2e5825c3ab43684cac6
BEPLI__003136,bepli,BEPLI_003136,003136,train,train,images/BEPLI__003136.png,annotations/points/BEPLI__003136.npy,1024,768,10,existing_1024x768,14774f20dac0599ac9a9987a2cdac200375380f5639d2b455f22d2aed87e2357,c002549f52a4b8eeba3fd516acf1b1390aa3a98bfe3395e6b79661ca9bfbd592
BEPLI__003137,bepli,BEPLI_003137,003137,train,train,images/BEPLI__003137.png,annotations/points/BEPLI__003137.npy,1024,768,5,existing_1024x768,92d70ffdcf47ec757966ddbb830fcc31fec95fe4a6bd3b97a3211d1c93aa7d8c,a8a280942f7beaf3a3c0efe74d1af73faf574abd069d84bf4f6845345884fb1a
BEPLI__003138,bepli,BEPLI_003138,003138,train,train,images/BEPLI__003138.png,annotations/points/BEPLI__003138.npy,1024,768,8,existing_1024x768,18b8080f611f4d1a07be4df7ea0375dd9336252d36c8f829224eb757d1826b07,987c69fee00118e7fc4aeebb3726c1ecce8713792f1545dbcd8eee24d14d7c2d
BEPLI__003139,bepli,BEPLI_003139,003139,train,train,images/BEPLI__003139.png,annotations/points/BEPLI__003139.npy,1024,768,24,existing_1024x768,8b6d21e16b0f447bba70b428336895f82f225caf93dcfc22efd69a28003d42c6,385b2578e012bdfa6d35db9fd8b6aa582d79089522d3983b57fa272d20282594
BEPLI__003140,bepli,BEPLI_003140,003140,train,train,images/BEPLI__003140.png,annotations/points/BEPLI__003140.npy,1024,768,7,existing_1024x768,3f9be7c4232ed6f00e2776cfb5cb9e74fee6e6ffee23b505ccb8f2f3db327ee0,fa9435cfc98315ebf601faf016356faf63b689aa2192c7053a86b228e4f91b71
BEPLI__003141,bepli,BEPLI_003141,003141,train,train,images/BEPLI__003141.png,annotations/points/BEPLI__003141.npy,1024,768,4,existing_1024x768,654429cddb47839b76b8ca99811be49cc5469abf106bdca4b7a4face8d8bf232,7e47729e35cde520476708389391f962c0ec05c8c1061f62b81e392a28e4541f
BEPLI__003142,bepli,BEPLI_003142,003142,train,train,images/BEPLI__003142.png,annotations/points/BEPLI__003142.npy,1024,768,1,existing_1024x768,e02c4168e2696e6ff865f64dc49530586809ae3b6018d0bb7ff145951180889e,c17fae08d52d9a0b8628ff3b49ef88a5c29b1991944c3ee73904fddaf6412cf4
BEPLI__003144,bepli,BEPLI_003144,003144,train,train,images/BEPLI__003144.png,annotations/points/BEPLI__003144.npy,1024,768,2,existing_1024x768,94cbc96492a9607399fe622e0a6478d81b24232f3c8071d1e6aaffdfb43bc6e6,31941475e4894434fba9ad926d2867407125366676d2e9907b32417ff4ceaa94
BEPLI__003145,bepli,BEPLI_003145,003145,train,train,images/BEPLI__003145.png,annotations/points/BEPLI__003145.npy,1024,768,5,existing_1024x768,68d9bfe89a8046227f077234299eff29506624c78b13375392755fcb4a8be84c,24619229f69eda372b390904d871fd52d7d07b32528cabbeed0a97f257d846ac
BEPLI__003146,bepli,BEPLI_003146,003146,train,train,images/BEPLI__003146.png,annotations/points/BEPLI__003146.npy,1024,768,14,existing_1024x768,4b7979394070901dfcb8e5e5186f74a1a1615f566dbb1bcf11ec888dd2b49707,adff70d6a56f7070449a7ad252f67524aedb8639ae6ccbbcff2c60f5acbab67c
BEPLI__003147,bepli,BEPLI_003147,003147,train,train,images/BEPLI__003147.png,annotations/points/BEPLI__003147.npy,1024,768,14,existing_1024x768,6d8dfe04fd4c83b2772115ae96c842a9a19c1704d9566e980343c2fd4daae22f,5e25bdc8700b74bea0efff3f917f25b88077c25d07bf7d87f057ed51ced58113
BEPLI__003148,bepli,BEPLI_003148,003148,train,train,images/BEPLI__003148.png,annotations/points/BEPLI__003148.npy,1024,768,27,existing_1024x768,d67ac13341e10a03e78b03ce7833acb0fc7594be1af18ffa150e4a5bec590b7c,a88d30f9cbf888dcbfa77bb5e589b7cbd91b50fa5b7ad84b740da73679bdd0a0
BEPLI__003149,bepli,BEPLI_003149,003149,train,train,images/BEPLI__003149.png,annotations/points/BEPLI__003149.npy,1024,768,151,existing_1024x768,38ce94c0400f9fc160cdd22f0d558fa2e32cbc564a2b99ec16acd9d2a73e81b8,13bae22b26d808db7a235dd34277644e7baa19bdc76a57a824dd8d98cad7ff35
BEPLI__003150,bepli,BEPLI_003150,003150,train,train,images/BEPLI__003150.png,annotations/points/BEPLI__003150.npy,1024,768,136,existing_1024x768,441d1ba64558581e2789788ebfe05b41663a2f9601f5b3e2abb092c1c9e43c78,e579fa463d9dfc7b93c2ef4566ccf030a13998dd33eb7c887c9e67ec6dde4286
BEPLI__003151,bepli,BEPLI_003151,003151,train,train,images/BEPLI__003151.png,annotations/points/BEPLI__003151.npy,1024,768,45,existing_1024x768,d0d5734aa0ecad1ea340f50471ecfbd8c222cbbfc64736aa90bf3b0db9502ee6,7b7e8303d6ced6f41b00d4d7b06d9cd349e108d711977ff1f4a5f5f7992d1301
BEPLI__003152,bepli,BEPLI_003152,003152,train,train,images/BEPLI__003152.png,annotations/points/BEPLI__003152.npy,1024,768,2,existing_1024x768,cca9ebb049cd9c3efb39dd6d557df37ed4e12ae735895f763b1a6d159627fc24,95185079e888618ce3844c1eee1c9d424749550d01057292180c30ee96e775d1
BEPLI__003153,bepli,BEPLI_003153,003153,train,train,images/BEPLI__003153.png,annotations/points/BEPLI__003153.npy,1024,768,33,existing_1024x768,b90a599c90e28bf7ecbe093ff30f7bf3dbc34317075d736209f0dff44d2aa931,5bfc5561dc515c360112ed0a714a84317914941b9cb493f6ba586c91d64c3cd9
BEPLI__003154,bepli,BEPLI_003154,003154,train,train,images/BEPLI__003154.png,annotations/points/BEPLI__003154.npy,1024,768,8,existing_1024x768,753550200b326b1819e5d3eeb70055913ad316db3839ba850b5441af3637f210,66754a1cf38390053a9f80c06018d8f008542374673dd942623409a80ed59f91
BEPLI__003155,bepli,BEPLI_003155,003155,train,train,images/BEPLI__003155.png,annotations/points/BEPLI__003155.npy,1024,768,21,existing_1024x768,4220866414336f6863e1570aefb0d846c8fc1ac730be0160bf45ad5b4d374f38,f74b33fa33af965235292bb618602a2350b1b156e9565c00bc6899a9684ac6a9
BEPLI__003156,bepli,BEPLI_003156,003156,train,train,images/BEPLI__003156.png,annotations/points/BEPLI__003156.npy,1024,768,46,existing_1024x768,02cbb133f210e252c72acfe1e5ea462a3d9c51f39665a5ab0df7d99db47c300b,4381e2d9df49427d13ee241b6df4cc1be6d3f05819165b8bdced525512be8510
BEPLI__003157,bepli,BEPLI_003157,003157,train,train,images/BEPLI__003157.png,annotations/points/BEPLI__003157.npy,1024,768,62,existing_1024x768,f0004051685cee14313de8e22cd96b97c7c7a2ee37a9c4e0e2c06457ea282b5f,43df6fd0ee89117f5e7e118763085f647b9f24f025c08a232f96027833658b0c
BEPLI__003158,bepli,BEPLI_003158,003158,train,train,images/BEPLI__003158.png,annotations/points/BEPLI__003158.npy,1024,768,40,existing_1024x768,75d4f14933ac4c3b55e5160f40f2b0d05018835e86e7b1fc28617ff0e44319c3,6acae14bf7d509526ad5001d6102959805807155762360400ee2e2d09c679964
BEPLI__003159,bepli,BEPLI_003159,003159,train,train,images/BEPLI__003159.png,annotations/points/BEPLI__003159.npy,1024,768,34,existing_1024x768,a95fb926630db7470c963873d68fe3dd0ec2d3bb1f47a9164f903618214e23ec,6b770deda2b2de8db44401f0403ce3518454d4ccdda9f2454a9a9dd37f6f2600
BEPLI__003160,bepli,BEPLI_003160,003160,train,train,images/BEPLI__003160.png,annotations/points/BEPLI__003160.npy,1024,768,14,existing_1024x768,693c9a8efa853d9368e8b95d6e74212b91b35dd661c5b61ad9213cc968020742,f78ddd5509c491a2991b409acd841f80c0a027c1e89fc3acb2a22fd88400b727
BEPLI__003161,bepli,BEPLI_003161,003161,train,train,images/BEPLI__003161.png,annotations/points/BEPLI__003161.npy,1024,768,40,existing_1024x768,1dd8a18ba608a0c7f59ce7ae49cdb95ab8865be5751b372892fdaf6de6c5f97a,eae735f0fc5727a223a7c494b9b48e50f04eb00362f29923eaf827e3473ab35d
BEPLI__003162,bepli,BEPLI_003162,003162,train,train,images/BEPLI__003162.png,annotations/points/BEPLI__003162.npy,1024,768,37,existing_1024x768,78490b620e1480d7dfe8f83b0ce41d995650ca7c5b14cedece1b2389d28fec2e,47902921326bc7c5600a44ef8a21a642b46877553a324b16f385868bbe2ed30c
BEPLI__003163,bepli,BEPLI_003163,003163,train,train,images/BEPLI__003163.png,annotations/points/BEPLI__003163.npy,1024,768,63,existing_1024x768,9d0b44d02f0ea35fe5567c111924a40d9859f470461b0f6f6e84d736781a1bd2,ce2acd0c609bb40ca908f15a48adf24cda88224fa3c0f1a2df17cc63a76121c4
BEPLI__003164,bepli,BEPLI_003164,003164,train,train,images/BEPLI__003164.png,annotations/points/BEPLI__003164.npy,1024,768,71,existing_1024x768,9555edfb004ff694f528da2c8b21fe355e68958a2ac2c6d510043fcd103eb342,e68081f25077d8851a978109d2116cb805481090cc4a715ee603bcff83e716b2
BEPLI__003165,bepli,BEPLI_003165,003165,train,train,images/BEPLI__003165.png,annotations/points/BEPLI__003165.npy,1024,768,54,existing_1024x768,640e4f29581833616ef138c8c81d1effbc32d58af930e68c77c391b7f0254e18,95574d1851650413d2c628243345f05464d3d0bdc9812688e1a6c1f6106467a6
BEPLI__003166,bepli,BEPLI_003166,003166,train,train,images/BEPLI__003166.png,annotations/points/BEPLI__003166.npy,1024,768,29,existing_1024x768,bc943641834297e62ed713801718c5b834c803d257a5a7c19aee0f6477eda2a8,f4ba2c60d8323739b920cc8fa167b930b3a4e82094055e85202ddf50eccc932d
BEPLI__003167,bepli,BEPLI_003167,003167,train,train,images/BEPLI__003167.png,annotations/points/BEPLI__003167.npy,1024,768,33,existing_1024x768,eb7f0f8e318a83017562593218f7b9a42cfc2844f8c1cc6b5932ba6d9d135a9a,74efe98e830dac81371d04ddca7aa0733ea2f1ccfd90ddad716b6b0b507f87d9
BEPLI__003168,bepli,BEPLI_003168,003168,train,train,images/BEPLI__003168.png,annotations/points/BEPLI__003168.npy,1024,768,8,existing_1024x768,bed66c7cdc734f13ff09f0c510491d05b8e20e611bcae25b8094a0abb04a60a9,1acce2801a8197cac98af5ec8b3d17891ec72c198dd897023cf599c3e2da9662
BEPLI__003169,bepli,BEPLI_003169,003169,train,train,images/BEPLI__003169.png,annotations/points/BEPLI__003169.npy,1024,768,27,existing_1024x768,b3b8f1716fe71f525377f95bab9e8863925e5423700a3f13beb644a18dada413,cbb04c7582fa426f3f365581b33b3baaf591cc728aa9d894ba4c54d3428fe84a
BEPLI__003170,bepli,BEPLI_003170,003170,train,train,images/BEPLI__003170.png,annotations/points/BEPLI__003170.npy,1024,768,65,existing_1024x768,4447fa6ce78401a38d0fe394b520b0ba6006bb980e21454d673dd8e532b89e5c,bf4702bd252d80afe1c0c6695f45b743c72a98516cb02e5a1f1029c6886e3cc4
BEPLI__003171,bepli,BEPLI_003171,003171,train,train,images/BEPLI__003171.png,annotations/points/BEPLI__003171.npy,1024,768,27,existing_1024x768,49b3189b28e3475e44606ae8a14b8053c48d1b4712f5331011aebe63cc43b060,7ffcb886961588aeb363912bad6daaa303312b0a13c884dd2e961ef1a861b86a
BEPLI__003172,bepli,BEPLI_003172,003172,train,train,images/BEPLI__003172.png,annotations/points/BEPLI__003172.npy,1024,768,6,existing_1024x768,c4f89696996ab7eb2baf7cb89c5fbb86e6ca2f12891dea97548eadc757dedef0,5811a07ff2b8854e098ca425cc6f567dc845c7a319ccfa5e8016c86f37baf05d
BEPLI__003173,bepli,BEPLI_003173,003173,train,train,images/BEPLI__003173.png,annotations/points/BEPLI__003173.npy,1024,768,10,existing_1024x768,6e0e251b06c646f9d8effa33796b609b81deb8d4126ec79454baed1fd86872e5,5ee2c5e1a8d82ac20b42a9fdda06a10d54a08a2b36772b19771148dc34c76ab5
BEPLI__003174,bepli,BEPLI_003174,003174,train,train,images/BEPLI__003174.png,annotations/points/BEPLI__003174.npy,1024,768,19,existing_1024x768,6cbf214d34b8ac7350f6dbde8e0abef8e6f70a26ae878736a3f60061c9e6f432,ef546e05f3999792a96895bcb913302b684021bbe8ac21f8e7d8347a69efe189
BEPLI__003175,bepli,BEPLI_003175,003175,train,train,images/BEPLI__003175.png,annotations/points/BEPLI__003175.npy,1024,768,121,existing_1024x768,8b6eda0a5f21113812a35926466b49ae843f596d4464683e832a5ad939e87275,c0012c4a5c3fc484b83393be4d74f29d719422e5f90e44c4d854d3befc27a894
BEPLI__003176,bepli,BEPLI_003176,003176,train,train,images/BEPLI__003176.png,annotations/points/BEPLI__003176.npy,1024,768,5,existing_1024x768,816558234e150d8891a7eca5253c322610d67d04bfd4ad73f28d6b5f5e883300,22b91d402458333eaa2cc39a8fcabae834f7f08230ffa3b7053eb73c37e4c274
BEPLI__003177,bepli,BEPLI_003177,003177,train,train,images/BEPLI__003177.png,annotations/points/BEPLI__003177.npy,1024,768,30,existing_1024x768,09684c640861a59e6cf596253fc9216c8f29130e502f65c5dd8d73db46c9a48b,50424835079e4fa3f8bf5a4ef87fc379a2ac01536c8a6816af27b477d86bd123
BEPLI__003178,bepli,BEPLI_003178,003178,train,train,images/BEPLI__003178.png,annotations/points/BEPLI__003178.npy,1024,768,43,existing_1024x768,6c72249c64ea08d4bace0502f5f36b0fa2155c54541efad4596021e41f187336,73b0fed311173fa497a1c40aa8dc18f4807470fef4e508d533ec71f44299af04
BEPLI__003179,bepli,BEPLI_003179,003179,train,train,images/BEPLI__003179.png,annotations/points/BEPLI__003179.npy,1024,768,13,existing_1024x768,5c1d99e39a55b137705057e30e68db1811612b10355a9474b71231d9c588d6aa,0b922e4fbdf31a4c0a6ea8018ba9881e279ad66974bd1cbea0860e9281fb3c9a
BEPLI__003180,bepli,BEPLI_003180,003180,train,train,images/BEPLI__003180.png,annotations/points/BEPLI__003180.npy,1024,768,38,existing_1024x768,b92deff7a7ee7b3da095640aaa0ba6ed02fa27a2c167728febbc3bf073513f65,8ed6d5f27770ece662143ab81a83faf16537d14b7b9283d0fc86d8119f375860
BEPLI__003181,bepli,BEPLI_003181,003181,train,train,images/BEPLI__003181.png,annotations/points/BEPLI__003181.npy,1024,768,19,existing_1024x768,a6953e990a58411f0520c40d1dff8134f3b5be7e745a5f9b63e4909b4153b0b7,25df3ede9424171d0d72f6cad960576d1ff3d94fe4c192e2343253435e25e677
BEPLI__003182,bepli,BEPLI_003182,003182,train,train,images/BEPLI__003182.png,annotations/points/BEPLI__003182.npy,1024,768,50,existing_1024x768,c8072a76d262eec3aae28ca6569a948d71ff98a4887ad1ff36391d804ce9da2f,c0efe0beea828f3a97596b04e03cc08c5df6b18bfc1926523d32d08574daab16
BEPLI__003183,bepli,BEPLI_003183,003183,train,train,images/BEPLI__003183.png,annotations/points/BEPLI__003183.npy,1024,768,82,existing_1024x768,45649fc1f28818a04603a7b68b97912e3ddfed5432b889b2c0178b147579b95d,2a387cbd18975b05c6265d2d40875b2f639df680fe78b5a53e4c23fc888eb405
BEPLI__003184,bepli,BEPLI_003184,003184,train,train,images/BEPLI__003184.png,annotations/points/BEPLI__003184.npy,1024,768,25,existing_1024x768,564cb5854ec889070305a0042c91470136ede8ec129a6f9efded05b0594f83d6,5f99c3a628996810e6291566567805d7f600c542527bfbceeea9c6b2d1dc554a
BEPLI__003185,bepli,BEPLI_003185,003185,train,train,images/BEPLI__003185.png,annotations/points/BEPLI__003185.npy,1024,768,20,existing_1024x768,4f86341c4174f6a6cc61aeb10586063b0db726322f3735e44997fd7f0b0b8ea4,2ce222fea9a8d33585ad9a1fa29ce937f544ee3555619382527029020791abba
BEPLI__003186,bepli,BEPLI_003186,003186,train,train,images/BEPLI__003186.png,annotations/points/BEPLI__003186.npy,1024,768,47,existing_1024x768,f8d1446617a59a0c464cfe2f2eb71b9fcbb6a8a69a53f6b087331b0007ce7b10,1cb17ba06d690405c196352d6f696d9a22c5b18f4d2c3928b38833d600a07889
BEPLI__003187,bepli,BEPLI_003187,003187,train,train,images/BEPLI__003187.png,annotations/points/BEPLI__003187.npy,1024,768,36,existing_1024x768,8f047ac51501f4c1bc0e761764463aee58614b337aec5481f9fc03a4784837cf,ed17de4475da47eb8f6b1ff6eaa99970f04942bb87c8a53fe12b065e4d1bcb3e
BEPLI__003188,bepli,BEPLI_003188,003188,train,train,images/BEPLI__003188.png,annotations/points/BEPLI__003188.npy,1024,768,3,existing_1024x768,456b178726c93ce7990c547201fd6b0edf1f3b497c8349b1c999d5b42a9bcbe0,245b0897441c6ffd14e59ae66ee28c3cebee50e0448d4c5e3784daa1ac795050
BEPLI__003189,bepli,BEPLI_003189,003189,train,train,images/BEPLI__003189.png,annotations/points/BEPLI__003189.npy,1024,768,12,existing_1024x768,ab5f9b7950e0184a28176ab9259e8552ba8d2b1cde697cc9521cd2b09abbc37c,bcfbb4fa0bc3884a41e86f1c62f3e3892225edb9da0510f9b82c9f147c980d5c
BEPLI__003190,bepli,BEPLI_003190,003190,train,train,images/BEPLI__003190.png,annotations/points/BEPLI__003190.npy,1024,768,10,existing_1024x768,4785abb12553a9447ed46de20521a48cc0ea52caaa8a875fd9e33d779e17366e,823fa8b228ec99de2b2643ea75aa2061b09f2017774bc26085a31dfcb8cf61cc
BEPLI__003191,bepli,BEPLI_003191,003191,train,train,images/BEPLI__003191.png,annotations/points/BEPLI__003191.npy,1024,768,11,existing_1024x768,7bf72d5b964f991a8eb5a9e5862d01da538525d9454175abd37e0abbf3f1fa73,ad00757f7164c15ac0df707ef0a33dd7966392d167a3dd0d03b2ddf38560e805
BEPLI__003192,bepli,BEPLI_003192,003192,train,train,images/BEPLI__003192.png,annotations/points/BEPLI__003192.npy,1024,768,50,existing_1024x768,b4afb3bd53976f689e4333d63671371998961480c9d34631835b81c3564507a2,3b02de7364553d65a8be5bf3bf33aca0694a0e8ca020db9073ca56c14f658808
BEPLI__003193,bepli,BEPLI_003193,003193,train,train,images/BEPLI__003193.png,annotations/points/BEPLI__003193.npy,1024,768,54,existing_1024x768,f58296326ae5c0ea5c38e50a1470103b9a2e7c15b4be4879e08550e72e697f81,a4ccddd16af2a5278817e30e605572530a448f184f88568e20ac7a86e893eaf2
BEPLI__003194,bepli,BEPLI_003194,003194,train,train,images/BEPLI__003194.png,annotations/points/BEPLI__003194.npy,1024,768,12,existing_1024x768,fc0c27ea9ed7088a9a922beb5e7f4b216f351d529aa53213e2fc98db7bf706e5,1d3e2cbc1db325fd6191431f1b93f354ce11ef9da2d3e041491b7412e7761692
BEPLI__003195,bepli,BEPLI_003195,003195,train,train,images/BEPLI__003195.png,annotations/points/BEPLI__003195.npy,1024,768,18,existing_1024x768,21ee8bd5df59df61339c40578dbb252e96965f2edf7fcdda6d97cc4519318e78,92b6cbff7a85f549796087dd3fe8e8062186fdedbe3405c90d6283c508217839
BEPLI__003196,bepli,BEPLI_003196,003196,train,train,images/BEPLI__003196.png,annotations/points/BEPLI__003196.npy,1024,768,20,existing_1024x768,b0487738a812992ba3a69395e8941b5805ed3e9e54491c252e02dbeb1de9711f,c2913bcd8fccc2e7492c631b5ee3f9adda1f417b134bcc1f614e1ad84d88096a
BEPLI__003197,bepli,BEPLI_003197,003197,train,train,images/BEPLI__003197.png,annotations/points/BEPLI__003197.npy,1024,768,22,existing_1024x768,2fd60a682914700187c3f30d69696c333db2c01ef63291e093cdc6308c1cf2dd,9af764ac4f8e78752860db48b385899a91a3ded6a3e5c54498df729fdb9b7e5a
BEPLI__003198,bepli,BEPLI_003198,003198,train,train,images/BEPLI__003198.png,annotations/points/BEPLI__003198.npy,1024,768,73,existing_1024x768,b3b3cdf1f4085407e2825663936a8906f60d8db3cc8b6d9862ceb927f4aed320,ea9db2785de7b944e2fd4606225b6b6d4c1710d18d68bcfe2e34d26a4e62a02d
BEPLI__003199,bepli,BEPLI_003199,003199,train,train,images/BEPLI__003199.png,annotations/points/BEPLI__003199.npy,1024,768,27,existing_1024x768,1d94d130cce7e8117852c8fc5fac3ecce94be4742d7003ae4933f8c656e661c3,bcc725988f910e9ff7208a0c42ef347ef4b30c6f5db9f2cb7e7426d8b58a6b32
BEPLI__003200,bepli,BEPLI_003200,003200,train,train,images/BEPLI__003200.png,annotations/points/BEPLI__003200.npy,1024,768,109,existing_1024x768,660cb8ee0e3fce6cae637d8e82887d7903ebeb31f4339e2eef2a60c6ac9502c7,de25d8a5ab024b4785816013652c2f52e142367105d77293842b374be5173fff
BEPLI__003201,bepli,BEPLI_003201,003201,train,train,images/BEPLI__003201.png,annotations/points/BEPLI__003201.npy,1024,768,24,existing_1024x768,c49f1da6dbfeed69464c95969246e7264fe195fccaf2b2e1387d5b53afcfcc1f,545c4ba949ad44cf72dcbf4618894df3ba59fef716a350ebf74e89a0327de747
BEPLI__003202,bepli,BEPLI_003202,003202,train,train,images/BEPLI__003202.png,annotations/points/BEPLI__003202.npy,1024,768,40,existing_1024x768,bc3c8f908fadf702d51f0e371428334009f495b4c0ff128f96969dfd602ae739,080b16c335ee96a5dce370ac4e293b5e4faddd8e8125d1c0f3c7be793c733edf
BEPLI__003203,bepli,BEPLI_003203,003203,train,train,images/BEPLI__003203.png,annotations/points/BEPLI__003203.npy,1024,768,39,existing_1024x768,6a1b512c39d66486f75dabef0225b9ca394a77fa86c24a010a06b43bf386ba2d,a54d75eac219c6fac1842f43f11a73010ed3dfbbbf946e9c8ca74dca8a9de69f
BEPLI__003204,bepli,BEPLI_003204,003204,train,train,images/BEPLI__003204.png,annotations/points/BEPLI__003204.npy,1024,768,33,existing_1024x768,c818e2bfd24c9ca58155a5274d7d6cd575037a3c89f8e434090d670a7ec3c935,f3d7351d492274a84d5b5afe67ecfb5e46b021f14613cbbc718b5b9474dea225
BEPLI__003205,bepli,BEPLI_003205,003205,train,train,images/BEPLI__003205.png,annotations/points/BEPLI__003205.npy,1024,768,20,existing_1024x768,52c47ffdab96426d0387e258b5a805cbd6974771022e06d9ca8d01893ec9e1ce,2dc27dba878060991a72e1b121f9f074530aa1b68ee7f67aca0b447636071c96
BEPLI__003206,bepli,BEPLI_003206,003206,train,train,images/BEPLI__003206.png,annotations/points/BEPLI__003206.npy,1024,768,12,existing_1024x768,8a2726964e4359b19a81b6faa619ef5a02ce4f24d531b813b731a01ed89c86e1,d4ce6328440f2e2573cf5b9358cb1b3db272ce91f2a2a0da8e0c14008c0781e3
BEPLI__003207,bepli,BEPLI_003207,003207,train,train,images/BEPLI__003207.png,annotations/points/BEPLI__003207.npy,1024,768,19,existing_1024x768,f0a76c4a225432e332325e906375e71446741bc860708cae65711e2721365847,6bb77d163611e8766ceb40f8eebbdb142b79f99d2fadb5a4a77da2c2a3e79f58
BEPLI__003208,bepli,BEPLI_003208,003208,train,train,images/BEPLI__003208.png,annotations/points/BEPLI__003208.npy,1024,768,30,existing_1024x768,d9ff17148d5aef2bab576054f35c718c877bb5f1ec47b175938c2356432dbe37,2abfc9186387e09edb826c55ccef0630e2f1b25028d7621af5e27ef252686dfe
BEPLI__003209,bepli,BEPLI_003209,003209,train,train,images/BEPLI__003209.png,annotations/points/BEPLI__003209.npy,1024,768,71,existing_1024x768,0e8eb9d44207cd35dcc0c1ac4b481835c12f9e74fcf2b477e85947197a38dfcf,a870511b96f68012ce844bcfbeefca586ee9011c981e6315a0bc3c507908b72c
BEPLI__003210,bepli,BEPLI_003210,003210,train,train,images/BEPLI__003210.png,annotations/points/BEPLI__003210.npy,1024,768,33,existing_1024x768,1963d2f7a0522eec9230a3db2848b798cdd3b62698bd7517be2adda3749df7e6,b60e2e022f29c47e3b0ecd53f6e27f9381e45ff88a5165e0f9aaa541c31955da
BEPLI__003211,bepli,BEPLI_003211,003211,train,train,images/BEPLI__003211.png,annotations/points/BEPLI__003211.npy,1024,768,86,existing_1024x768,69688ac576403e25ac72060959802745a7699d2a3dc49bfa9df421b18ec9d5b7,4d49463c98eaa8e1e4e5389bab3abd0c8517e3576cfe3c7634443e5ff52404cc
BEPLI__003212,bepli,BEPLI_003212,003212,train,train,images/BEPLI__003212.png,annotations/points/BEPLI__003212.npy,1024,768,43,existing_1024x768,8ac96664d92e03a9e5f71624e69582bdf7a7912095c66e383c41b6504e04f5e6,9bcc5e5bff923e860a78532f32596d20fc809d4b23d51d4dbda6ae0b015a1962
BEPLI__003213,bepli,BEPLI_003213,003213,train,train,images/BEPLI__003213.png,annotations/points/BEPLI__003213.npy,1024,768,16,existing_1024x768,0529eedbe5922cdc90c6c49600b432cd2b07e76d7e9bb832dda188d82df1adef,fb15a0df00b74c47bd03538c1dcd4985527c13b9a83a55c7061f28ab83b9d6bd
BEPLI__003214,bepli,BEPLI_003214,003214,train,train,images/BEPLI__003214.png,annotations/points/BEPLI__003214.npy,1024,768,70,existing_1024x768,26ae47fec29fada00f3c669b80dc4901b2e9d668d9366ddfe197db3f4914c206,e3beca02d89704bebbe5525826504dbf238163e1d6066591e4ac51c4e69825f5
BEPLI__003215,bepli,BEPLI_003215,003215,train,train,images/BEPLI__003215.png,annotations/points/BEPLI__003215.npy,1024,768,36,existing_1024x768,53c575cb4e73699ea57742caf0115a323ec8e29194369f11520afd73a46d287f,a4b57aa0876ce51e2b59692f7ed0dfd7da884147d8b754a68d9291bea95d5076
BEPLI__003216,bepli,BEPLI_003216,003216,train,train,images/BEPLI__003216.png,annotations/points/BEPLI__003216.npy,1024,768,16,existing_1024x768,a6f0259488de8d6abb888956fad8e0729becb9c7eddeb6833c085d464c738528,588ff5a9e40d8c8c5d04f31e27afc5e17121b47d0bb31d324fef80825d76722a
BEPLI__003217,bepli,BEPLI_003217,003217,train,train,images/BEPLI__003217.png,annotations/points/BEPLI__003217.npy,1024,768,68,existing_1024x768,bf2b41a6fa28a603840ba78f3c18265952a2e6cf7d981542b3924491f6c7bf8b,d102ddee1c4928cbe21e5950b9fb6e45eb6541baaa3dde3bd8b8b136506975fd
BEPLI__003218,bepli,BEPLI_003218,003218,train,train,images/BEPLI__003218.png,annotations/points/BEPLI__003218.npy,1024,768,17,existing_1024x768,f068c8a250009ff9a53c8097b4e71eb2047bc49596c88f22357eeb4aa251a55a,5d686cd2b1b87ce9e2bddc35e1123f5c00d850c934022f559f51d99cb0ef764e
BEPLI__003219,bepli,BEPLI_003219,003219,train,train,images/BEPLI__003219.png,annotations/points/BEPLI__003219.npy,1024,768,50,existing_1024x768,50c286e60a72570377b20a4225099667a1e9803edd32cb4de6bf362c995596e8,3188c95acbfda377254458e7f56c80a43c00ad578d4c0a874d191d6ee7b4adfe
BEPLI__003220,bepli,BEPLI_003220,003220,train,train,images/BEPLI__003220.png,annotations/points/BEPLI__003220.npy,1024,768,21,existing_1024x768,7ebdf2b9693d66c49b225adcc98c4f36c11369b22fcc236de88bdc7834275910,340a9f862f2d9e677371c190fd306a6fad42074d852cd18ce4642d5ed4b30d3d
BEPLI__003221,bepli,BEPLI_003221,003221,train,train,images/BEPLI__003221.png,annotations/points/BEPLI__003221.npy,1024,768,44,existing_1024x768,5dad672879cf95d978dd0ffb5dc8fc32844d175a760275228fd4f29009c50a16,c93576d0fb8f0c5d868a3de7770107f7139ad923bc15dfbe8ceca01b305a3864
BEPLI__003222,bepli,BEPLI_003222,003222,train,train,images/BEPLI__003222.png,annotations/points/BEPLI__003222.npy,1024,768,10,existing_1024x768,7b34c495b8fb8030d3ef57c4e72c0ee43c065fb4ed6df2b757a73b06e998ae84,6d6db01a3969b2cce025824ae61c6422f36cdcc3817b593e8f0faf7a51db858f
BEPLI__003223,bepli,BEPLI_003223,003223,train,train,images/BEPLI__003223.png,annotations/points/BEPLI__003223.npy,1024,768,24,existing_1024x768,f2b79aa5c27182d0c4006ebe1654f4be3969cd3a31a21b614f13d9ee13834a56,f60d577254c0d3a056c163a9644140a1346e833dcfd6307ae5f128dddb75ec77
BEPLI__003224,bepli,BEPLI_003224,003224,train,train,images/BEPLI__003224.png,annotations/points/BEPLI__003224.npy,1024,768,22,existing_1024x768,ee7d1b414c5b053ee90c422c6172b9a277e156ad4183f7040ff82370b4e0552f,2b478ec713e7e7171d08fc912152452723175f75c502bd1dbe1e874250b73c7c
BEPLI__003225,bepli,BEPLI_003225,003225,train,train,images/BEPLI__003225.png,annotations/points/BEPLI__003225.npy,1024,768,17,existing_1024x768,0389001a5b37b14893429da434698864fd057031362414828787ec078c516739,393498c0c67cb7bdb21bb3cfc13c9334881fdcfc9b3ae4088bbe1b674c992aa3
BEPLI__003226,bepli,BEPLI_003226,003226,train,train,images/BEPLI__003226.png,annotations/points/BEPLI__003226.npy,1024,768,20,existing_1024x768,d12a6bec3e61e5f8edba7670b29762bcc813f01b892dc8aea177f36225f78528,20f3a4865f690e62a1138b7922f58eb61dcd572816934b62d16b8f65ebc72529
BEPLI__003227,bepli,BEPLI_003227,003227,train,train,images/BEPLI__003227.png,annotations/points/BEPLI__003227.npy,1024,768,108,existing_1024x768,4b345fe7d9c37a8effdc8f4e61876357cbb3cac4577ab7ee9cf2fc9fbe489f50,378a932f183c19c61eefcbb681169e1ab758bc7666de74a670da081f3a5f5151
BEPLI__003228,bepli,BEPLI_003228,003228,train,train,images/BEPLI__003228.png,annotations/points/BEPLI__003228.npy,1024,768,100,existing_1024x768,9e6899fe1fde2edf7f3af472c213556d685e2b09ca261c0f98d4dc61f84dc5cd,9427314dc9c94a3553801d474723168e07dc59892461388491af86fd079d93a6
BEPLI__003229,bepli,BEPLI_003229,003229,train,train,images/BEPLI__003229.png,annotations/points/BEPLI__003229.npy,1024,768,11,existing_1024x768,323794d4eb0fc518de45b8e5feb2c3f91001486822a3e279a36d79ef5ff68aad,fce6fbc4cc10bfa022be2672183875e3d56607f7df8f4878c8303bc04baa2951
BEPLI__003230,bepli,BEPLI_003230,003230,train,train,images/BEPLI__003230.png,annotations/points/BEPLI__003230.npy,1024,768,7,existing_1024x768,9fe6a7ec0437d7ee685dea5f732b00f6cb7ac0eb116e64b3829f84382ff6ba8c,3b96104ac99d4b7e4c06507c6260e3b8592e41fd5113bc7063ed20f553d476a4
BEPLI__003231,bepli,BEPLI_003231,003231,train,train,images/BEPLI__003231.png,annotations/points/BEPLI__003231.npy,1024,768,14,existing_1024x768,c54fce312132ed6139bed31ce6941807e749a0747fc164557126d44fa5bc4161,cf8ba7b7cd92a21971db5778b309284aa8710487a6c604d1cbb800e7cf732558
BEPLI__003232,bepli,BEPLI_003232,003232,train,train,images/BEPLI__003232.png,annotations/points/BEPLI__003232.npy,1024,768,13,existing_1024x768,0c4239e925008b31d478580a00a3dae90eb8c073f9307d7849b6a03e03d7cf98,136f5dde4b38d640168f92320a056d0f35ae96f888988d174f078ec0b13d8a8a
BEPLI__003233,bepli,BEPLI_003233,003233,train,train,images/BEPLI__003233.png,annotations/points/BEPLI__003233.npy,1024,768,27,existing_1024x768,1eab84ccb142833b8741f927a4a56667c41a0ba8839a13145fb3c8b249d97b59,591b839b3861faf298bfc17fdbb11b1f641edcaf86d1b51009f2edc59c3b4fde
BEPLI__003234,bepli,BEPLI_003234,003234,train,train,images/BEPLI__003234.png,annotations/points/BEPLI__003234.npy,1024,768,32,existing_1024x768,261421cb2a37bd809476b8509498d2b8c053eb457750d56b8f8e08d9d02ea4ae,71f0130227227c97762c8f2d6f0f69c493ceb908676ee52adb46c23c54ec4e27
BEPLI__003235,bepli,BEPLI_003235,003235,train,train,images/BEPLI__003235.png,annotations/points/BEPLI__003235.npy,1024,768,21,existing_1024x768,19a233d0252161fb726bfa6fb8248bc6e8be2334509712db56e5eda1210e8105,6616cc478cd25c019309ae1b0a48e3579d723c66d8a2077490554dcabb7ccf43
BEPLI__003236,bepli,BEPLI_003236,003236,train,train,images/BEPLI__003236.png,annotations/points/BEPLI__003236.npy,1024,768,47,existing_1024x768,8aa340dc8d0d4e96df67879bec2b32ed3d762a64caed51801d3ed91e1271a8cf,386c991bfee5622df1615ef44a4234f7966edc4dea503f3c1cafdb40c9a7bb00
BEPLI__003237,bepli,BEPLI_003237,003237,train,train,images/BEPLI__003237.png,annotations/points/BEPLI__003237.npy,1024,768,47,existing_1024x768,3d282cbf7084bce6d2795df945e6e61dc15c6d890a6e1d36f2b37e3fb6484134,a7198b9e2dc75add2b48ae432f45da7132b231d34805430bf72db7a78eb0c588
BEPLI__003238,bepli,BEPLI_003238,003238,train,train,images/BEPLI__003238.png,annotations/points/BEPLI__003238.npy,1024,768,85,existing_1024x768,59a483ec27a698df400bb19bf056674750d33e21375e6bea48215167916fa722,8868e7e92e89c4f9321e9a6cd74c6a0b2f52dede3c45dc556df9575ba4a64e68
BEPLI__003239,bepli,BEPLI_003239,003239,train,train,images/BEPLI__003239.png,annotations/points/BEPLI__003239.npy,1024,768,10,existing_1024x768,37ac4c195927ddc37b578b9f72ca30f468b9b5f7e93ec584a2135c043af0282d,77a0d2cce772cf2fb2c1ea10cdb1f4faa3c10f92d04ca138ae8f8895cca3bdd1
BEPLI__003240,bepli,BEPLI_003240,003240,train,train,images/BEPLI__003240.png,annotations/points/BEPLI__003240.npy,1024,768,4,existing_1024x768,38b5647ec4474c3c2569a70b6b1aa5db28a65d13bcc4f10f9e5976ca46cc4c5c,c7472afc83b005c737e7eb2252759b7b49613566430a8d6768e02f0caf6674ad
BEPLI__003241,bepli,BEPLI_003241,003241,train,train,images/BEPLI__003241.png,annotations/points/BEPLI__003241.npy,1024,768,4,existing_1024x768,ff149c9f9e609c458d7b9b0fd1221f02a3fd297e3c827da76206fc29c362b3c6,c6d150dd152874e0ad8c43153965d87d2daa203aa9a56c38d0980d1b7a7e84e3
BEPLI__003242,bepli,BEPLI_003242,003242,train,train,images/BEPLI__003242.png,annotations/points/BEPLI__003242.npy,1024,768,15,existing_1024x768,c313241fcfc781a1b6c215cdb73720534cd02676e19f7616f9962f87f9324ea6,09453fe5ce99e8c30625699057765b902a0e4f6b6622cc354b9acd75ef28a0ce
BEPLI__003243,bepli,BEPLI_003243,003243,train,train,images/BEPLI__003243.png,annotations/points/BEPLI__003243.npy,1024,768,17,existing_1024x768,00877228a887843dcbaf5bc93ad6fc5c20439235415a10ea61f5789cdbf27e2c,53ba8e7553a5f4673024b3ca3adffada4b992325691ac033df32a3ac1a29be70
BEPLI__003244,bepli,BEPLI_003244,003244,train,train,images/BEPLI__003244.png,annotations/points/BEPLI__003244.npy,1024,768,31,existing_1024x768,0bb6a2cb23d58987c608b90e1e714f1303717c5e279f8f3d23aed450d0d32f67,1d046b0c0feca5ee80fbfeee5e125b7bc0a835ae0522891cab1908420ba1bafa
BEPLI__003245,bepli,BEPLI_003245,003245,train,train,images/BEPLI__003245.png,annotations/points/BEPLI__003245.npy,1024,768,40,existing_1024x768,f8261cb434164bb2ebe172cd6e05301f6801f77cb55705cc58b7d65004529dd0,9d00de052b8e990bcbb0b038e93fee19ce9689c08a99f55bcb4f3ad466deb72b
BEPLI__003246,bepli,BEPLI_003246,003246,train,train,images/BEPLI__003246.png,annotations/points/BEPLI__003246.npy,1024,768,15,existing_1024x768,9c2552a9967bf087197b4a51cf0452a519ce4d81b2da8e30c9df031a54c1e83b,2d76b894ed8ecadb4a9d2f939ee11a3f21e44e442f8768e766643220d63a8ec3
BEPLI__003247,bepli,BEPLI_003247,003247,train,train,images/BEPLI__003247.png,annotations/points/BEPLI__003247.npy,1024,768,63,existing_1024x768,af3f181b045314d7616819ceef7e7a21eea89887a7fb91820a9ba99f331f2fd0,acf9d726541689abfc6246f75bd4f31fadae2613d82cd0beb5f4148f24716c1b
BEPLI__003248,bepli,BEPLI_003248,003248,train,train,images/BEPLI__003248.png,annotations/points/BEPLI__003248.npy,1024,768,9,existing_1024x768,daffae11ed8d0370fa167599395f344c6e5ba265842bd16baa11f0d7ede38756,bc3dc8cec41418181230f6ab87c5685b8ecdce5520b224d863257cfd11e5e326
BEPLI__003249,bepli,BEPLI_003249,003249,train,train,images/BEPLI__003249.png,annotations/points/BEPLI__003249.npy,1024,768,19,existing_1024x768,e351a194a394b8cd31acfe746d405f0a40ee818c49fb368432cb5a55732b798a,3bd93e6fc850ab793fc43a4de9ee9d9502e45de7fb5b81e10223fd50cee24146
BEPLI__003250,bepli,BEPLI_003250,003250,train,train,images/BEPLI__003250.png,annotations/points/BEPLI__003250.npy,1024,768,25,existing_1024x768,89f84dfcd958344f02bf1ff0dcb101be86a4bc5fe4ccc93270d22d6575f07b5d,3de3259a80b1bf4e581b95439d50521aae7cb1c72e5ef55375d815b363354a02
BEPLI__003251,bepli,BEPLI_003251,003251,train,train,images/BEPLI__003251.png,annotations/points/BEPLI__003251.npy,1024,768,18,existing_1024x768,69e00b4c59b6bc382a0551238d40ae4895c8d4490ca77739bb484ddc5505bad0,9e9d258929b6dbcc1f0bf5678ba483190f0f35daf4a870e5609199cd415ad609
BEPLI__003252,bepli,BEPLI_003252,003252,train,train,images/BEPLI__003252.png,annotations/points/BEPLI__003252.npy,1024,768,80,existing_1024x768,0f2633712dd3096391be71bde879d3038ddbfc63e7218a9f8b5c1c140327b887,24ab51761b0ec36ff8e898c6257e083443237855ec96e513c4931c562af3d69a
BEPLI__003253,bepli,BEPLI_003253,003253,train,train,images/BEPLI__003253.png,annotations/points/BEPLI__003253.npy,1024,768,30,existing_1024x768,494e2bf5181a04a5495debc267827277d38ef745a7feaa96d0d8d851b50442a0,acc0eb9c1858f886d03cd36e9d4b1935be1e4ee07d00a2ae7be57b483ddf1d1d
BEPLI__003254,bepli,BEPLI_003254,003254,train,train,images/BEPLI__003254.png,annotations/points/BEPLI__003254.npy,1024,768,22,existing_1024x768,29d5eb9465acbbd2f15911551e2ac442e24b19302a3968d42790db5ccd8318aa,a774a452f48d9ce2e1b408805b1367921e835b81328803b279f0b54e512470f0
BEPLI__003255,bepli,BEPLI_003255,003255,train,train,images/BEPLI__003255.png,annotations/points/BEPLI__003255.npy,1024,768,28,existing_1024x768,b6c355dd662c9c1462b49d8ef8f374c7d8df4fbdbc705b7aa8e84962b5ce2c56,50debdd2dd118d8e54074bf7017b55aa9cf12af1dbb3ec8a484380f00914d1c6
BEPLI__003256,bepli,BEPLI_003256,003256,train,train,images/BEPLI__003256.png,annotations/points/BEPLI__003256.npy,1024,768,24,existing_1024x768,9221cefdd40fcfccac8622ccd33c2287b1c63729029155590c4df4ff7adba982,99715e14d7cc1acadb5fdf14c2f081d9571b4ba4b0cf6d484fb7b9ad16583dc4
BEPLI__003257,bepli,BEPLI_003257,003257,train,train,images/BEPLI__003257.png,annotations/points/BEPLI__003257.npy,1024,768,62,existing_1024x768,0f35beeeb711957b22e3b65f69cbafd30b512f33911b4625f10bfbfc5374dd6e,f0c2c232bd4b8c369046713e30f57ba6242ca438fed9f54316d5b8c748511f4a
BEPLI__003258,bepli,BEPLI_003258,003258,train,train,images/BEPLI__003258.png,annotations/points/BEPLI__003258.npy,1024,768,57,existing_1024x768,cee230a407e686000f5d33582bbad3e2b1697364537f324a53bbe0115a5d0f73,0e4ca965d2855d0ed7ed3403aada41d01e2e603e97c266e8e17bc2a86621d4df
BEPLI__003259,bepli,BEPLI_003259,003259,train,train,images/BEPLI__003259.png,annotations/points/BEPLI__003259.npy,1024,768,26,existing_1024x768,afd2b98386e489c4ae03dd9520e15188ceb2332f46277b5930d42da62398991b,58f775bb52233cd27daa033a1d581c28ad6e1047a76105fa90ecb13a8b4caf93
BEPLI__003260,bepli,BEPLI_003260,003260,train,train,images/BEPLI__003260.png,annotations/points/BEPLI__003260.npy,1024,768,49,existing_1024x768,7fc73f8a3d538547520aa8dd66850246fcc7cb5baecdb69f603e47736ab345a0,23e8a722855526e0ecf51e38662c64ad80cfdea877a3a63256553d0b756828e4
BEPLI__003261,bepli,BEPLI_003261,003261,train,train,images/BEPLI__003261.png,annotations/points/BEPLI__003261.npy,1024,768,13,existing_1024x768,e8fdc65e68096b56de65df60509a3cf818b30b273bfe231c1475df49c2b75497,c940ff8f92b87d44c90a9b991436b0a290580b2fc0d239011041553575163977
BEPLI__003262,bepli,BEPLI_003262,003262,train,train,images/BEPLI__003262.png,annotations/points/BEPLI__003262.npy,1024,768,13,existing_1024x768,55083a54b96bc71e149b57d9effcd21a667302a4829fe23b335b160bd08a15a5,b7b4f5569bfcb3a484800650b2d359d8be88397478c66622b03b62a6c2044392
BEPLI__003263,bepli,BEPLI_003263,003263,train,train,images/BEPLI__003263.png,annotations/points/BEPLI__003263.npy,1024,768,9,existing_1024x768,ebfbd93b16ebc2105ab9eec7dfb4a9c533515bd8a66d7a324c29c4d1fc5e6a14,d529204d928cbfa71c2c40e2783721109ab8d3fa4700bce07afc9d600f5b827b
BEPLI__003264,bepli,BEPLI_003264,003264,train,train,images/BEPLI__003264.png,annotations/points/BEPLI__003264.npy,1024,768,13,existing_1024x768,b702b58856815b3d7d50b047d4d1eb4636b16bc702572613d8937b5ad0523bd0,563bd728a776c9d4ad9592778ae19beeb0a7350e60a31f4ef58690ead3318b60
BEPLI__003265,bepli,BEPLI_003265,003265,train,train,images/BEPLI__003265.png,annotations/points/BEPLI__003265.npy,1024,768,43,existing_1024x768,3c7d0bcf9faeb5b48b7256eaeaed55e048b30499d347facd559466c89e9918ec,cce0042775244e867d529b5b0593ce8412925657f015d3ce8c99c08c9cb7e01c
BEPLI__003266,bepli,BEPLI_003266,003266,train,train,images/BEPLI__003266.png,annotations/points/BEPLI__003266.npy,1024,768,25,existing_1024x768,c1f5b50f5e36d7701c35d6b3c9c52da9c1569cd0148ba704592cb3fb2da0688c,ce611aeea4009a2c93776bc50a9fa15d0efdad5c63c5622f1fa217bbada2718b
BEPLI__003267,bepli,BEPLI_003267,003267,train,train,images/BEPLI__003267.png,annotations/points/BEPLI__003267.npy,1024,768,29,existing_1024x768,1cfc996241231558b90b5c1adfb14b17e020c96f6fe6908812c4951a42002450,428aa49336890026ffc6f03994ea670a0eac261b4d8f609a9e3a15a07264e99e
BEPLI__003268,bepli,BEPLI_003268,003268,train,train,images/BEPLI__003268.png,annotations/points/BEPLI__003268.npy,1024,768,14,existing_1024x768,0b4eee3ffe5225c98a2095bab7ee14ed355621d0b6ddb3d580e9dbffaa0ab2fb,086e3dc34fee55e211c75cc1be26f284e0734f6026dc367452ed27467f021c2a
BEPLI__003269,bepli,BEPLI_003269,003269,train,train,images/BEPLI__003269.png,annotations/points/BEPLI__003269.npy,1024,768,16,existing_1024x768,63045ec7d9a513c7458470882f1f44c39558c56fc13d4d20477059c414e440ad,cd7fbe77773dcd9725e3e08255639e5f1b71083aa468892908e0699b68058a6c
BEPLI__003270,bepli,BEPLI_003270,003270,train,train,images/BEPLI__003270.png,annotations/points/BEPLI__003270.npy,1024,768,14,existing_1024x768,da67cd7fcf933eaa6b2b1e43e04ca57d47be5430649302c78ea853595bb902d2,8693e362090c10d3733cbb264fe97f095224d929b90ef768473c9f7f5249204e
BEPLI__003271,bepli,BEPLI_003271,003271,train,train,images/BEPLI__003271.png,annotations/points/BEPLI__003271.npy,1024,768,26,existing_1024x768,5b4ad7c3fd2fc00f3a04fb88093eff37944cf98d134d56838ab2bc59483ecc13,0764bdc738d0228cb6e196ca8dc7413e3fe80856a5a10d49ebec66718246f6ef
BEPLI__003272,bepli,BEPLI_003272,003272,train,train,images/BEPLI__003272.png,annotations/points/BEPLI__003272.npy,1024,768,18,existing_1024x768,f9881f94a9b0583f00de50c358b81577a74c7493d5a4741b23095e594e48cc2c,5d169c7830ffe9aa4c0f64a69479b7ce060b55095058fb73eccb3e65aae06eee
BEPLI__003273,bepli,BEPLI_003273,003273,train,train,images/BEPLI__003273.png,annotations/points/BEPLI__003273.npy,1024,768,53,existing_1024x768,4923bcf12c1f831eea6031209fbf2d97f7c10f1d1cd66443a4e9ca76b14317ac,edddc58e5af3202953792e6ad1b64f3057b7aa4669cdd488152b5b3cff366417
BEPLI__003274,bepli,BEPLI_003274,003274,train,train,images/BEPLI__003274.png,annotations/points/BEPLI__003274.npy,1024,768,47,existing_1024x768,36b2f8484e12af8a2e0ba20b75bde7b6919848266f4c0cf94fd8cc5155da4144,41ec9338459b36e4cdae619b24be87ac36540cb73983202b1bfe38e905531f30
BEPLI__003275,bepli,BEPLI_003275,003275,train,train,images/BEPLI__003275.png,annotations/points/BEPLI__003275.npy,1024,768,25,existing_1024x768,1ef8077079b9752b82e1d0c00b5917419d25d33d21dc519eed0cd09819f924cc,14b53d0ac5254ba4e011afdc71a07b9f58683c5b6a07262e6f3c9235bd41fa2e
BEPLI__003276,bepli,BEPLI_003276,003276,train,train,images/BEPLI__003276.png,annotations/points/BEPLI__003276.npy,1024,768,58,existing_1024x768,d88734c2ce5191c0d306038a7700946ddd9d92c70b4a063ddd9bb27a25229f67,f0e99e669de8b6f1efc934b02d87dfcbec8da918ed45508fce742a98b451dc6e
BEPLI__003277,bepli,BEPLI_003277,003277,train,train,images/BEPLI__003277.png,annotations/points/BEPLI__003277.npy,1024,768,38,existing_1024x768,6da3ff9b7c274cf11c4e53b6dca9d0450722dbc82577005da881cb5e7d080ae2,29b776a88bd688d1f671a9463d6d10f4ffb5e75f1d76dc63eae7bfacafde8b94
BEPLI__003278,bepli,BEPLI_003278,003278,train,train,images/BEPLI__003278.png,annotations/points/BEPLI__003278.npy,1024,768,21,existing_1024x768,a4547879360203a8344f190c65091a6344414410e0309c47d1382ea176d956e6,859136e935d93a3875dce0c08bb8791ede263c18c367729d0251022a08ed88f5
DSWD__img_0,dswd,DSWD_img_0,img_0,train,train,images/DSWD__img_0.png,annotations/points/DSWD__img_0.npy,1024,768,2,letterbox_448x448_to_768x768_pad_left128_pad_right128,95f5d816c95ff6fa63e7532fd7c085e99fb0488d9e9e60230e65c4e10cf08fd3,c0ea6be04be0a2f04c2ae6fe5937d6e0f99e990cfc9f80c460c15332eb77535b
DSWD__img_1,dswd,DSWD_img_1,img_1,train,train,images/DSWD__img_1.png,annotations/points/DSWD__img_1.npy,1024,768,1,letterbox_448x448_to_768x768_pad_left128_pad_right128,8823faade14297f7c84ed38abcf6a7325acb1aefccc3f01896e54f4a2e798316,9b5f756ca78ef9ad4e855af5e2d5dabb05747054146cde2f8c886e8dc05ea36b
DSWD__img_1011,dswd,DSWD_img_1011,img_1011,train,train,images/DSWD__img_1011.png,annotations/points/DSWD__img_1011.npy,1024,768,1,letterbox_448x448_to_768x768_pad_left128_pad_right128,b3dcd85d2555ab95c3cc39828a01707797b3ace7bf6610600665801fb57ef282,309faf4788b9511ed5b21ad2fe27a00f1510f1c162047be93f2749e11aadf679
DSWD__img_1023,dswd,DSWD_img_1023,img_1023,train,train,images/DSWD__img_1023.png,annotations/points/DSWD__img_1023.npy,1024,768,2,letterbox_448x448_to_768x768_pad_left128_pad_right128,8f04ed8e767c70a603cc8f36c2ea5f237366f2d56dde6e92701d3186ab34010c,9b6dd18adfce2738c6be2670754afe138e2624473f5536e2542da7090517b5be
DSWD__img_1036,dswd,DSWD_img_1036,img_1036,train,train,images/DSWD__img_1036.png,annotations/points/DSWD__img_1036.npy,1024,768,1,letterbox_448x448_to_768x768_pad_left128_pad_right128,844c352741cf7ea2103003b49eb358e39e632ae298f19b5433e3be688acb7b45,84040623ca6a0182f5fe7beb4a00eb3f74e0e2871ac3ee8c5f67d4bdac552b76
DSWD__img_1050,dswd,DSWD_img_1050,img_1050,train,train,images/DSWD__img_1050.png,annotations/points/DSWD__img_1050.npy,1024,768,4,letterbox_448x448_to_768x768_pad_left128_pad_right128,5aaaa01278e486ab3663c97847d30e82983f10f3ea06bf2b3460c2b494678597,5a0e261b08ab4d679dabc14a79b1dda7c82f34bac6d2ea6ea367695481c566ce
DSWD__img_1051,dswd,DSWD_img_1051,img_1051,train,train,images/DSWD__img_1051.png,annotations/points/DSWD__img_1051.npy,1024,768,1,letterbox_448x448_to_768x768_pad_left128_pad_right128,ae856194dabdf0ae823b17e55b1329f068e364f0e3ad9348a46898ffebba3310,eae6edf5b22519cc2b73d749138913b2fcc65ffc9a1fa52c2746dc3420067595
DSWD__img_1053,dswd,DSWD_img_1053,img_1053,train,train,images/DSWD__img_1053.png,annotations/points/DSWD__img_1053.npy,1024,768,1,letterbox_448x448_to_768x768_pad_left128_pad_right128,1f07b778afa37956a227d8687c1b4959987e55dc98773ae2d28998d03e68ea9a,0d5991f52ce10cccccd81fc7580b62d368783dc6e232d8d8995af3f81c587f12
DSWD__img_1056,dswd,DSWD_img_1056,img_1056,train,train,images/DSWD__img_1056.png,annotations/points/DSWD__img_1056.npy,1024,768,7,letterbox_448x448_to_768x768_pad_left128_pad_right128,a260e9d5e4850b59aa2ab512fc5a44aef0f3f39e7f7e0c7b081744abaf793354,52a7c6b126ad431c0e6e92d95c8fb3f666980908b804fbe1d627674548397b4f
DSWD__img_1060,dswd,DSWD_img_1060,img_1060,train,train,images/DSWD__img_1060.png,annotations/points/DSWD__img_1060.npy,1024,768,2,letterbox_448x448_to_768x768_pad_left128_pad_right128,a88712760c1826ef635c3363d7595c6b8fb3434b650a31ebb8cf2e031d6765e1,1c41289195eea2216efd5545c9619e17285769c45f9e5b4f58ea5deda061b187
DSWD__img_1065,dswd,DSWD_img_1065,img_1065,train,train,images/DSWD__img_1065.png,annotations/points/DSWD__img_1065.npy,1024,768,1,letterbox_448x448_to_768x768_pad_left128_pad_right128,fef0c6627af868586000aa42dac881f188c29b87936ea87972575332cb811459,a8b98bdc900bfb47c83885b2f51a3a9cecc5954957861314e96e55dbfe2ce499
DSWD__img_108,dswd,DSWD_img_108,img_108,train,train,images/DSWD__img_108.png,annotations/points/DSWD__img_108.npy,1024,768,10,letterbox_448x448_to_768x768_pad_left128_pad_right128,39ad27cbf53ef5eccc660e33031aa3cbd29c45b52cc7dc45f9e5ba0dadc80d23,36ed4a7e87829784a3016a662d2b47a4940906a3966a9fd5191a01ec5252ac88
DSWD__img_1086,dswd,DSWD_img_1086,img_1086,train,train,images/DSWD__img_1086.png,annotations/points/DSWD__img_1086.npy,1024,768,2,letterbox_448x448_to_768x768_pad_left128_pad_right128,a8f88194bcade8865d0ff41e95717a6a54a24008e574307f5a0a44a8e0e2f423,350358cb1cf276fc49ab81d869422b4219044a8bfcb6b7cd2ce2222026fe958e
DSWD__img_1095,dswd,DSWD_img_1095,img_1095,train,train,images/DSWD__img_1095.png,annotations/points/DSWD__img_1095.npy,1024,768,1,letterbox_448x448_to_768x768_pad_left128_pad_right128,153a473ab6039f581422d2ac27c936dbea5e9a45e82523a99a4c9a4d65f5d735,e33aafe57373c881f953219d1d96aa5032b356ce1d4792a2a832f9264938bd7f
DSWD__img_1105,dswd,DSWD_img_1105,img_1105,train,train,images/DSWD__img_1105.png,annotations/points/DSWD__img_1105.npy,1024,768,3,letterbox_448x448_to_768x768_pad_left128_pad_right128,70e7f184d2774032564c62d25d2fbe0031b6e84610727e65c08903aac52df796,1bef6535b7bd5b8cb2170eb74ee09ec94cdd695f429cffb7b0152eb3191bdaf3
DSWD__img_111,dswd,DSWD_img_111,img_111,train,train,images/DSWD__img_111.png,annotations/points/DSWD__img_111.npy,1024,768,11,letterbox_448x448_to_768x768_pad_left128_pad_right128,a3a8d8362abb709844b61a5c659933900fcfed31d63e0a75934686a0e9029e59,449084ee01f091a752947a8bd399428269c4d59c103950c05aaec6f4d5ba442e
DSWD__img_1116,dswd,DSWD_img_1116,img_1116,train,train,images/DSWD__img_1116.png,annotations/points/DSWD__img_1116.npy,1024,768,2,letterbox_448x448_to_768x768_pad_left128_pad_right128,9dccfa27f9b7758f67d727a5d2accc99ea92fe075a0adf2621c2b4a5575c8acf,e2289647506ae81a19d9bfd141b187b729dd1c56353df4741b4d55acfd0d701f
DSWD__img_1128,dswd,DSWD_img_1128,img_1128,train,train,images/DSWD__img_1128.png,annotations/points/DSWD__img_1128.npy,1024,768,1,letterbox_448x448_to_768x768_pad_left128_pad_right128,52b7ef1212e09db777f7cc8d93370ab8d78f5deefce7b3bbf96731c786e0525f,ffbbb49453a58bc94700551b2ee849fda53cb2679a8a793e1776859f6391a143
DSWD__img_1141,dswd,DSWD_img_1141,img_1141,train,train,images/DSWD__img_1141.png,annotations/points/DSWD__img_1141.npy,1024,768,2,letterbox_448x448_to_768x768_pad_left128_pad_right128,7f1c3223a15516b29e8b6dfddf28aca7fc9d3db9654683b85b4f1f090cdb4862,094e199b0168c63d9f4a2c5f936569a41274f22b0cf6f35c7d88c7c0bac9fe27
DSWD__img_115,dswd,DSWD_img_115,img_115,train,train,images/DSWD__img_115.png,annotations/points/DSWD__img_115.npy,1024,768,6,letterbox_448x448_to_768x768_pad_left128_pad_right128,34118aa636e10b362c3244eb7cc4c1f9d8cecbb9d5b9ae383555be3d681acb86,8181741f40bcfd9ca82f7b0b6feb4ae86a9dcf324c1efe16bdc36e1f77fc3a42
DSWD__img_1155,dswd,DSWD_img_1155,img_1155,train,train,images/DSWD__img_1155.png,annotations/points/DSWD__img_1155.npy,1024,768,5,letterbox_448x448_to_768x768_pad_left128_pad_right128,250ea60dcba077253a78d041a4ed1cce7dde3eaa5f4b4adc478c052af1222eb4,186c5722e05ff2c136860e1324fe3056fd86bf2342fa8531537358cdb1f9ff95
DSWD__img_1156,dswd,DSWD_img_1156,img_1156,train,train,images/DSWD__img_1156.png,annotations/points/DSWD__img_1156.npy,1024,768,5,letterbox_448x448_to_768x768_pad_left128_pad_right128,04b982aa5633eff2ffef84cf34c1a226b1531bb98d5873201dd82bdb955812e7,cfda87aeb2b8a1c527c55afdb8d91cbef6c1e26bcbf4ef52c20b324fabddda1d
DSWD__img_1158,dswd,DSWD_img_1158,img_1158,train,train,images/DSWD__img_1158.png,annotations/points/DSWD__img_1158.npy,1024,768,2,letterbox_448x448_to_768x768_pad_left128_pad_right128,cafa04fa055c6f97eb96738d3f998de36bfb0da6c2d0385c0138a5419e875a08,d0e2cbdb05770c2cb77946a890ecba6c77188db49e90da5e02edd9b14af2a8dc
DSWD__img_1170,dswd,DSWD_img_1170,img_1170,train,train,images/DSWD__img_1170.png,annotations/points/DSWD__img_1170.npy,1024,768,2,letterbox_448x448_to_768x768_pad_left128_pad_right128,c82cf648a777ed6face3cdca3d71d0c902416a0eb64b248ffd8d5bdd071ef86b,dd6143052adee9cb5037bfa3265cc772510e1345d0ef10f9d0dbd0c15efdcbb0
DSWD__img_1176,dswd,DSWD_img_1176,img_1176,train,train,images/DSWD__img_1176.png,annotations/points/DSWD__img_1176.npy,1024,768,6,letterbox_448x448_to_768x768_pad_left128_pad_right128,e9a7a2fea2431e409986804805c49b777a0554b140587ef877ac20e1c0325f94,da3a91703330d4821748eff36eab47ecc2b4b7ed9253826c5fd2c071c261ce9d
DSWD__img_1183,dswd,DSWD_img_1183,img_1183,train,train,images/DSWD__img_1183.png,annotations/points/DSWD__img_1183.npy,1024,768,3,letterbox_448x448_to_768x768_pad_left128_pad_right128,3b0c766e2776aef0ddbeb14eb5d88e5baf615fc63c252df251cf6b2d6a6a4544,7051575a841d4d3593ade34b2e15b23a46f08f7f58c8f98bf99b607afa306e11
DSWD__img_1191,dswd,DSWD_img_1191,img_1191,train,train,images/DSWD__img_1191.png,annotations/points/DSWD__img_1191.npy,1024,768,2,letterbox_448x448_to_768x768_pad_left128_pad_right128,53fbf19ca9adccf5d0e4179c11f4293d69b1ca05c58e02248f2b1924b7ea41f9,53b8a681bd10e603d831d1a5483af6cea1d72f4c59dd4107d86765444a6f2e62
DSWD__img_120,dswd,DSWD_img_120,img_120,train,train,images/DSWD__img_120.png,annotations/points/DSWD__img_120.npy,1024,768,7,letterbox_448x448_to_768x768_pad_left128_pad_right128,832e2b92b59653c846c133712ba0ff09eae325aa9d9fa38a0d1b7ae1280f59d6,78e674ca0ff0d0467b6c337f9d01d904f5ed0b7f7077a3e46c66211f8863ac62
DSWD__img_1200,dswd,DSWD_img_1200,img_1200,train,train,images/DSWD__img_1200.png,annotations/points/DSWD__img_1200.npy,1024,768,5,letterbox_448x448_to_768x768_pad_left128_pad_right128,d6d0aa631ad966ab3112daecb8b5c5070e3a95d207e7cd46257295e84de87724,40c780f42f71faa53f439fc2f4e1f1d6bf76f268dbab1a3afd6ed316e79c9495
DSWD__img_1210,dswd,DSWD_img_1210,img_1210,train,train,images/DSWD__img_1210.png,annotations/points/DSWD__img_1210.npy,1024,768,2,letterbox_448x448_to_768x768_pad_left128_pad_right128,ede2b1d1b702716181baee3db8a2f1a512262a4981c5501d6c5da085b41f7215,ead22a724c5da688e6c68339b68986e70c5f2bd11792958dc0bbcc7066a9b162
DSWD__img_1221,dswd,DSWD_img_1221,img_1221,train,train,images/DSWD__img_1221.png,annotations/points/DSWD__img_1221.npy,1024,768,3,letterbox_448x448_to_768x768_pad_left128_pad_right128,0f2fb7fe51d985b47f1b31f563e22a3772ff2f0a146494d2eced72c48e4972a9,1478f00fd15d455e9f4a0ebef128f7e9886d4aca8ddccc431041768d59a30895
DSWD__img_1233,dswd,DSWD_img_1233,img_1233,train,train,images/DSWD__img_1233.png,annotations/points/DSWD__img_1233.npy,1024,768,4,letterbox_448x448_to_768x768_pad_left128_pad_right128,888c56b4364aed496022cbdecd51e335a55ed9cc08796ae45f71723b33e2bf00,bc8c19287a4089e89387e68ccc474549616f68de1084da03e5cc79fd2a69ccb8
DSWD__img_1246,dswd,DSWD_img_1246,img_1246,train,train,images/DSWD__img_1246.png,annotations/points/DSWD__img_1246.npy,1024,768,4,letterbox_448x448_to_768x768_pad_left128_pad_right128,8174a4bcda727f63ebc1ac7a3938f10294f4845129bd0c1105afc9279dee7ce5,83b6833290c57d1234009c0cf803d538bf81d57851594378c35c67bd3d7a8c82
DSWD__img_126,dswd,DSWD_img_126,img_126,train,train,images/DSWD__img_126.png,annotations/points/DSWD__img_126.npy,1024,768,6,letterbox_448x448_to_768x768_pad_left128_pad_right128,eb7f6b5d54523bc8e48ffa8df726c60a0a955a97429a1d733141b35845b55b29,822b6e67e562d61c7055df933cd33b6e3e2431f0520585d7f3a02a15017fb33d
DSWD__img_1263,dswd,DSWD_img_1263,img_1263,train,train,images/DSWD__img_1263.png,annotations/points/DSWD__img_1263.npy,1024,768,2,letterbox_448x448_to_768x768_pad_left128_pad_right128,fe28dfc096ddce2d0fa0ffc6e76a5f9566320983bce9ddea1f0c02b3873636a8,84bc18666ed8ecba649e373407a10d0369f754157d5dbfbdeb747b4439c82019
DSWD__img_1266,dswd,DSWD_img_1266,img_1266,train,train,images/DSWD__img_1266.png,annotations/points/DSWD__img_1266.npy,1024,768,4,letterbox_448x448_to_768x768_pad_left128_pad_right128,8d2827dd81f9099506cbe8d6a2885ac00d84645c9c0b8778f3818533b288d081,708183e9717c554704c5bf577ed2557d7db26c37a6053c089b66eef215b5675d
DSWD__img_1270,dswd,DSWD_img_1270,img_1270,train,train,images/DSWD__img_1270.png,annotations/points/DSWD__img_1270.npy,1024,768,5,letterbox_448x448_to_768x768_pad_left128_pad_right128,82662b9854e096fbded9e888c573d804bc0718b988272b0a7a383e416b74ff3a,dfcbcc9473215a0c937e5e219b1a009ce7ea75f8be28e43865983044abae4970
DSWD__img_1275,dswd,DSWD_img_1275,img_1275,train,train,images/DSWD__img_1275.png,annotations/points/DSWD__img_1275.npy,1024,768,4,letterbox_448x448_to_768x768_pad_left128_pad_right128,8a51dd8f3795d6b9c6dfa5b326e93d70717b889ca72483b579f098bbbb06cbc2,4bffd94754eea80f89c49f4993393435c1ba788eb5c3bbbf6509672e47e6edb7
DSWD__img_1281,dswd,DSWD_img_1281,img_1281,train,train,images/DSWD__img_1281.png,annotations/points/DSWD__img_1281.npy,1024,768,3,letterbox_448x448_to_768x768_pad_left128_pad_right128,0db8c00b6200c8fd39a7d491698f8b52ed895de85d1becda37709aa9c6b28699,cfe6ebbba84df6160338921bb26a5d7cb73eb8e01bf56a09ba1a63ad2c241f4a
DSWD__img_1288,dswd,DSWD_img_1288,img_1288,train,train,images/DSWD__img_1288.png,annotations/points/DSWD__img_1288.npy,1024,768,4,letterbox_448x448_to_768x768_pad_left128_pad_right128,7199e1f72fbe5049a000bf63527134cc80f09fede421c4cb8eed4c1f97c6a7f5,c28cf3ef2d4692fe3d26258e957bdf8b0b8581ea8601b10f5ab3d23958880280
DSWD__img_1296,dswd,DSWD_img_1296,img_1296,train,train,images/DSWD__img_1296.png,annotations/points/DSWD__img_1296.npy,1024,768,5,letterbox_448x448_to_768x768_pad_left128_pad_right128,99ef23c382bd1859b5841ca9e87f9d49049d42ebc048fdb24fd3872cb61fa747,8f20df3d0998273d2799aae7f0a0dd821eb6afd228d1ea7dc456a6129709622a
DSWD__img_1305,dswd,DSWD_img_1305,img_1305,train,train,images/DSWD__img_1305.png,annotations/points/DSWD__img_1305.npy,1024,768,6,letterbox_448x448_to_768x768_pad_left128_pad_right128,bbf46680859430f95c7700483f46b20882b1830c91a7a2ecb92f5e46e427f710,13daf508de456510b29be65019a5a89b18c709d9b02dea5020a52118084f6264
DSWD__img_1315,dswd,DSWD_img_1315,img_1315,train,train,images/DSWD__img_1315.png,annotations/points/DSWD__img_1315.npy,1024,768,3,letterbox_448x448_to_768x768_pad_left128_pad_right128,ee626a8304dbcbabb290e62ae3bd914ea2cf27df9acc7da6cc8ea4ceab245556,27530a68bcfbe380e02ddd5ce0cd7014814e71b2c92b53020aa7d8429a0667af
DSWD__img_133,dswd,DSWD_img_133,img_133,train,train,images/DSWD__img_133.png,annotations/points/DSWD__img_133.npy,1024,768,8,letterbox_448x448_to_768x768_pad_left128_pad_right128,921c4dc2af444da4ec894742642c1e37be653fbf7e44d21dab1a84c1efbc6c4f,a3d18bafaab750949d06aed8f7bc196da910a8d40ca56283b7b33f5eb1de4288
DSWD__img_1351,dswd,DSWD_img_1351,img_1351,train,train,images/DSWD__img_1351.png,annotations/points/DSWD__img_1351.npy,1024,768,4,letterbox_448x448_to_768x768_pad_left128_pad_right128,21c2379a63c5ba83e5e9b44ffa79dab79e468bcc34f421987f1a3ddcec283269,bb1c40b34d109189555ae505022df26e487ed3af735219f13a773bb56390e311
DSWD__img_1365,dswd,DSWD_img_1365,img_1365,train,train,images/DSWD__img_1365.png,annotations/points/DSWD__img_1365.npy,1024,768,1,letterbox_448x448_to_768x768_pad_left128_pad_right128,1208fe7e9303b20d611b7ea33609420bda7daa6e9268548010f85398de1d2a8b,710e5c7352ee61ebbdb507a6b5abaf8fed6f8a8572dae3fdca5fa59f5a890dd9
DSWD__img_1366,dswd,DSWD_img_1366,img_1366,train,train,images/DSWD__img_1366.png,annotations/points/DSWD__img_1366.npy,1024,768,0,letterbox_448x448_to_768x768_pad_left128_pad_right128,a02c5038e582183ceb5c56c90ce57935d1ae78ffd33ee1ef052b64ad4a1b3909,90f00d448fe2247088a956d58dbaaffa22b18e34646d789c64f8cff85e153216
DSWD__img_1368,dswd,DSWD_img_1368,img_1368,train,train,images/DSWD__img_1368.png,annotations/points/DSWD__img_1368.npy,1024,768,1,letterbox_448x448_to_768x768_pad_left128_pad_right128,038749babb9b1007e0d5f9be1cb220ef56a4d40530d6d2146b64a8c5b6de1490,fc5270363fbf9ae816f55d7f3823ef3efc939dc011966344b21fe2cd27d4ff63
DSWD__img_1371,dswd,DSWD_img_1371,img_1371,train,train,images/DSWD__img_1371.png,annotations/points/DSWD__img_1371.npy,1024,768,1,letterbox_448x448_to_768x768_pad_left128_pad_right128,bef9f5c1ee3b6d92af0ed400585bb80584f1c94c8488fbaeaae985b5f1af74f2,15ca6b602b85981dc75d3f79236d3bc5dad37a0e4b82b3ef8b086d3b5afb2220
DSWD__img_1375,dswd,DSWD_img_1375,img_1375,train,train,images/DSWD__img_1375.png,annotations/points/DSWD__img_1375.npy,1024,768,1,letterbox_448x448_to_768x768_pad_left128_pad_right128,18cd3b6b5126061fa17b10528990c27da18e5c4ac211d720a504dd4624e56db7,3ace0bcee35ad8320949a89ef2d1d09263ca35dcc0a7617da359726c7b7aecdb
DSWD__img_1380,dswd,DSWD_img_1380,img_1380,train,train,images/DSWD__img_1380.png,annotations/points/DSWD__img_1380.npy,1024,768,0,letterbox_448x448_to_768x768_pad_left128_pad_right128,5f16fcbff420946eb7d1bad665282e75edf4ac6ce77628b7be3c5384649d381d,90f00d448fe2247088a956d58dbaaffa22b18e34646d789c64f8cff85e153216
DSWD__img_1386,dswd,DSWD_img_1386,img_1386,train,train,images/DSWD__img_1386.png,annotations/points/DSWD__img_1386.npy,1024,768,0,letterbox_448x448_to_768x768_pad_left128_pad_right128,20ec537e7e423e648e384d731e8abab6d6e469adeda7a27980ac2c2c41991a70,90f00d448fe2247088a956d58dbaaffa22b18e34646d789c64f8cff85e153216
DSWD__img_1393,dswd,DSWD_img_1393,img_1393,train,train,images/DSWD__img_1393.png,annotations/points/DSWD__img_1393.npy,1024,768,0,letterbox_448x448_to_768x768_pad_left128_pad_right128,a8d1b88528a21e1dd2318c6766f5855c787d0713ad6afc3a0b698138e22961c1,90f00d448fe2247088a956d58dbaaffa22b18e34646d789c64f8cff85e153216
DSWD__img_141,dswd,DSWD_img_141,img_141,train,train,images/DSWD__img_141.png,annotations/points/DSWD__img_141.npy,1024,768,0,letterbox_448x448_to_768x768_pad_left128_pad_right128,fce9a595713ab4ed1f89a4c87053d442dbd4750e0756d1972e78f95dd300bd0f,90f00d448fe2247088a956d58dbaaffa22b18e34646d789c64f8cff85e153216
DSWD__img_1420,dswd,DSWD_img_1420,img_1420,train,train,images/DSWD__img_1420.png,annotations/points/DSWD__img_1420.npy,1024,768,1,letterbox_448x448_to_768x768_pad_left128_pad_right128,760b464c256c65703d9630acd0ffc2e595fc1db589b56fd8bcddf936123867fd,b9f7e99ffc313e2f34f187b1e88cd775bbfbe9f1344a1fb267853070b3fefc38
DSWD__img_1431,dswd,DSWD_img_1431,img_1431,train,train,images/DSWD__img_1431.png,annotations/points/DSWD__img_1431.npy,1024,768,0,letterbox_448x448_to_768x768_pad_left128_pad_right128,7e287f8e5af1f5006d7b34bfcc6ab3fa32e6effc1edbe86963736297aab695ee,90f00d448fe2247088a956d58dbaaffa22b18e34646d789c64f8cff85e153216
DSWD__img_1443,dswd,DSWD_img_1443,img_1443,train,train,images/DSWD__img_1443.png,annotations/points/DSWD__img_1443.npy,1024,768,0,letterbox_448x448_to_768x768_pad_left128_pad_right128,df9c568ed8aa780ac2cccef6f64138c79e7b1b1ec40d8608b77889cd7b42893e,90f00d448fe2247088a956d58dbaaffa22b18e34646d789c64f8cff85e153216
DSWD__img_1456,dswd,DSWD_img_1456,img_1456,train,train,images/DSWD__img_1456.png,annotations/points/DSWD__img_1456.npy,1024,768,0,letterbox_448x448_to_768x768_pad_left128_pad_right128,8acd9eb54117deb64ff1aa49f67a4a667ed240685a0a9dd76ea3dfa313112ac4,90f00d448fe2247088a956d58dbaaffa22b18e34646d789c64f8cff85e153216
DSWD__img_1470,dswd,DSWD_img_1470,img_1470,train,train,images/DSWD__img_1470.png,annotations/points/DSWD__img_1470.npy,1024,768,0,letterbox_448x448_to_768x768_pad_left128_pad_right128,22ea334a2f7e9d929375e445f76e16a867c1b5db6da4ebf9471136a07ef9ab69,90f00d448fe2247088a956d58dbaaffa22b18e34646d789c64f8cff85e153216
DSWD__img_1471,dswd,DSWD_img_1471,img_1471,train,train,images/DSWD__img_1471.png,annotations/points/DSWD__img_1471.npy,1024,768,0,letterbox_448x448_to_768x768_pad_left128_pad_right128,5cd703af9f1a4454bb227c35e31fdc46a12a55e452a34e0a1f5354e73b817cfa,90f00d448fe2247088a956d58dbaaffa22b18e34646d789c64f8cff85e153216
DSWD__img_1473,dswd,DSWD_img_1473,img_1473,train,train,images/DSWD__img_1473.png,annotations/points/DSWD__img_1473.npy,1024,768,2,letterbox_448x448_to_768x768_pad_left128_pad_right128,231d2fbe62e47d365692c0e06ec6acfa98ccee110efa29c603185ee9ea790efe,9dda09fa1eb852e0bf0f519495c3f0ca6e20ab88c4af00584500a0f27cac3b0b
DSWD__img_1476,dswd,DSWD_img_1476,img_1476,train,train,images/DSWD__img_1476.png,annotations/points/DSWD__img_1476.npy,1024,768,2,letterbox_448x448_to_768x768_pad_left128_pad_right128,b6760c5914bd8eeb39a91e007e0ab2d38d4b370096a7052f0844837693637eda,fbbe3c48f00140b63923ae1d879ec2eb4c18ae9fbb9316ad065584c989187087
DSWD__img_1480,dswd,DSWD_img_1480,img_1480,train,train,images/DSWD__img_1480.png,annotations/points/DSWD__img_1480.npy,1024,768,2,letterbox_448x448_to_768x768_pad_left128_pad_right128,55b985cd1357068d9bc54d0ecb916efbc6743cb417848f70cf6bd780c69bb57b,6808d69ef599d00c2837f5c945d62a8fec4428edeb8855c8c14032f067f92cf7
DSWD__img_1498,dswd,DSWD_img_1498,img_1498,train,train,images/DSWD__img_1498.png,annotations/points/DSWD__img_1498.npy,1024,768,0,letterbox_448x448_to_768x768_pad_left128_pad_right128,a840bba5e3c4cceb222ba6eadcc1eec30d2927172be14f204164b9cad14b8e4e,90f00d448fe2247088a956d58dbaaffa22b18e34646d789c64f8cff85e153216
DSWD__img_150,dswd,DSWD_img_150,img_150,train,train,images/DSWD__img_150.png,annotations/points/DSWD__img_150.npy,1024,768,2,letterbox_448x448_to_768x768_pad_left128_pad_right128,6780cf96bb840b9a9961839ee30fc6a5646f2b62780ac053a2c3a5b74d4b3f07,9d45ecd91081214d34b4ac42e3d3d0cd0dc0e0b5cb8560f8e22d002265718490
DSWD__img_1506,dswd,DSWD_img_1506,img_1506,train,train,images/DSWD__img_1506.png,annotations/points/DSWD__img_1506.npy,1024,768,0,letterbox_448x448_to_768x768_pad_left128_pad_right128,f1933f2fe0b8a3333d08d43edecf0408748f0da30db48a4efca4620df0622c88,90f00d448fe2247088a956d58dbaaffa22b18e34646d789c64f8cff85e153216
DSWD__img_1515,dswd,DSWD_img_1515,img_1515,train,train,images/DSWD__img_1515.png,annotations/points/DSWD__img_1515.npy,1024,768,3,letterbox_448x448_to_768x768_pad_left128_pad_right128,df51484198b565de88277e61d58a2add97bff4f9721f935fd6ad5c561c5f47d2,7f5ca775a0b21fa377b54cd856e7dfefb0f748a77227df02c14de5a3d3fa8b08
DSWD__img_1525,dswd,DSWD_img_1525,img_1525,train,train,images/DSWD__img_1525.png,annotations/points/DSWD__img_1525.npy,1024,768,1,letterbox_448x448_to_768x768_pad_left128_pad_right128,21bd95e20b1ec5d5a06041ea39850027af70d62b5182eb942f91c6372705f8ab,b6e44b6c9bcfeff2427d4e51066d3e188ff6624b0185f5faeba803c9a61c7b56
DSWD__img_1536,dswd,DSWD_img_1536,img_1536,train,train,images/DSWD__img_1536.png,annotations/points/DSWD__img_1536.npy,1024,768,0,letterbox_448x448_to_768x768_pad_left128_pad_right128,1024c633dcea1dfb892032cc6761f1b19eb6f3017295194cb9aab87026059833,90f00d448fe2247088a956d58dbaaffa22b18e34646d789c64f8cff85e153216
DSWD__img_1548,dswd,DSWD_img_1548,img_1548,train,train,images/DSWD__img_1548.png,annotations/points/DSWD__img_1548.npy,1024,768,2,letterbox_448x448_to_768x768_pad_left128_pad_right128,52d2576e18697b4684cd8719a14eafc63b96776c6b9b5d73fcf08311d206e549,460092fa647a2e29e96ebe4e230ba1f3875a8720e9031ff1bd8fa43c8dcc0e81
DSWD__img_1561,dswd,DSWD_img_1561,img_1561,train,train,images/DSWD__img_1561.png,annotations/points/DSWD__img_1561.npy,1024,768,1,letterbox_448x448_to_768x768_pad_left128_pad_right128,43918a959ed9103b8ff45611f395a64f6a90c3866f8f326dd0a7cc8916ac09d5,0d6587d46e6f9fc179df1ef1d64bd6cb1898a0d099c3c85e28130b47c05a34e4
DSWD__img_1575,dswd,DSWD_img_1575,img_1575,train,train,images/DSWD__img_1575.png,annotations/points/DSWD__img_1575.npy,1024,768,2,letterbox_448x448_to_768x768_pad_left128_pad_right128,11efd6546ef76b90b26f7a1e70b092db335ba2fb979914d99e40153cba46c73e,01326ff23084dae19b926dfc7d22ab2a96f07040185bee63eb6053c2b8b01a9e
DSWD__img_1576,dswd,DSWD_img_1576,img_1576,train,train,images/DSWD__img_1576.png,annotations/points/DSWD__img_1576.npy,1024,768,4,letterbox_448x448_to_768x768_pad_left128_pad_right128,36a66d8129023865cb5285d8951c08a8d5c0b824f7cff28d82d486cea369d485,bf5e4ceb7d3111d3bf3f3cc4a688c22579820d5a12fceccd87636e21200d6464
DSWD__img_1585,dswd,DSWD_img_1585,img_1585,train,train,images/DSWD__img_1585.png,annotations/points/DSWD__img_1585.npy,1024,768,2,letterbox_448x448_to_768x768_pad_left128_pad_right128,81c35d4c3803c181273265e2a66f4ccc3522bee76caa7884eb1a91644af511a9,4a673219e641de0eccc93a36aba5a898fc467a120865ea2c15aa74a3ea35f957
DSWD__img_1590,dswd,DSWD_img_1590,img_1590,train,train,images/DSWD__img_1590.png,annotations/points/DSWD__img_1590.npy,1024,768,1,letterbox_448x448_to_768x768_pad_left128_pad_right128,bbfed6726e4940017e5d44e8abc4d2830a114a99a9c30bdcc593f25518779ff2,2b28ee491794f79f9d8518bc7b36be169471270d400b5f1d5d44ad75575ab995
DSWD__img_1596,dswd,DSWD_img_1596,img_1596,train,train,images/DSWD__img_1596.png,annotations/points/DSWD__img_1596.npy,1024,768,3,letterbox_448x448_to_768x768_pad_left128_pad_right128,46ec052f6c0c33d29cc191d98e25b324904128c91b0998be58bd58385c055e62,b679370cc9010d3702241ce01199ae3c8714bd3487a5fc0d55b1429eb42e46f0
DSWD__img_160,dswd,DSWD_img_160,img_160,train,train,images/DSWD__img_160.png,annotations/points/DSWD__img_160.npy,1024,768,2,letterbox_448x448_to_768x768_pad_left128_pad_right128,ec68b3d3f58f0c60c3351da9d2f4bf9dcb92ddcb4fb5601c5de190ee20543015,b06b03654bc963ce8bb2ca9bffde366e8a45bf42eafdf5db1e1b60c771108cc1
DSWD__img_1603,dswd,DSWD_img_1603,img_1603,train,train,images/DSWD__img_1603.png,annotations/points/DSWD__img_1603.npy,1024,768,3,letterbox_448x448_to_768x768_pad_left128_pad_right128,0ca9420d07489251c6d06c03b88097daf2b26a57818f57d5197dc5cb0e9620dc,8b43a1db4d24c7d52a0c29657c2ab27e00d786f986364e4a89cb125350b797dc
DSWD__img_1611,dswd,DSWD_img_1611,img_1611,train,train,images/DSWD__img_1611.png,annotations/points/DSWD__img_1611.npy,1024,768,3,letterbox_448x448_to_768x768_pad_left128_pad_right128,a00cea205a75e2bd0d6b92974b0b2835da11efb444c3b4e58494911289cea8dc,3464672fe9d66aab156e31a18c13db488f16590c70f5e691c15ebe09267a9922
DSWD__img_1620,dswd,DSWD_img_1620,img_1620,train,train,images/DSWD__img_1620.png,annotations/points/DSWD__img_1620.npy,1024,768,1,letterbox_448x448_to_768x768_pad_left128_pad_right128,91a0cab7fd31dfc2457014e287180d3031a884df59a4f841de9812b6236f7b7b,e930090a5c049c9499051f6e4352317d279c0263e30026a3be7691e3a892203b
DSWD__img_1630,dswd,DSWD_img_1630,img_1630,train,train,images/DSWD__img_1630.png,annotations/points/DSWD__img_1630.npy,1024,768,3,letterbox_448x448_to_768x768_pad_left128_pad_right128,f7d4c0b712d1da14cc48e300eea65a1098830f1ed10df646a864d90241426fbe,acff49f43c1423583049d12ff7251dfed9acdfb8e0f7ce19830f8b1f0e0ae3a7
DSWD__img_1641,dswd,DSWD_img_1641,img_1641,train,train,images/DSWD__img_1641.png,annotations/points/DSWD__img_1641.npy,1024,768,4,letterbox_448x448_to_768x768_pad_left128_pad_right128,c2b0f74c9152a7476a77d2fc8f783bbe8a2f8f1db51950022a522ea42095c727,46ac06c2c3f0dd098409e7b712969a33f92503e76b2289411c4f41e9a93b8cc0
DSWD__img_1653,dswd,DSWD_img_1653,img_1653,train,train,images/DSWD__img_1653.png,annotations/points/DSWD__img_1653.npy,1024,768,4,letterbox_448x448_to_768x768_pad_left128_pad_right128,9ff8ef1398d1360233ccec998609b4561b5a75c76ee6cbac89bbd547fff95852,4f3b5da61fd3b900f7df1a4b22a91932fe1208aca98e43573dd8631bdaef5101
DSWD__img_1681,dswd,DSWD_img_1681,img_1681,train,train,images/DSWD__img_1681.png,annotations/points/DSWD__img_1681.npy,1024,768,2,letterbox_448x448_to_768x768_pad_left128_pad_right128,88f2b49e829a851ed4300791c9d4e9421dddd5e767e32c39486c3fe32873c566,89d64c5ba495c33e0985da023bf3fc30c6f0b894de371d8ccdf1e345f300bd0f
DSWD__img_1683,dswd,DSWD_img_1683,img_1683,train,train,images/DSWD__img_1683.png,annotations/points/DSWD__img_1683.npy,1024,768,4,letterbox_448x448_to_768x768_pad_left128_pad_right128,bad208d02a06bea0eda59941cef78cabf620fb24ed58bdd88f258023c41fbe3d,5ac097bf817fd2d45d72bb99dfe02bba3517bc251a27de85c19870950244f453
DSWD__img_1686,dswd,DSWD_img_1686,img_1686,train,train,images/DSWD__img_1686.png,annotations/points/DSWD__img_1686.npy,1024,768,8,letterbox_448x448_to_768x768_pad_left128_pad_right128,e2fd6094235afd9d5b8b60ed48c5b9fd4123379eee194d02acdebdbf044179b2,5f372bea8f0cc98a848a0eebd64cc70d49176600a8143d29b8dd5ce0fa353571
DSWD__img_1690,dswd,DSWD_img_1690,img_1690,train,train,images/DSWD__img_1690.png,annotations/points/DSWD__img_1690.npy,1024,768,5,letterbox_448x448_to_768x768_pad_left128_pad_right128,254b31e5915ca4f61f25d7c741b2c3eb148d28b6beb0569c4327f2510bc43fe6,0f007bf4c0aef60794ace8659c74b3b0deec2009f4d26d478402a64e55ecfd50
DSWD__img_1695,dswd,DSWD_img_1695,img_1695,train,train,images/DSWD__img_1695.png,annotations/points/DSWD__img_1695.npy,1024,768,6,letterbox_448x448_to_768x768_pad_left128_pad_right128,55a1c690110be1a9f3aa942a5727dd07aea4505936c535fd47bbd692188fb676,d26b4809f45d5ca72182aea0fbc4f646938722ee51aa00f6bc6998ed38e64550
DSWD__img_1701,dswd,DSWD_img_1701,img_1701,train,train,images/DSWD__img_1701.png,annotations/points/DSWD__img_1701.npy,1024,768,5,letterbox_448x448_to_768x768_pad_left128_pad_right128,bd59b5e93f85212e14f3655cd8644668a6f67bf39c8eea6fe4f828deffbb532b,c9788ddb8cbc11863efb4839448b18fefb64b0989c65ccb8fa7dacbc15f2c8d9
DSWD__img_1708,dswd,DSWD_img_1708,img_1708,train,train,images/DSWD__img_1708.png,annotations/points/DSWD__img_1708.npy,1024,768,6,letterbox_448x448_to_768x768_pad_left128_pad_right128,a2715be3e5c74bbf7b783218667d2187a3db8bf8edbe621e1ad97f794f3d2e1c,645d495cb55c0cc55c6c2a03d7baefa05ba83fc523c3f540cdd57700ed918131
DSWD__img_1716,dswd,DSWD_img_1716,img_1716,train,train,images/DSWD__img_1716.png,annotations/points/DSWD__img_1716.npy,1024,768,4,letterbox_448x448_to_768x768_pad_left128_pad_right128,574b22e17e97f6058eabc41d7bbdc63b6d8d35b83728b6a4a3bb873666bb94f9,7d3a1cf7b309a6b0d11c921c360463ab4a9e44133e86fff1bc84f212ae70bc42
DSWD__img_1725,dswd,DSWD_img_1725,img_1725,train,train,images/DSWD__img_1725.png,annotations/points/DSWD__img_1725.npy,1024,768,5,letterbox_448x448_to_768x768_pad_left128_pad_right128,18df0808192b23dfd225b4d469e60f399d5f41fd93264457487534a3958abfae,3abfe623499b672c13755f2eaeeaafd352ade6e4011ff4fecbee5db9503d5c63
DSWD__img_1758,dswd,DSWD_img_1758,img_1758,train,train,images/DSWD__img_1758.png,annotations/points/DSWD__img_1758.npy,1024,768,3,letterbox_448x448_to_768x768_pad_left128_pad_right128,39d3c5dc1a62d996f7b2cb68a9c9486cff8e1feb102de43bd478e899ce2f152c,6851cfcd97744034d118d39d74d30871fd1662365a41717c0c3f10999c737f1c
DSWD__img_1771,dswd,DSWD_img_1771,img_1771,train,train,images/DSWD__img_1771.png,annotations/points/DSWD__img_1771.npy,1024,768,7,letterbox_448x448_to_768x768_pad_left128_pad_right128,56e91afdd5a5eff023c170a8547cc0a3b7020e93a2f6ba0b040d68b2d1364493,bcf97b3c3f21b4529b938886f4fbb07cddcb04969323f181c99e79053788dc2a
DSWD__img_1785,dswd,DSWD_img_1785,img_1785,train,train,images/DSWD__img_1785.png,annotations/points/DSWD__img_1785.npy,1024,768,1,letterbox_448x448_to_768x768_pad_left128_pad_right128,b83b4d8c5e8b4f33bb0dd978fba7d5000149554ff5599684446c2b53d6992cae,0ca5ebd10f25fea55803a9a51f247553e932068e98720b0a2e3af085140a2a86
DSWD__img_1786,dswd,DSWD_img_1786,img_1786,train,train,images/DSWD__img_1786.png,annotations/points/DSWD__img_1786.npy,1024,768,5,letterbox_448x448_to_768x768_pad_left128_pad_right128,a95280fb2a1dfab542325bcd22e17588fa69138a52067b30649bef3a9ddb6e66,17b7c92e58f20de764398b276ccdbcbc346026fec283199dd9f6a36533257268
DSWD__img_1788,dswd,DSWD_img_1788,img_1788,train,train,images/DSWD__img_1788.png,annotations/points/DSWD__img_1788.npy,1024,768,4,letterbox_448x448_to_768x768_pad_left128_pad_right128,17529a319b31b42851b8b9078db1d7880786245eec051ce6c1b5b78e67da0737,45c3dd62d8141aa61373db88d7389cb9d0948aa32fffc3da21898048d81337c6
DSWD__img_1791,dswd,DSWD_img_1791,img_1791,train,train,images/DSWD__img_1791.png,annotations/points/DSWD__img_1791.npy,1024,768,1,letterbox_448x448_to_768x768_pad_left128_pad_right128,842ebdb9aa98692f1cd32738c33c369a5d2b3067119cc26054fe8a93c3a82fd7,79b8c1e8997b6ccc23b9a1e4b1346fe729dd6836afbdba76a493c79da35c7d76
DSWD__img_1795,dswd,DSWD_img_1795,img_1795,train,train,images/DSWD__img_1795.png,annotations/points/DSWD__img_1795.npy,1024,768,5,letterbox_448x448_to_768x768_pad_left128_pad_right128,1b371f1cccd2cc344d3f1d7ba41b93dd8258b85c0de89e6fda5e7f582f142e57,57814b3902ca99535b178fd6424bf9ffe6dd14855a01ec8e04773714b0dcd2e8
DSWD__img_1800,dswd,DSWD_img_1800,img_1800,train,train,images/DSWD__img_1800.png,annotations/points/DSWD__img_1800.npy,1024,768,5,letterbox_448x448_to_768x768_pad_left128_pad_right128,81ae2bca82e28b3f9d24e7ff3ce864ec0642a16083de641ac879c60e31237283,b31bfe05fd58a9dd6f0af1638d8cea6372d6bd9091a1314cc162b231556cc7b3
DSWD__img_1806,dswd,DSWD_img_1806,img_1806,train,train,images/DSWD__img_1806.png,annotations/points/DSWD__img_1806.npy,1024,768,0,letterbox_448x448_to_768x768_pad_left128_pad_right128,97627b2440dd7448aa612dbaacfc0e1c5a1bd8b6ae0d0a82b2048b2cde47c081,90f00d448fe2247088a956d58dbaaffa22b18e34646d789c64f8cff85e153216
DSWD__img_1830,dswd,DSWD_img_1830,img_1830,train,train,images/DSWD__img_1830.png,annotations/points/DSWD__img_1830.npy,1024,768,6,letterbox_448x448_to_768x768_pad_left128_pad_right128,a9afd559cdafa8178bc04a110334c78fc7b9930408e59461779e45d728ac4fac,af5639dc31d7fa4f75598c2e98750c2b02f1310c05f9515ae9c916e6ec240237
DSWD__img_1840,dswd,DSWD_img_1840,img_1840,train,train,images/DSWD__img_1840.png,annotations/points/DSWD__img_1840.npy,1024,768,4,letterbox_448x448_to_768x768_pad_left128_pad_right128,36a416972415df15c58e8f0a45113a3569340a9bd62e9f37d452f13cc510e20b,8d993b4233319f88b867ac367a91f76a5c1de29a310cdbf4e89408244ea7d037
DSWD__img_1851,dswd,DSWD_img_1851,img_1851,train,train,images/DSWD__img_1851.png,annotations/points/DSWD__img_1851.npy,1024,768,5,letterbox_448x448_to_768x768_pad_left128_pad_right128,2c2d656fa23a0bcf938ee9570e2d9161518c88cd3efd4adeffe2950181675ddd,fc5be06e2c8c5bc8b8f42174734f4ec9e66bd38fe2e2351e5b695970006429e7
DSWD__img_1863,dswd,DSWD_img_1863,img_1863,train,train,images/DSWD__img_1863.png,annotations/points/DSWD__img_1863.npy,1024,768,5,letterbox_448x448_to_768x768_pad_left128_pad_right128,6cc4f6e863a9851dc5900bbe67097c9abc3187f77ea56bd5de9c95d38328e077,f3ed13850accd79d3e34e208d5be25e37e59484041ffe9624d2240ea849b2960
DSWD__img_1876,dswd,DSWD_img_1876,img_1876,train,train,images/DSWD__img_1876.png,annotations/points/DSWD__img_1876.npy,1024,768,3,letterbox_448x448_to_768x768_pad_left128_pad_right128,8ec49c31a56dc4dd177b52d511827975b0693ebce9af33a66dcd877cadb447e3,6a86279ca5b4f597293b78f2fcb271bb072de36ab1f947ea6cf08ee720d0b296
DSWD__img_1890,dswd,DSWD_img_1890,img_1890,train,train,images/DSWD__img_1890.png,annotations/points/DSWD__img_1890.npy,1024,768,9,letterbox_448x448_to_768x768_pad_left128_pad_right128,d5b3e2300f6fb69301b83872c25462f3fbc63da41a0f676ed2cff96167f93fe1,312e2fb1b88fe0d08d403dd65c204d2cc9dc4af1120666fbe218661992e26858
DSWD__img_1891,dswd,DSWD_img_1891,img_1891,train,train,images/DSWD__img_1891.png,annotations/points/DSWD__img_1891.npy,1024,768,4,letterbox_448x448_to_768x768_pad_left128_pad_right128,4dddc34ead08a202ddb5c224f336827aa33c7a31554b7f73444e5389af43a275,e15c358046f10edcf25b50012ed087806b96de2f46e214cbd587ba6d17d400e5
DSWD__img_1893,dswd,DSWD_img_1893,img_1893,train,train,images/DSWD__img_1893.png,annotations/points/DSWD__img_1893.npy,1024,768,17,letterbox_448x448_to_768x768_pad_left128_pad_right128,523925b566c0ef89a98cc3b32c48f3361cecd62becb2e9bf61c85a5f67893d8b,8195ac67bc88b23f89911ce21dff588d2e1fe4d5a8a393529b2262df0ec26e9d
DSWD__img_1896,dswd,DSWD_img_1896,img_1896,train,train,images/DSWD__img_1896.png,annotations/points/DSWD__img_1896.npy,1024,768,16,letterbox_448x448_to_768x768_pad_left128_pad_right128,a751c31123078965fcb054a84429a47ff2bfb9d70384ab018b2de1aee69e5bd8,60137b0d643a6a9aa9f1c0e33e86164cbe0ef66f6ab13513af5e1f2fda887139
DSWD__img_1911,dswd,DSWD_img_1911,img_1911,train,train,images/DSWD__img_1911.png,annotations/points/DSWD__img_1911.npy,1024,768,11,letterbox_448x448_to_768x768_pad_left128_pad_right128,f1787118c5ac45c3f7e15619cf741b9599cbc1f33a6affbf62f20809ad202c2b,30cac9d656d64bcccc2589b8d7f29f346e046106fa696b5b1be885763bc8457d
DSWD__img_1918,dswd,DSWD_img_1918,img_1918,train,train,images/DSWD__img_1918.png,annotations/points/DSWD__img_1918.npy,1024,768,10,letterbox_448x448_to_768x768_pad_left128_pad_right128,bc6eb07b9d756ff503313eaa3b6a8e0851e7f61eedbfc32d040834a7db788f50,1a91cba76d90fdd8e5d8324e5828c64ba5a899b946620f5508f173d1d0e30c10
DSWD__img_1926,dswd,DSWD_img_1926,img_1926,train,train,images/DSWD__img_1926.png,annotations/points/DSWD__img_1926.npy,1024,768,8,letterbox_448x448_to_768x768_pad_left128_pad_right128,b0d7a2a3f3f895425907c08fe9bce3e734fd5b7ed61967d63d50747d6ab760d6,11328457e92fc1dc84c113ac9105f98321919b5dd02dc86588e436d1cc299a88
DSWD__img_1935,dswd,DSWD_img_1935,img_1935,train,train,images/DSWD__img_1935.png,annotations/points/DSWD__img_1935.npy,1024,768,8,letterbox_448x448_to_768x768_pad_left128_pad_right128,e4d130f785fd914466b58325b00992e2550336fafb928b0edb37f8cadef5c7ff,4150127af28a1af12ba22397a9b9cf0c143dd3170f81bc36d9fab8ef1d403207
DSWD__img_1945,dswd,DSWD_img_1945,img_1945,train,train,images/DSWD__img_1945.png,annotations/points/DSWD__img_1945.npy,1024,768,7,letterbox_448x448_to_768x768_pad_left128_pad_right128,af2feb1e4922a2b70762214329ffc3c526c588ad67e7fd4ad98114f540fb6243,9b942410a570dc8b721acdcb22328918e69f3b4cc4749097dcc20e009fbf09d6
DSWD__img_1956,dswd,DSWD_img_1956,img_1956,train,train,images/DSWD__img_1956.png,annotations/points/DSWD__img_1956.npy,1024,768,23,letterbox_448x448_to_768x768_pad_left128_pad_right128,9f52160271be552a76bb865afd100e60b66153a2c9f626892b89cddc308b47d9,fa14c3979595d5578096da8030fa16c2ebd83d06f1516acc8a41a1d7a9fd7e49
DSWD__img_196,dswd,DSWD_img_196,img_196,train,train,images/DSWD__img_196.png,annotations/points/DSWD__img_196.npy,1024,768,3,letterbox_448x448_to_768x768_pad_left128_pad_right128,7c83af141cdcc8b9dbd97f2529d18c4d64be8cd8313ff2fb0a6067e1ca6595de,03ce9417c5d84d7bcde62d1574e7476fbcd0c5c814f145507ea0a7027c714552
DSWD__img_1968,dswd,DSWD_img_1968,img_1968,train,train,images/DSWD__img_1968.png,annotations/points/DSWD__img_1968.npy,1024,768,6,letterbox_448x448_to_768x768_pad_left128_pad_right128,4caa410d96983de5c6ee98ed2d3ac6c1d576abcf8c7ad5f39cf5f6e61bf954b9,5cf85d097d68bb7e132b3fd77a4d8e7e9f8fe706b6dd6915a6e18f110fa961f2
DSWD__img_1981,dswd,DSWD_img_1981,img_1981,train,train,images/DSWD__img_1981.png,annotations/points/DSWD__img_1981.npy,1024,768,7,letterbox_448x448_to_768x768_pad_left128_pad_right128,68e314baa3328f5785ca30a7f084c42a1959470a1287358915598b6d404529f9,dec9d8e7aeeb2dd5f3015b494ab2a86b48918679d22e9482452d20e2eabfa767
DSWD__img_1995,dswd,DSWD_img_1995,img_1995,train,train,images/DSWD__img_1995.png,annotations/points/DSWD__img_1995.npy,1024,768,2,letterbox_448x448_to_768x768_pad_left128_pad_right128,45c5005577e3c066e591da803cbb14425e0500297a323e861d734958e0af6165,4462f2495151e620fd8a5777de293a798875181f747c462c4b28dc82b3e36c26
DSWD__img_2001,dswd,DSWD_img_2001,img_2001,train,train,images/DSWD__img_2001.png,annotations/points/DSWD__img_2001.npy,1024,768,1,letterbox_448x448_to_768x768_pad_left128_pad_right128,252d779dc270e8f28bf354feabcd542a43f34240fa1c72ec2c118baabe8d8bbe,7ac08c1047058387c4d7cbfe030de830c83f9f282ddc6fa887efbb5afa850ae8
DSWD__img_2005,dswd,DSWD_img_2005,img_2005,train,train,images/DSWD__img_2005.png,annotations/points/DSWD__img_2005.npy,1024,768,1,letterbox_448x448_to_768x768_pad_left128_pad_right128,eb9bf0a3ad5ea9162d268949e62a6857ef798ff3cfb481018164321a88d27dd2,417c4da1b8fa78dda1d831c155c33eff30d2fd53ad87588eca2a19699b126951
DSWD__img_2010,dswd,DSWD_img_2010,img_2010,train,train,images/DSWD__img_2010.png,annotations/points/DSWD__img_2010.npy,1024,768,1,letterbox_448x448_to_768x768_pad_left128_pad_right128,562ebb95810027021878f2f5950d6f3a4decdde582742161e3a794dd8961b734,c7bd1a3bf24aef6e33e537eda532857af56bd54679c0af0c8a2ee36d9ea41e5c
DSWD__img_2016,dswd,DSWD_img_2016,img_2016,train,train,images/DSWD__img_2016.png,annotations/points/DSWD__img_2016.npy,1024,768,2,letterbox_448x448_to_768x768_pad_left128_pad_right128,bc0382ee2cd95aad11ffa0322aa828b689554a195fd9d66683897b10bc54bb7d,d3cf923241d0b7915576ffccba68fb4696fb167a54c21313e06c4ef19f4dc7aa
DSWD__img_2023,dswd,DSWD_img_2023,img_2023,train,train,images/DSWD__img_2023.png,annotations/points/DSWD__img_2023.npy,1024,768,2,letterbox_448x448_to_768x768_pad_left128_pad_right128,acd20d4a54b8b3ba2cd2de144387e439225951ac3cd615805970e7f9f816a9fb,24c305c48f5cba0a2873460b383fdb65eda9d3d66e13513f906da1d8342e3bb0
DSWD__img_2031,dswd,DSWD_img_2031,img_2031,train,train,images/DSWD__img_2031.png,annotations/points/DSWD__img_2031.npy,1024,768,1,letterbox_448x448_to_768x768_pad_left128_pad_right128,94a3a0ad48499e8cbb105ca5f713f3359c16283eb8329084a67c91368e030df4,a4d067e6a6cbe27ddd8f507e6bd7e433cda75792e4d5eb9a7e19b3a722d20f86
DSWD__img_2040,dswd,DSWD_img_2040,img_2040,train,train,images/DSWD__img_2040.png,annotations/points/DSWD__img_2040.npy,1024,768,1,letterbox_448x448_to_768x768_pad_left128_pad_right128,16297680f29364e83c24627bbec593ce85a423da705879a38f40de55293d8569,a52b4aad83759bf88844121b459e9a0142414ec368d6ac93d46f93db297c75a7
DSWD__img_2050,dswd,DSWD_img_2050,img_2050,train,train,images/DSWD__img_2050.png,annotations/points/DSWD__img_2050.npy,1024,768,1,letterbox_448x448_to_768x768_pad_left128_pad_right128,80ef3053054f409155aff59846492adda50eb9f2c1087bcee77bd6c922bf5b6f,b175427b82b7cda52dab110b29325875d622370993af3b78f8bfa49a13bf475c
DSWD__img_2061,dswd,DSWD_img_2061,img_2061,train,train,images/DSWD__img_2061.png,annotations/points/DSWD__img_2061.npy,1024,768,1,letterbox_448x448_to_768x768_pad_left128_pad_right128,e561f7c9012227ea980546273829657e47804719b3e3d5edd089c783c070154f,f840a86f78587db50e09ccccc28b9d30ab3860d63188af5c610f9613eb0747b2
DSWD__img_210,dswd,DSWD_img_210,img_210,train,train,images/DSWD__img_210.png,annotations/points/DSWD__img_210.npy,1024,768,14,letterbox_448x448_to_768x768_pad_left128_pad_right128,332249400d637bd5b2b5916b7f87dbfc16812e28a7ed0c209b81461746e51645,a8dcb5cb07549b2deecfe5637b6c0476e6407dd809dda4d672e4ade2edf3343a
DSWD__img_2100,dswd,DSWD_img_2100,img_2100,train,train,images/DSWD__img_2100.png,annotations/points/DSWD__img_2100.npy,1024,768,4,letterbox_448x448_to_768x768_pad_left128_pad_right128,4e5947eccf72eca6d00a4ab010f2d3d7d6b4f49858b055b6441df54d4cc41eb3,201dd34fca4613e10c6d5f7f5ca9b977336442b1be83cc52afe966e064131350
DSWD__img_2101,dswd,DSWD_img_2101,img_2101,train,train,images/DSWD__img_2101.png,annotations/points/DSWD__img_2101.npy,1024,768,1,letterbox_448x448_to_768x768_pad_left128_pad_right128,74aa038e104f0b9623fb2d35027bc03a004e6c9ace4b1638538168601c24cec1,72181f9df8f2d2bca3f8e2c6a243f1559e639ae14ba9c50b7ce47abe3169aff5
DSWD__img_2103,dswd,DSWD_img_2103,img_2103,train,train,images/DSWD__img_2103.png,annotations/points/DSWD__img_2103.npy,1024,768,3,letterbox_448x448_to_768x768_pad_left128_pad_right128,0915c8779a72de058d1f8fdb26e5225e6af81b68b197220e2e0b257c842a018c,3f95496b76124fd52934ee8b9e79c6d65509e68ce190e3a89a3079a795ed731c
DSWD__img_2106,dswd,DSWD_img_2106,img_2106,train,train,images/DSWD__img_2106.png,annotations/points/DSWD__img_2106.npy,1024,768,2,letterbox_448x448_to_768x768_pad_left128_pad_right128,b6b9a8126e766a7e1136a40f712332ab584b6f0826b01ebe7e13ec50d3366528,bd6d3b21ef37dd1c076aae5a644b77e53605b8800c9b74a9a8f0f2a7b0f9d3f3
DSWD__img_211,dswd,DSWD_img_211,img_211,train,train,images/DSWD__img_211.png,annotations/points/DSWD__img_211.npy,1024,768,16,letterbox_448x448_to_768x768_pad_left128_pad_right128,3e929e8ae762cf2210a0dcfd6afa6d68d6615acd9b801d2dbd32d2bd08410ed9,52a936d469b2d148bb0e7b30c811ee1b364af6c5f4a0ddbc18c8abcf0dbd8490
DSWD__img_2110,dswd,DSWD_img_2110,img_2110,train,train,images/DSWD__img_2110.png,annotations/points/DSWD__img_2110.npy,1024,768,2,letterbox_448x448_to_768x768_pad_left128_pad_right128,521a4b8b3020a680d2f9992bc5bd49e28a5b178eca46d5bbbc9dc6ef309dcc3f,2d5c26b860ce33ea8658fec4c11c8dc10a1bb0a90a8cb2ae0fd1525de952d2cf
DSWD__img_2115,dswd,DSWD_img_2115,img_2115,train,train,images/DSWD__img_2115.png,annotations/points/DSWD__img_2115.npy,1024,768,5,letterbox_448x448_to_768x768_pad_left128_pad_right128,dedf62b4f2c87c64c88c0bd8bfc7a22b059543f7462d51a4f607e49667b3431e,c30e7c010577cb684d7dbc7dce346f74439d000204ad590f4a5ee31f895bf35a
DSWD__img_2121,dswd,DSWD_img_2121,img_2121,train,train,images/DSWD__img_2121.png,annotations/points/DSWD__img_2121.npy,1024,768,4,letterbox_448x448_to_768x768_pad_left128_pad_right128,2488053dc34d6471d47a972624909f95cbcb6916d6e2e8c282cb776a61a429e1,345c437c70dbd401bc1c9ca2524448baf979adac74e8415a4e96e62bc3534977
DSWD__img_2128,dswd,DSWD_img_2128,img_2128,train,train,images/DSWD__img_2128.png,annotations/points/DSWD__img_2128.npy,1024,768,2,letterbox_448x448_to_768x768_pad_left128_pad_right128,2b2944338424d0bfdb445df08778f16dded6a8711b5a38a0262f7a2cde0b5cdb,19070015e786d3747731a3c757e3d5fefe8d3d8cdfdd22f7b776da955b5a9262
DSWD__img_213,dswd,DSWD_img_213,img_213,train,train,images/DSWD__img_213.png,annotations/points/DSWD__img_213.npy,1024,768,22,letterbox_448x448_to_768x768_pad_left128_pad_right128,e5c5f41144a2b3b66bb94cd2b7782c9b98dc0e01ca4fb4abbcbf7a96061e10e5,341ab49803b620a90efa6a984d44fa2ee901c6124bb670fc07270903f9bb58ac
DSWD__img_2136,dswd,DSWD_img_2136,img_2136,train,train,images/DSWD__img_2136.png,annotations/points/DSWD__img_2136.npy,1024,768,6,letterbox_448x448_to_768x768_pad_left128_pad_right128,1680e02d0568adbf37d9775e722b1544cf6e8aa17ecbebc671275be408465c79,b3e046ca257d7199d5c533ffafd9f4f26da617c56c6a9d589b0ce6c148b638c5
DSWD__img_216,dswd,DSWD_img_216,img_216,train,train,images/DSWD__img_216.png,annotations/points/DSWD__img_216.npy,1024,768,15,letterbox_448x448_to_768x768_pad_left128_pad_right128,a04bf1605bc7b1e38757515aa2a128ea072050e25247d6ff8a23707310bb38f1,4c04e4c7e487afc59ba5c8932feb091bbbc5654be60c1dea1ceaa347411c34d0
DSWD__img_2166,dswd,DSWD_img_2166,img_2166,train,train,images/DSWD__img_2166.png,annotations/points/DSWD__img_2166.npy,1024,768,5,letterbox_448x448_to_768x768_pad_left128_pad_right128,09b4f4a54dbe00675f23902f340ae7aad4806da01fde49dfe316741d39fbbc27,a9e5850ee617836246b771f3a05321d4d8e370cdc93dfffe42113ba3a83ea86d
DSWD__img_2178,dswd,DSWD_img_2178,img_2178,train,train,images/DSWD__img_2178.png,annotations/points/DSWD__img_2178.npy,1024,768,4,letterbox_448x448_to_768x768_pad_left128_pad_right128,a723f63c301970f334f0f651a0ff4e5f63a201d75b59561c1a3c8b7f5c108c4d,c0ad05ad03ffc1feb87a005dae04e71233d58f2c64b03f80f7843ed2f3cda78e
DSWD__img_2191,dswd,DSWD_img_2191,img_2191,train,train,images/DSWD__img_2191.png,annotations/points/DSWD__img_2191.npy,1024,768,5,letterbox_448x448_to_768x768_pad_left128_pad_right128,f88944f791929f05977291457c3d0c8202b0f37da501fccbc3e78f69f44547f7,3f1314eaf1cd4136388abc15db97e1f259a10fe243b51b8cf01268f28fde58ab
DSWD__img_220,dswd,DSWD_img_220,img_220,train,train,images/DSWD__img_220.png,annotations/points/DSWD__img_220.npy,1024,768,15,letterbox_448x448_to_768x768_pad_left128_pad_right128,5a3823f40829c9eaaf6dd2014033a92b360cd248da6d4b96e41f1204c3fd1b1e,4345a8ab5a18c90461a6ec5a1d5a03883b155d47474fffd88044fe70627baf4f
DSWD__img_2205,dswd,DSWD_img_2205,img_2205,train,train,images/DSWD__img_2205.png,annotations/points/DSWD__img_2205.npy,1024,768,3,letterbox_448x448_to_768x768_pad_left128_pad_right128,ef92b4c286306e9c2310cddda292c7269f9dc9f84bbdb6e0b6234b18b685d20b,ecd7677b59ca6598af370782b81f584157989cae8fab3cec34b9eedce19d5dad
DSWD__img_2206,dswd,DSWD_img_2206,img_2206,train,train,images/DSWD__img_2206.png,annotations/points/DSWD__img_2206.npy,1024,768,1,letterbox_448x448_to_768x768_pad_left128_pad_right128,c6c904ad22f3564947ac39f1ce616428384cdeef2a6fc5e2f76798cfb2322700,c6ba6c3bc8480fe6e81d8db9ce9354c0070df4942ff1dbacf7442d46b1ff00d0
DSWD__img_2208,dswd,DSWD_img_2208,img_2208,train,train,images/DSWD__img_2208.png,annotations/points/DSWD__img_2208.npy,1024,768,9,letterbox_448x448_to_768x768_pad_left128_pad_right128,837f24b19cebfe85d7fd3c0be463b7624f0033c47afb49362ee94fc4f4fb336a,08e6823698fb51cda2336239547ac17a214eb6946af5dad6e8a1751a336fd114
DSWD__img_2211,dswd,DSWD_img_2211,img_2211,train,train,images/DSWD__img_2211.png,annotations/points/DSWD__img_2211.npy,1024,768,2,letterbox_448x448_to_768x768_pad_left128_pad_right128,8d403668acc8ea279caf6386d3715d822ded8651cc8e4fc71b7eba34eba4b65d,4f5e876f7091817d585171426c8452649877d6f7e11d753cf0e625a793e496f1
DSWD__img_2215,dswd,DSWD_img_2215,img_2215,train,train,images/DSWD__img_2215.png,annotations/points/DSWD__img_2215.npy,1024,768,4,letterbox_448x448_to_768x768_pad_left128_pad_right128,091309013b5c5b1890c13725595178e57a6aaffbb2ed1fb16609757153341af8,b1afb64b9429e86d3ee4916d8416247e3da342f0e55ce67f9fc0e12bba4da1d9
DSWD__img_2220,dswd,DSWD_img_2220,img_2220,train,train,images/DSWD__img_2220.png,annotations/points/DSWD__img_2220.npy,1024,768,5,letterbox_448x448_to_768x768_pad_left128_pad_right128,372dffbba1de3ef72bbad8eab1f413f05516e1c6cfcfb27bfd216d527b34658a,e54cae496503057839a499b3b3cefc3acbd3abcf83b55d42bb228f50148db9cd
DSWD__img_2241,dswd,DSWD_img_2241,img_2241,train,train,images/DSWD__img_2241.png,annotations/points/DSWD__img_2241.npy,1024,768,3,letterbox_448x448_to_768x768_pad_left128_pad_right128,01913af15737f48cf0005863b26111b38f71f209f387e0f8fca39deed638a16c,b09c0d4dde5bc333f3969cd029d924fce6c39a71a31551c2ff6b22f994164e37
DSWD__img_225,dswd,DSWD_img_225,img_225,train,train,images/DSWD__img_225.png,annotations/points/DSWD__img_225.npy,1024,768,19,letterbox_448x448_to_768x768_pad_left128_pad_right128,6e2e5c4ccf2d0cdbccbf1eb27f868ab086434c8c012cfbff1ea701c0d49fc46e,2d596faa577f08d10124fc70ff29aa821f74a28c2c2a9d46e590fb286838116a
DSWD__img_2250,dswd,DSWD_img_2250,img_2250,train,train,images/DSWD__img_2250.png,annotations/points/DSWD__img_2250.npy,1024,768,6,letterbox_448x448_to_768x768_pad_left128_pad_right128,a3f8d1fa572498a9a18f6252176d184873dc0cf61f8d8fbb4a0ae98b67a7e3b6,3a772cb9cbe52db209d7b88fe0b1fb145675cb374600596bc44dced725db7ce7
DSWD__img_2260,dswd,DSWD_img_2260,img_2260,train,train,images/DSWD__img_2260.png,annotations/points/DSWD__img_2260.npy,1024,768,1,letterbox_448x448_to_768x768_pad_left128_pad_right128,cb103c95974412bdfbd8b98c20438ce139ebe36094795caa7e2deddbbdfab975,8daa4ad762e01f6eeb804d4a0c6de5e229ea6fcf15f4dd9bc68998f271b75393
DSWD__img_2271,dswd,DSWD_img_2271,img_2271,train,train,images/DSWD__img_2271.png,annotations/points/DSWD__img_2271.npy,1024,768,1,letterbox_448x448_to_768x768_pad_left128_pad_right128,7f8e2a9ec1cb27547cc860f4e1a1d15627026daa6a29b343f7597635611508a5,6a05b2291253ad032773faaad7a162ca28bb442b268925245e0b8cff16237a0f
DSWD__img_2283,dswd,DSWD_img_2283,img_2283,train,train,images/DSWD__img_2283.png,annotations/points/DSWD__img_2283.npy,1024,768,2,letterbox_448x448_to_768x768_pad_left128_pad_right128,619fbe5065a4f3660ff99869c760d1889d906977fb307052ad9fb7ec11c1b2f6,a15dee0d860ade486df213d3ee9d185da37aacbae7c246dde4f6936f9795320a
DSWD__img_2296,dswd,DSWD_img_2296,img_2296,train,train,images/DSWD__img_2296.png,annotations/points/DSWD__img_2296.npy,1024,768,5,letterbox_448x448_to_768x768_pad_left128_pad_right128,da5849f76aca0db1a39c9e65faf24119301c904fbb1902e3e17617932a7d25dc,aa097c6e20e9a651cc625a9d5ce739d03263137938b26ae5e2d6ed12cd7224bc
DSWD__img_231,dswd,DSWD_img_231,img_231,train,train,images/DSWD__img_231.png,annotations/points/DSWD__img_231.npy,1024,768,15,letterbox_448x448_to_768x768_pad_left128_pad_right128,d409425844b350e9eaa319a3cf42b507a5bfa2c66d92aa74f40c920edfa45ccb,ef7b65521815a732c346f8ef64c43d900f889b98bc0f33602f3d53e31e20f328
DSWD__img_2310,dswd,DSWD_img_2310,img_2310,train,train,images/DSWD__img_2310.png,annotations/points/DSWD__img_2310.npy,1024,768,2,letterbox_448x448_to_768x768_pad_left128_pad_right128,41c8811caec1e2b203ba045a4b8f8da7194a6a172ff9821c9a782a4695724669,e853e9549068cc25de25e87f0d51b65ec81667fb82e7a935b2100900843a669f
DSWD__img_2311,dswd,DSWD_img_2311,img_2311,train,train,images/DSWD__img_2311.png,annotations/points/DSWD__img_2311.npy,1024,768,1,letterbox_448x448_to_768x768_pad_left128_pad_right128,bd67f96466c9ef9ec9b850effa5d6ed607522970271c0226e8ae3d798676e837,2443d512cd002037dd706d3b34b2b43e2b7c4fd31b3a7c99d6e30a30ca36ac9a
DSWD__img_2313,dswd,DSWD_img_2313,img_2313,train,train,images/DSWD__img_2313.png,annotations/points/DSWD__img_2313.npy,1024,768,1,letterbox_448x448_to_768x768_pad_left128_pad_right128,68f26aae70284442cf3cd8bfeef51462eac03cd06fd28a4aff5b1f004b7baf93,736e014f490eb65c025f58162a12d3132ef3492ad8c58afcac650be8b30a8673
DSWD__img_2325,dswd,DSWD_img_2325,img_2325,train,train,images/DSWD__img_2325.png,annotations/points/DSWD__img_2325.npy,1024,768,1,letterbox_448x448_to_768x768_pad_left128_pad_right128,66c42480863e659be3c332334176c5dd81fb277b8b9188b1f7cd964eebf881a4,4b6f414139cdecf5ce635fa2fb2ecc71dd58f8b2f4e548e9561df3207dc34ba1
DSWD__img_2331,dswd,DSWD_img_2331,img_2331,train,train,images/DSWD__img_2331.png,annotations/points/DSWD__img_2331.npy,1024,768,0,letterbox_448x448_to_768x768_pad_left128_pad_right128,97367dfa8684b6968228359b13cde636348ff847795d9282b227fa2bf461c72a,90f00d448fe2247088a956d58dbaaffa22b18e34646d789c64f8cff85e153216
DSWD__img_2338,dswd,DSWD_img_2338,img_2338,train,train,images/DSWD__img_2338.png,annotations/points/DSWD__img_2338.npy,1024,768,1,letterbox_448x448_to_768x768_pad_left128_pad_right128,acc3e28ffec0f24bf3abdcaeaa704dfb8551f54015bb0af47c3c0f1c8325a5fd,49a6e5dd17fd194eb95074abb6e37580efcb2dc1d4c45660c7db3a56d52a3a79
DSWD__img_2346,dswd,DSWD_img_2346,img_2346,train,train,images/DSWD__img_2346.png,annotations/points/DSWD__img_2346.npy,1024,768,2,letterbox_448x448_to_768x768_pad_left128_pad_right128,758422c538148eaf63d3d41d858efb00dd21ecbc7dc4e959b5525694a906959a,93cb8ae5fd1fd9054e26f14071204117109f67e0f71f99e2f3b8d830d28c8597
DSWD__img_2355,dswd,DSWD_img_2355,img_2355,train,train,images/DSWD__img_2355.png,annotations/points/DSWD__img_2355.npy,1024,768,2,letterbox_448x448_to_768x768_pad_left128_pad_right128,1999b130c19dca4e594447e3b244e70d32c3237615554ee956706c51f506484c,76518053c05f5e942ff56da2383a5dc7793f3e59465d1cf0531e71218323bbc1
DSWD__img_2365,dswd,DSWD_img_2365,img_2365,train,train,images/DSWD__img_2365.png,annotations/points/DSWD__img_2365.npy,1024,768,2,letterbox_448x448_to_768x768_pad_left128_pad_right128,1104aa6027ea4c54ce83c60d2f28694b06567d20dc2726608fd1e0615c3f19c1,408e68cf1ad05c6eaafe4757ab8bfd162769d0d180c68dea1fc262463abdb252
DSWD__img_2376,dswd,DSWD_img_2376,img_2376,train,train,images/DSWD__img_2376.png,annotations/points/DSWD__img_2376.npy,1024,768,0,letterbox_448x448_to_768x768_pad_left128_pad_right128,84d58890a23fe778536aefedd96aebc8d6cf535e8c29f0b8b7deecdbe2fe89c7,90f00d448fe2247088a956d58dbaaffa22b18e34646d789c64f8cff85e153216
DSWD__img_238,dswd,DSWD_img_238,img_238,train,train,images/DSWD__img_238.png,annotations/points/DSWD__img_238.npy,1024,768,17,letterbox_448x448_to_768x768_pad_left128_pad_right128,4a9a8c5580ff33310132c7e9e3cde712e75cb16c78e3f186fc674b7cc13faae3,5400d4150440451eb474d53a83bd37b73955f8fd0eba96cd1653b2b950acd49d
DSWD__img_2388,dswd,DSWD_img_2388,img_2388,train,train,images/DSWD__img_2388.png,annotations/points/DSWD__img_2388.npy,1024,768,1,letterbox_448x448_to_768x768_pad_left128_pad_right128,47d8b564fa1d88a8e24192af0eeb50033785c2c7035493c622e579959eeec93b,71a21e74c353db5d2295c27bb43c7860e9ab0349ad11f554148946b1ef7590d0
DSWD__img_2401,dswd,DSWD_img_2401,img_2401,train,train,images/DSWD__img_2401.png,annotations/points/DSWD__img_2401.npy,1024,768,2,letterbox_448x448_to_768x768_pad_left128_pad_right128,ab8d20466fb231fdede2a6f83ea1dc134c7134c11b87acb1ff2f7978f68e2070,4aba5995f477dd7000aa099df09ac9321f7f3fe0622ea82ad2205770b2af5e83
DSWD__img_2418,dswd,DSWD_img_2418,img_2418,train,train,images/DSWD__img_2418.png,annotations/points/DSWD__img_2418.npy,1024,768,10,letterbox_448x448_to_768x768_pad_left128_pad_right128,fd555cf0ea7c98037ac5d386acf9dcd1e5271e74aa3642659bf0cb4bcd86ef91,69b9655e61c4dad88ba1deb2c70b86c1be0cb01e339f175fee0186eb9f208554
DSWD__img_2421,dswd,DSWD_img_2421,img_2421,train,train,images/DSWD__img_2421.png,annotations/points/DSWD__img_2421.npy,1024,768,16,letterbox_448x448_to_768x768_pad_left128_pad_right128,a11cd455acaf56a3ed03c25e7f2a8401bc236adc0f9aaf4951af119d240ab99a,e34aeb1c7a0578839711ebacb00b528a52fdc6b7f0037df58f52d9e4ac1f9fb3
DSWD__img_2425,dswd,DSWD_img_2425,img_2425,train,train,images/DSWD__img_2425.png,annotations/points/DSWD__img_2425.npy,1024,768,15,letterbox_448x448_to_768x768_pad_left128_pad_right128,638cac1104599221af721fe697886cc20b9dedae1509afb4b352b176f7a869cc,dd14beda726528bbb5c7ba7694039aa75a242f810793515a6cf84c3fece2f998
DSWD__img_2430,dswd,DSWD_img_2430,img_2430,train,train,images/DSWD__img_2430.png,annotations/points/DSWD__img_2430.npy,1024,768,13,letterbox_448x448_to_768x768_pad_left128_pad_right128,566e66a2eaa571c5d85f66a424e9fb905285138f8d4db4537e3f08e1537bcf9c,388f9c05bdcb9d89430430012ba9f89683d877ac997b80c24c6fba3bd40fc906
DSWD__img_2436,dswd,DSWD_img_2436,img_2436,train,train,images/DSWD__img_2436.png,annotations/points/DSWD__img_2436.npy,1024,768,24,letterbox_448x448_to_768x768_pad_left128_pad_right128,b329169f8cc17de8affdf541e039fde323846b9a65bed00b5f9ea4dd41a7adcb,8fb5a5169fbb921788e96f20ef7c37f2340f321330b095a9aee1cc1f03aa1cb8
DSWD__img_2443,dswd,DSWD_img_2443,img_2443,train,train,images/DSWD__img_2443.png,annotations/points/DSWD__img_2443.npy,1024,768,5,letterbox_448x448_to_768x768_pad_left128_pad_right128,34e1aafd2e56a8dec92927604afb25908a524a9d002e855cabc1618f5bbe4c23,ce46ddb5609d41005898990c058122a8d34dfd4ccdb9af9b20e655efc9d9d178
DSWD__img_2451,dswd,DSWD_img_2451,img_2451,train,train,images/DSWD__img_2451.png,annotations/points/DSWD__img_2451.npy,1024,768,16,letterbox_448x448_to_768x768_pad_left128_pad_right128,cc7f5678b911c4d5a34c8847494d284ef68dc95c24eff4228eb3bc824fdd299e,9916c8f7404e3b5455f1d021796d0820b10131e1005c3f1f9bca00dfd9defec4
DSWD__img_2460,dswd,DSWD_img_2460,img_2460,train,train,images/DSWD__img_2460.png,annotations/points/DSWD__img_2460.npy,1024,768,15,letterbox_448x448_to_768x768_pad_left128_pad_right128,f16e3ee953c1a6656ae62cc8404be02ce7a12ec6da293171f62ed1239f445ccd,0bcd6fe581236ecf327e1aed240058550162600e840fa78979260dc2df9e0229
DSWD__img_2470,dswd,DSWD_img_2470,img_2470,train,train,images/DSWD__img_2470.png,annotations/points/DSWD__img_2470.npy,1024,768,7,letterbox_448x448_to_768x768_pad_left128_pad_right128,1e1df34d5dc2d6d2b3c2b6a7f92c9a26c5b063a205a51abf9751c2871a2e74d4,53e5ba994d131d8525569b39eec42ca74fc629a7d7422f4529e7a5488aa6e313
DSWD__img_2506,dswd,DSWD_img_2506,img_2506,train,train,images/DSWD__img_2506.png,annotations/points/DSWD__img_2506.npy,1024,768,6,letterbox_448x448_to_768x768_pad_left128_pad_right128,76be15207d666f37d5787bf8968790d1a52b2beea4f219f183c1527e1ff328d2,e5818d881cfcb460c7b345b7c25c2515165b9a8909c58728c8deab61ddeee1b8
DSWD__img_2520,dswd,DSWD_img_2520,img_2520,train,train,images/DSWD__img_2520.png,annotations/points/DSWD__img_2520.npy,1024,768,0,letterbox_448x448_to_768x768_pad_left128_pad_right128,df327ddc3bf72dbbffa38d714086d71a4f8cfa48e9321fb04882d0aedb322601,90f00d448fe2247088a956d58dbaaffa22b18e34646d789c64f8cff85e153216
DSWD__img_2521,dswd,DSWD_img_2521,img_2521,train,train,images/DSWD__img_2521.png,annotations/points/DSWD__img_2521.npy,1024,768,1,letterbox_448x448_to_768x768_pad_left128_pad_right128,eed48fc73ef13791a1e3a7d5235b06c2b4413b91534eb2186cdd28fac922f2b4,09f1d39e01bb25994937af66b8d2a9a89fc1fecbab302d7eca8c8add1312bfb1
DSWD__img_2523,dswd,DSWD_img_2523,img_2523,train,train,images/DSWD__img_2523.png,annotations/points/DSWD__img_2523.npy,1024,768,1,letterbox_448x448_to_768x768_pad_left128_pad_right128,1b77fcffb059801295955378ffd0d3524a1ecb57924c403cd8c1f73132b0cdab,3ecd738b1a71b4a6d9adfd35ef67a6ed7327445d4165ca6d37336adf6ab25f97
DSWD__img_2526,dswd,DSWD_img_2526,img_2526,train,train,images/DSWD__img_2526.png,annotations/points/DSWD__img_2526.npy,1024,768,1,letterbox_448x448_to_768x768_pad_left128_pad_right128,4000b3b5d813e3c3e0956899b751ae93273a0f6e19a9a82f47651ddad4158664,67b9ac2097b4fc049ac7b28cb82abf732e47dc9509e87b63170738197c913a0a
DSWD__img_2530,dswd,DSWD_img_2530,img_2530,train,train,images/DSWD__img_2530.png,annotations/points/DSWD__img_2530.npy,1024,768,1,letterbox_448x448_to_768x768_pad_left128_pad_right128,58ef160165606b8a9dcb0d8c648e8ec2c9fd327bca43b6ee29edb6e34c37820d,27cd76a9bcb5d492020b14f6dde2ebe68d112ec6d288a549bd94b092b85e66c2
DSWD__img_2535,dswd,DSWD_img_2535,img_2535,train,train,images/DSWD__img_2535.png,annotations/points/DSWD__img_2535.npy,1024,768,2,letterbox_448x448_to_768x768_pad_left128_pad_right128,67d97326a32383301670f44ce08359e3c368dc41d0fad9b501d6aaeccd4e7cac,9968832675a95c641080d1971063700cf546494bbcb75739d7a25faef46141c9
DSWD__img_2541,dswd,DSWD_img_2541,img_2541,train,train,images/DSWD__img_2541.png,annotations/points/DSWD__img_2541.npy,1024,768,0,letterbox_448x448_to_768x768_pad_left128_pad_right128,46c6ed0130ce84784f43fc8b69e31fc3aaec581f611818da283c0483f9bfb8ef,90f00d448fe2247088a956d58dbaaffa22b18e34646d789c64f8cff85e153216
DSWD__img_2548,dswd,DSWD_img_2548,img_2548,train,train,images/DSWD__img_2548.png,annotations/points/DSWD__img_2548.npy,1024,768,2,letterbox_448x448_to_768x768_pad_left128_pad_right128,c344e09cccb26bc97000e2b02e2d28bdb19e93f582238b907704aadea65f0760,204496f52c917a28e74609ffe241d6648be228c9cbd9b4c5cec384b85625ea2f
DSWD__img_2575,dswd,DSWD_img_2575,img_2575,train,train,images/DSWD__img_2575.png,annotations/points/DSWD__img_2575.npy,1024,768,1,letterbox_448x448_to_768x768_pad_left128_pad_right128,fb49e917e1eb9806cc735ac6b491a12dd4c61068ed50e554d952aa4dc3ffcccc,63cbda1f09405d02301293c698aeb9fe2b4c1642434727b153c9c802502aebc3
DSWD__img_2586,dswd,DSWD_img_2586,img_2586,train,train,images/DSWD__img_2586.png,annotations/points/DSWD__img_2586.npy,1024,768,1,letterbox_448x448_to_768x768_pad_left128_pad_right128,ea811a37bf1d37c868ffb355f4d31d9d5f9a5f0d38dc838b1744ce8b5e51c24e,a4bc65ca389ce9d8663c584ea85767e5574993e68c2cd764b6d5f9a24c48cf02
DSWD__img_2598,dswd,DSWD_img_2598,img_2598,train,train,images/DSWD__img_2598.png,annotations/points/DSWD__img_2598.npy,1024,768,1,letterbox_448x448_to_768x768_pad_left128_pad_right128,899d2c4f731ea1f5e9f151c213a63d0c848f0f23da8151bab1d480d546fedd0a,2299168eb0154151a4d938ece3e270de36b86ca233ff7e627cc96d99d7af6c47
DSWD__img_2611,dswd,DSWD_img_2611,img_2611,train,train,images/DSWD__img_2611.png,annotations/points/DSWD__img_2611.npy,1024,768,2,letterbox_448x448_to_768x768_pad_left128_pad_right128,1735e7a3698765287653a5bd680d73d92871bbc6e353ce0077c435cfe388a6ee,eab06da507c244dd4e1a5f8057054760b8591ce68216c000785c39bd9d7c4cc6
DSWD__img_2625,dswd,DSWD_img_2625,img_2625,train,train,images/DSWD__img_2625.png,annotations/points/DSWD__img_2625.npy,1024,768,8,letterbox_448x448_to_768x768_pad_left128_pad_right128,008e7d90369df276407a06e88f4e000ff82a1d0898fbceea9f9d3ac738c43229,47b7bded226079dc29a7e907d29d47a58919b125d407386a58b02dd9bd1e6ec9
DSWD__img_2626,dswd,DSWD_img_2626,img_2626,train,train,images/DSWD__img_2626.png,annotations/points/DSWD__img_2626.npy,1024,768,2,letterbox_448x448_to_768x768_pad_left128_pad_right128,1dd6f9bbe90542ec1111dace9823079bd0222d60ae2566b6b29c7358dea294d6,4cbfec38f08190923e7c582bc89fba413733dfc644673f8f40a5d84f719067d7
DSWD__img_2628,dswd,DSWD_img_2628,img_2628,train,train,images/DSWD__img_2628.png,annotations/points/DSWD__img_2628.npy,1024,768,2,letterbox_448x448_to_768x768_pad_left128_pad_right128,cb87c033892ccd5c114f4c8e5278a97bd78bbb5806c95d18a4151bf8bbbfe8d1,4765d10ff3b13ac9ca8180d212a50e49ab08c22157c7d19da9f376e86e0a8baf
DSWD__img_2631,dswd,DSWD_img_2631,img_2631,train,train,images/DSWD__img_2631.png,annotations/points/DSWD__img_2631.npy,1024,768,4,letterbox_448x448_to_768x768_pad_left128_pad_right128,96b2a138376866982fcf3829b80dcb81835f2681b1f25549a4a93247668bd376,034469a8efda061c33a9085e63d8cda8203e5a9831b6d1ab191bf89bd64e14f6
DSWD__img_2635,dswd,DSWD_img_2635,img_2635,train,train,images/DSWD__img_2635.png,annotations/points/DSWD__img_2635.npy,1024,768,5,letterbox_448x448_to_768x768_pad_left128_pad_right128,5de4cc9f400114dcf8191fa90a1456fb445fde5af1ed826e1fb17f76fddb8fef,0af15fb120ef77aa84ed3f2fb5318ec2f0b2a1a7119959e6d1b1d982c6c771b9
DSWD__img_265,dswd,DSWD_img_265,img_265,train,train,images/DSWD__img_265.png,annotations/points/DSWD__img_265.npy,1024,768,11,letterbox_448x448_to_768x768_pad_left128_pad_right128,f2897cf33802de3e81b72123e8b5a1dfff9b98a9349e6b72b251045f9566aa0d,e7e612c4916d932c5caaecbd01c9b74cbd5aae5a664d9d13d7daf6417f8508e4
DSWD__img_2653,dswd,DSWD_img_2653,img_2653,train,train,images/DSWD__img_2653.png,annotations/points/DSWD__img_2653.npy,1024,768,3,letterbox_448x448_to_768x768_pad_left128_pad_right128,6db0cfb2cec7e673c613acb30629ab3ce5118689f1a4a03fafa01786e6f23f65,8a091fd9eeea6b1fb763685ac4b9796cec519cdfe2f508ea1ded94a30754f8c7
DSWD__img_2661,dswd,DSWD_img_2661,img_2661,train,train,images/DSWD__img_2661.png,annotations/points/DSWD__img_2661.npy,1024,768,5,letterbox_448x448_to_768x768_pad_left128_pad_right128,718ea14f9a40856e332b3d9a7f012c94b01e3b8031cf0d28a2b71de31fe0e8d8,d99ad9ba937c60e18310ac9f364b85f4f5255d55f86ddc03b9a5fa02c67df57f
DSWD__img_2670,dswd,DSWD_img_2670,img_2670,train,train,images/DSWD__img_2670.png,annotations/points/DSWD__img_2670.npy,1024,768,2,letterbox_448x448_to_768x768_pad_left128_pad_right128,9ea46a276ef80d1c93a67c66b2e767aafc2856f0499285d777274e4a9b23b309,a5795a174de0536c60c432663ec9f6f427f94289f3bb9a0610980a5e1025b6e2
DSWD__img_2680,dswd,DSWD_img_2680,img_2680,train,train,images/DSWD__img_2680.png,annotations/points/DSWD__img_2680.npy,1024,768,5,letterbox_448x448_to_768x768_pad_left128_pad_right128,d1c9b80abf79d72d93f1d45116f0f38c49e1b5914d5f5de74f5c39294d0e7e92,63fe7e826c984c98e819e5654f9ec76fd6c9cc77ea14e8be6d569551acfaafd9
DSWD__img_2691,dswd,DSWD_img_2691,img_2691,train,train,images/DSWD__img_2691.png,annotations/points/DSWD__img_2691.npy,1024,768,2,letterbox_448x448_to_768x768_pad_left128_pad_right128,bbdc481d59237bb1ec9a5efd66f4d9c9056ac47a92d89273bf2b5a7c047e7262,b94d6da005c44f3c602c1bc2ab002cea065ff5e1871bb84d9d44ffc77b69b696
DSWD__img_2703,dswd,DSWD_img_2703,img_2703,train,train,images/DSWD__img_2703.png,annotations/points/DSWD__img_2703.npy,1024,768,3,letterbox_448x448_to_768x768_pad_left128_pad_right128,0957bc3597761e267ba485fc8bcfb7ad612167f79691191334187ad43525674d,b4b8b1ade979dc7a7cc585b279fac8627ffdfd0861520c4794aacc2e102b7976
DSWD__img_2716,dswd,DSWD_img_2716,img_2716,train,train,images/DSWD__img_2716.png,annotations/points/DSWD__img_2716.npy,1024,768,3,letterbox_448x448_to_768x768_pad_left128_pad_right128,b3888ef8eb31b4831f35155079a1304ab39cd4d3edfd687e4d3aebaf3f0ce82f,dfc4ca551daeee0a26e2b6e1fe93f4cd07d797a795d56dcd6428250348a3b632
DSWD__img_2730,dswd,DSWD_img_2730,img_2730,train,train,images/DSWD__img_2730.png,annotations/points/DSWD__img_2730.npy,1024,768,1,letterbox_448x448_to_768x768_pad_left128_pad_right128,b8073b6e8014fd07fd77c7e0c8bcb0ce45bec9068237b699b0fd25c9c813de91,6f9121effbedce018328ffb5a2c8395fd6faae7f441e888503c134b50078f399
DSWD__img_2731,dswd,DSWD_img_2731,img_2731,train,train,images/DSWD__img_2731.png,annotations/points/DSWD__img_2731.npy,1024,768,2,letterbox_448x448_to_768x768_pad_left128_pad_right128,5eaab344ab94c2440f273b8ca045797e33ed9c121ce1d0ab53190852481559d7,f72e2edb40088ef487a680ceee1844e3a5a175ba54d9a8bd3d71a81f79d88f9b
DSWD__img_2740,dswd,DSWD_img_2740,img_2740,train,train,images/DSWD__img_2740.png,annotations/points/DSWD__img_2740.npy,1024,768,1,letterbox_448x448_to_768x768_pad_left128_pad_right128,20877670458cda2c7b117d065129d5733e65f6d0b293b54cd8196103207a258d,27a564064f508a37c63f725b699e245a1ebd0e950dd9d6042cd5a9b104c2fd08
DSWD__img_2745,dswd,DSWD_img_2745,img_2745,train,train,images/DSWD__img_2745.png,annotations/points/DSWD__img_2745.npy,1024,768,1,letterbox_448x448_to_768x768_pad_left128_pad_right128,11a6db4248739ec87efc035db764f8794e652a7131707172e403063c8e289d36,56104191fe6dd9d4f49072d46b4a82f19241dedf48b20a99a14025270200a855
DSWD__img_2751,dswd,DSWD_img_2751,img_2751,train,train,images/DSWD__img_2751.png,annotations/points/DSWD__img_2751.npy,1024,768,3,letterbox_448x448_to_768x768_pad_left128_pad_right128,05f2aca25cccf7e1999516eb1d40d54928881aa4b38c8967f24b1d69bdb3a820,ff244c254e20f7314d164f36a1130ccc352a82040ab12c43ffde3b1e1ac8913b
DSWD__img_2758,dswd,DSWD_img_2758,img_2758,train,train,images/DSWD__img_2758.png,annotations/points/DSWD__img_2758.npy,1024,768,2,letterbox_448x448_to_768x768_pad_left128_pad_right128,952349632e3f876eccfa8fc2ef40760a8dd46125d6e9ece8db9bcb7d4515928c,dc029084c4f7790e7be9421a1126ae72e11745267a6df4b318f070deed0e4aa5
DSWD__img_276,dswd,DSWD_img_276,img_276,train,train,images/DSWD__img_276.png,annotations/points/DSWD__img_276.npy,1024,768,12,letterbox_448x448_to_768x768_pad_left128_pad_right128,4cb5bc26484681b703b448a6d2e0e6bf6a47a79cfc7fd3fc427cf923811a8b6b,9cafb4c2ac24d0855443658696fc7e7e684504aa53fb0c2246ab7e7f9ce1da80
DSWD__img_2766,dswd,DSWD_img_2766,img_2766,train,train,images/DSWD__img_2766.png,annotations/points/DSWD__img_2766.npy,1024,768,1,letterbox_448x448_to_768x768_pad_left128_pad_right128,bd7fa41010aa671ac7effdca1701f05d37434be05e75c5e4dc01b2ceb94aa389,4a7990f069ec4fbe58ac6f5e0bf913d2aaab53edc10720eb9dafedbd67409705
DSWD__img_2775,dswd,DSWD_img_2775,img_2775,train,train,images/DSWD__img_2775.png,annotations/points/DSWD__img_2775.npy,1024,768,1,letterbox_448x448_to_768x768_pad_left128_pad_right128,a57cac060bbd3f0af77f60e25bcb16cb87417eeac38f9561b9ad8d2d1dd80bbf,6935def371097f023e9507154b724f30c59a23ff8f0210fcba381cb530a43e96
DSWD__img_2785,dswd,DSWD_img_2785,img_2785,train,train,images/DSWD__img_2785.png,annotations/points/DSWD__img_2785.npy,1024,768,2,letterbox_448x448_to_768x768_pad_left128_pad_right128,28b6bd480793452580f525a5bd18a4cd9d41f8fd763ead1754c36f37eab53c4d,22dd02bd7fa7f16615deed0c18dd4baf913a9a35b44924f9a6dd12b1ca7e094c
DSWD__img_2796,dswd,DSWD_img_2796,img_2796,train,train,images/DSWD__img_2796.png,annotations/points/DSWD__img_2796.npy,1024,768,1,letterbox_448x448_to_768x768_pad_left128_pad_right128,305a1687eacec406e002fd248652a37f874bfa03db4187afcb8650efaf844b1b,aea0b96d21a19811dfa375a7264e717720e18307c3e5a0c01cfb7f25e7523837
DSWD__img_28,dswd,DSWD_img_28,img_28,train,train,images/DSWD__img_28.png,annotations/points/DSWD__img_28.npy,1024,768,4,letterbox_448x448_to_768x768_pad_left128_pad_right128,ac024477e1c84cc4c8379eb62d9d56a99404e93c0e554d4e90584a43d65391f2,14c217384144fadfb4487cb63ceb1808fa4465ab16aa32d7c46d92e5df09594b
DSWD__img_2808,dswd,DSWD_img_2808,img_2808,train,train,images/DSWD__img_2808.png,annotations/points/DSWD__img_2808.npy,1024,768,2,letterbox_448x448_to_768x768_pad_left128_pad_right128,a7bb6ccf43f9a4c65c98638edae7724f56a114781bbd1b8ca9235e5729f8563f,3ffefc50d2abfb411099017cfa8c4cb485e56c7be7cbfa8cc6dee8026e0ef5b4
DSWD__img_2836,dswd,DSWD_img_2836,img_2836,train,train,images/DSWD__img_2836.png,annotations/points/DSWD__img_2836.npy,1024,768,1,letterbox_448x448_to_768x768_pad_left128_pad_right128,4e0f246132e245e1661cd1a96749407917e02e12f2a14170dcdab8b971877706,524df7c860d5eb1db1e7254242f97439473e51adb5b42658abc4a78d7e578ecf
DSWD__img_2838,dswd,DSWD_img_2838,img_2838,train,train,images/DSWD__img_2838.png,annotations/points/DSWD__img_2838.npy,1024,768,1,letterbox_448x448_to_768x768_pad_left128_pad_right128,18dc62d23f624b8f49af30bea1040fdac258235a298dcc7c6ceaec8439f9f71c,121b8c567f81fc425059b62cf91582296ebef981beb2d8ab9d52f63f2158f58c
DSWD__img_2841,dswd,DSWD_img_2841,img_2841,train,train,images/DSWD__img_2841.png,annotations/points/DSWD__img_2841.npy,1024,768,1,letterbox_448x448_to_768x768_pad_left128_pad_right128,7a535539ab247d8cfe87d475515f4b9020c273bc48c671930738482e9ca9e7f7,afe4ae4a7bb666480afaadb8e8806a9025c5a6217c87c599fe7b61b4c30760a2
DSWD__img_2845,dswd,DSWD_img_2845,img_2845,train,train,images/DSWD__img_2845.png,annotations/points/DSWD__img_2845.npy,1024,768,2,letterbox_448x448_to_768x768_pad_left128_pad_right128,357d673b4d6c2aabc14e7fac602c46147ba3693e27665162621afbc77ade7b83,e4f735b5c1788755cde6fc1cc0ab2979253957972073e8750440d9d6c17db6ba
DSWD__img_2850,dswd,DSWD_img_2850,img_2850,train,train,images/DSWD__img_2850.png,annotations/points/DSWD__img_2850.npy,1024,768,2,letterbox_448x448_to_768x768_pad_left128_pad_right128,0682b9363894efe0a84e2065ff4519b29f3133382bbe73cfecfbf9a79a094031,47755e7831c1b7ef6f4d2b36e155ea46e3a6342c7f97046a5224cd50fe8e84b0
DSWD__img_2856,dswd,DSWD_img_2856,img_2856,train,train,images/DSWD__img_2856.png,annotations/points/DSWD__img_2856.npy,1024,768,2,letterbox_448x448_to_768x768_pad_left128_pad_right128,3c7edadbd2a011fb4d13578df118de2e9ee36e61d8fb27233573aa126fe9c79f,8f4a5c88b67d78d2a9067d37baadea64258a9691483e7e2ddef21175127e3292
DSWD__img_2863,dswd,DSWD_img_2863,img_2863,train,train,images/DSWD__img_2863.png,annotations/points/DSWD__img_2863.npy,1024,768,3,letterbox_448x448_to_768x768_pad_left128_pad_right128,5a968665d2ddff7a9c7e91dc0abf8c0bb870a5f47b9a9d7ab7c879c5ff46b868,e9217d2396a41a43f28eb8a7a23c53dd3c4232b04fabaf2447e17941b9cb95b4
DSWD__img_2871,dswd,DSWD_img_2871,img_2871,train,train,images/DSWD__img_2871.png,annotations/points/DSWD__img_2871.npy,1024,768,2,letterbox_448x448_to_768x768_pad_left128_pad_right128,b9496d33aaa29277a41bf4291aae320e4ddf3c9a01dae64ad333cbc9437b166a,7120cf38e69bd276a17a5f4666f54a34797cadb834f40b6df19e57df5a68469c
DSWD__img_288,dswd,DSWD_img_288,img_288,train,train,images/DSWD__img_288.png,annotations/points/DSWD__img_288.npy,1024,768,14,letterbox_448x448_to_768x768_pad_left128_pad_right128,34c98c71f047065490a2b24dd853afc94bcedea2c7bdedd369d458a71c2cf4f9,a2870109527aab3d415886b3014abfcdce012f2135d2050baa4839de79a018c3
DSWD__img_2880,dswd,DSWD_img_2880,img_2880,train,train,images/DSWD__img_2880.png,annotations/points/DSWD__img_2880.npy,1024,768,1,letterbox_448x448_to_768x768_pad_left128_pad_right128,b90a2f607eed1f0609101693998cff851d7343071a2421463c5910520ae8c214,43368073d6034e1cd3256f23c6b64dc477d337ced721ada0adf368f43c7ad17d
DSWD__img_2913,dswd,DSWD_img_2913,img_2913,train,train,images/DSWD__img_2913.png,annotations/points/DSWD__img_2913.npy,1024,768,1,letterbox_448x448_to_768x768_pad_left128_pad_right128,e2387a9deb1320db0a61760f1a946a84737f420b439226c8631e7bc43846171d,3eecbd61814e8814fc8448199fa248ffa83b010bf143608dd8b07476333fe6c5
DSWD__img_2926,dswd,DSWD_img_2926,img_2926,train,train,images/DSWD__img_2926.png,annotations/points/DSWD__img_2926.npy,1024,768,2,letterbox_448x448_to_768x768_pad_left128_pad_right128,02ffe3aec8ba374a63a23f63103a80c4f1c378e8071f52388e7084417bff1a15,114acf296a64939d44993037c1a8d7365a659fe2317e1542a58ee64cc7348731
DSWD__img_2940,dswd,DSWD_img_2940,img_2940,train,train,images/DSWD__img_2940.png,annotations/points/DSWD__img_2940.npy,1024,768,16,letterbox_448x448_to_768x768_pad_left128_pad_right128,3d73660208e11474bb9eb9cf63aa5547c787fe42884649ad19e20cfad89e6695,d29fbe5cdf0bd25367a45a174b46f9521cb68a15328bb52e88b344834c6cc94a
DSWD__img_2941,dswd,DSWD_img_2941,img_2941,train,train,images/DSWD__img_2941.png,annotations/points/DSWD__img_2941.npy,1024,768,5,letterbox_448x448_to_768x768_pad_left128_pad_right128,07786e31b73b66dcdd74af751fcb6b2d601683db9fa6d4ce887ba45c0af0963c,fe7a850496265f7647087ac5d6ec0ac3fd5cc6678760ec4af6f4a2ccac6aa9eb
DSWD__img_2943,dswd,DSWD_img_2943,img_2943,train,train,images/DSWD__img_2943.png,annotations/points/DSWD__img_2943.npy,1024,768,12,letterbox_448x448_to_768x768_pad_left128_pad_right128,a1c9a434e4b8011b2d91283624537204e31220487608edc8cf430e0b5890c7d9,76a02e1d5c0f91f80102b502e18bed8d3d229cd175b74f028fef19964f14a029
DSWD__img_2946,dswd,DSWD_img_2946,img_2946,train,train,images/DSWD__img_2946.png,annotations/points/DSWD__img_2946.npy,1024,768,1,letterbox_448x448_to_768x768_pad_left128_pad_right128,cbd93fc26c7c06e1e1790ce748b35e2fe0af96a97a99b48689d8551f0be43e42,5512d03b558174c495dd31f4c06a9f104bf05ef9aedbccb813b35ebab955f526
DSWD__img_2950,dswd,DSWD_img_2950,img_2950,train,train,images/DSWD__img_2950.png,annotations/points/DSWD__img_2950.npy,1024,768,9,letterbox_448x448_to_768x768_pad_left128_pad_right128,a8a3309ce0b3e4dadd3eba371238d0b7ef3e1f36f1f5a65583b367106d26f62e,038e19c9116412ea577a87ec0a20cafabcf136d6e869fceb6edb8cfb4d8bd3fa
DSWD__img_2955,dswd,DSWD_img_2955,img_2955,train,train,images/DSWD__img_2955.png,annotations/points/DSWD__img_2955.npy,1024,768,19,letterbox_448x448_to_768x768_pad_left128_pad_right128,172cd32c4390afe28dbe252adaa1aa83ca7fe6f3a59842679f90d180bb0013ef,823b292996f6c1e7222344908436a442dded5212e68fa57397dfcc3394c8f680
DSWD__img_2961,dswd,DSWD_img_2961,img_2961,train,train,images/DSWD__img_2961.png,annotations/points/DSWD__img_2961.npy,1024,768,8,letterbox_448x448_to_768x768_pad_left128_pad_right128,92db68dc37080592e463a90a0dc9676997fb7f2e55b3f68655ccba873a36c934,9ba6daf393808ba9ae2a3c4fc3fa391ed0a48e8cdf54e4bd5762a4c83f925ad4
DSWD__img_2985,dswd,DSWD_img_2985,img_2985,train,train,images/DSWD__img_2985.png,annotations/points/DSWD__img_2985.npy,1024,768,16,letterbox_448x448_to_768x768_pad_left128_pad_right128,7af4b389909f7d3f077628971ca5e78520dd7a713a02c77de4d238a865bc565e,18e1959de1de120efee7cf75d0d87d987e13d03006ca677119920e3bc379ea30
DSWD__img_2995,dswd,DSWD_img_2995,img_2995,train,train,images/DSWD__img_2995.png,annotations/points/DSWD__img_2995.npy,1024,768,16,letterbox_448x448_to_768x768_pad_left128_pad_right128,4a2377c3addf7caaf9802f89ecda78b700915b9c18325d37a6d3714bdf5f4fbb,43ce0d8beccf697baee25bf4b5b1ef74bfd13efc0705eea0e26738693869fd4a
DSWD__img_3,dswd,DSWD_img_3,img_3,train,train,images/DSWD__img_3.png,annotations/points/DSWD__img_3.npy,1024,768,2,letterbox_448x448_to_768x768_pad_left128_pad_right128,82d8605d7a01ca9d34b8f73ff16a33364762657d103d8210ab37b1863a6d411f,ff8ffcd703a8d186df9bb043b4688a58ae8954de49fa7480eb7d56bd2aef0b0d
DSWD__img_3006,dswd,DSWD_img_3006,img_3006,train,train,images/DSWD__img_3006.png,annotations/points/DSWD__img_3006.npy,1024,768,1,letterbox_448x448_to_768x768_pad_left128_pad_right128,dd6859b1600fedff249a9029cc84bb66b27db6aa8efba848550ba162d4d134c9,dfbae007195fd21e5a0fb0e0219d059b4c6f2a4243ee7f0c9bee7202c0c18345
DSWD__img_301,dswd,DSWD_img_301,img_301,train,train,images/DSWD__img_301.png,annotations/points/DSWD__img_301.npy,1024,768,18,letterbox_448x448_to_768x768_pad_left128_pad_right128,6fb37a45bea6a724e87106003587fdcc226cef1d3a0d569309d5f2a3b689cc5e,1bcee72c4a23c46ed50df759b4b6dc84fb24437df53c620ec1df46011ad8c892
DSWD__img_3018,dswd,DSWD_img_3018,img_3018,train,train,images/DSWD__img_3018.png,annotations/points/DSWD__img_3018.npy,1024,768,13,letterbox_448x448_to_768x768_pad_left128_pad_right128,d19cc70970e396f9871c3e47b40a5caab95461845a71b768f9a90fe70067b167,566d55091c53e1b515a952836db5b3a02392ced601565fcf2f239c4c6402d3a5
DSWD__img_3031,dswd,DSWD_img_3031,img_3031,train,train,images/DSWD__img_3031.png,annotations/points/DSWD__img_3031.npy,1024,768,13,letterbox_448x448_to_768x768_pad_left128_pad_right128,0af00d0c1ad3f7cb996dc1830f99f589ba572e6f997eaa8b0c6f8652a7459c41,596ebc0aa39678a80e2f1970b70373b57fd70ed57a3caf53a38f109caede5569
DSWD__img_3045,dswd,DSWD_img_3045,img_3045,train,train,images/DSWD__img_3045.png,annotations/points/DSWD__img_3045.npy,1024,768,2,letterbox_448x448_to_768x768_pad_left128_pad_right128,8ad7f70e9c8825054b2193044c64f439af001e93bf85e435556115f535bf4d3e,81e77c091949394fc8df7c036424b2727a095bfb0e3a882b517c334b6a38d5ae
DSWD__img_3046,dswd,DSWD_img_3046,img_3046,train,train,images/DSWD__img_3046.png,annotations/points/DSWD__img_3046.npy,1024,768,2,letterbox_448x448_to_768x768_pad_left128_pad_right128,57680a3fa00088c199550ad1ad589ec8f39963533055eb883b623277963edcb7,91a4eb32ee250c847613f2a1e992bcc8fd3eddefb16de7297640e82da06102ac
DSWD__img_3048,dswd,DSWD_img_3048,img_3048,train,train,images/DSWD__img_3048.png,annotations/points/DSWD__img_3048.npy,1024,768,0,letterbox_448x448_to_768x768_pad_left128_pad_right128,8ad71dfbc94923c6c5723e65c125f362fb7810d554d38c5f3d3e931bfbe77a79,90f00d448fe2247088a956d58dbaaffa22b18e34646d789c64f8cff85e153216
DSWD__img_3051,dswd,DSWD_img_3051,img_3051,train,train,images/DSWD__img_3051.png,annotations/points/DSWD__img_3051.npy,1024,768,2,letterbox_448x448_to_768x768_pad_left128_pad_right128,e75f6a5ad528236c919c04b4b05a1d3a40ed34444ab74cd9d17a589d20fcbb4e,d47f8b7862573431fee20acfee82ca1ea907c095b66d9d82526694bcdd6f1946
DSWD__img_3066,dswd,DSWD_img_3066,img_3066,train,train,images/DSWD__img_3066.png,annotations/points/DSWD__img_3066.npy,1024,768,1,letterbox_448x448_to_768x768_pad_left128_pad_right128,0549057c5c617bd83331c1ba5a3e71cdc5f377e967ea5d3972391a4e816c5faf,757bd44e6f88e2e309509422d97f05022d90a4ca6d17c90dc54341ad10b397ae
DSWD__img_3073,dswd,DSWD_img_3073,img_3073,train,train,images/DSWD__img_3073.png,annotations/points/DSWD__img_3073.npy,1024,768,0,letterbox_448x448_to_768x768_pad_left128_pad_right128,8fcf8fb9fc7b38024f00e7fbd8fb7a494ab879de892f9e847bba8e34565772d0,90f00d448fe2247088a956d58dbaaffa22b18e34646d789c64f8cff85e153216
DSWD__img_3081,dswd,DSWD_img_3081,img_3081,train,train,images/DSWD__img_3081.png,annotations/points/DSWD__img_3081.npy,1024,768,0,letterbox_448x448_to_768x768_pad_left128_pad_right128,68989f29f1e968c0e9e32e40157594fe66ef7342b9ac89d135d944e90c962547,90f00d448fe2247088a956d58dbaaffa22b18e34646d789c64f8cff85e153216
DSWD__img_3090,dswd,DSWD_img_3090,img_3090,train,train,images/DSWD__img_3090.png,annotations/points/DSWD__img_3090.npy,1024,768,2,letterbox_448x448_to_768x768_pad_left128_pad_right128,3616454a70197efa1bc417262c4d0ece55c4725be9113460706a38f44cb20fa7,c1b02440b704f9f117e284b4558702430909008f060e52232e3670caf193b0ee
DSWD__img_3100,dswd,DSWD_img_3100,img_3100,train,train,images/DSWD__img_3100.png,annotations/points/DSWD__img_3100.npy,1024,768,2,letterbox_448x448_to_768x768_pad_left128_pad_right128,845ce0f642b266eaa22fdde2dde6be881e8411e3c31bf3f11ba5fc615bb8518a,e1dbcb40c8d03b76157d14fc2bdd15dd9fc5095e7a4b6827faf4c609b65fb77f
DSWD__img_3111,dswd,DSWD_img_3111,img_3111,train,train,images/DSWD__img_3111.png,annotations/points/DSWD__img_3111.npy,1024,768,2,letterbox_448x448_to_768x768_pad_left128_pad_right128,1d1449cf61ddef04ccd61429cfbb898ea0812c11431dbe532f20057b2341997d,36e0b281a9a920d81d1f5f4df61e071884a21a07a33ed44663391fe45ea629ea
DSWD__img_3123,dswd,DSWD_img_3123,img_3123,train,train,images/DSWD__img_3123.png,annotations/points/DSWD__img_3123.npy,1024,768,2,letterbox_448x448_to_768x768_pad_left128_pad_right128,acec8e63c0042a9948f808482b5e2f94a9b9f926f2e3254374886fa7fb8eb7a0,f6e7e51eb49bd41a8e2eeb5024d774a7bb6d3b00d6e2e74d21b7746a4ca4e149
DSWD__img_3136,dswd,DSWD_img_3136,img_3136,train,train,images/DSWD__img_3136.png,annotations/points/DSWD__img_3136.npy,1024,768,0,letterbox_448x448_to_768x768_pad_left128_pad_right128,edbe50a2c3c05bd1119787467e1afbb6bb1a7ec3df347e5286480a941b9e87f6,90f00d448fe2247088a956d58dbaaffa22b18e34646d789c64f8cff85e153216
DSWD__img_315,dswd,DSWD_img_315,img_315,train,train,images/DSWD__img_315.png,annotations/points/DSWD__img_315.npy,1024,768,12,letterbox_448x448_to_768x768_pad_left128_pad_right128,163153824a9c368aed3b6453eb8184d3ee882b955858a9ab314d89900ed7a047,325f14c93fe615d266a2095d90169f2a6b59f4e5a823c3ac86f5b5c24b3816a8
DSWD__img_3150,dswd,DSWD_img_3150,img_3150,train,train,images/DSWD__img_3150.png,annotations/points/DSWD__img_3150.npy,1024,768,2,letterbox_448x448_to_768x768_pad_left128_pad_right128,76ad8d6247dae88293e4c636747c3f2f49d091732528acf0d06edf51bc9d9a4b,d59e4efb7bd0818dbf28e2af5cca514ce385479e093ab0652a2777675f63c857
DSWD__img_3156,dswd,DSWD_img_3156,img_3156,train,train,images/DSWD__img_3156.png,annotations/points/DSWD__img_3156.npy,1024,768,3,letterbox_448x448_to_768x768_pad_left128_pad_right128,04ce275164958b9fcda32082473ac1a0be84f0915b0527c5f8fafa16b6c88644,0e2a946640f129796714aee2bd893036fc3fb316d8f077eb4d7bfbf3f2bf8f66
DSWD__img_316,dswd,DSWD_img_316,img_316,train,train,images/DSWD__img_316.png,annotations/points/DSWD__img_316.npy,1024,768,7,letterbox_448x448_to_768x768_pad_left128_pad_right128,39d7bd9d4121be19fde703f53f9afd5d993178dc423d0912475e6d13833f921f,55dde756b80c03e6189fe52ec7deee15f566755c5af62ecdb853645b4c6f71c0
DSWD__img_3160,dswd,DSWD_img_3160,img_3160,train,train,images/DSWD__img_3160.png,annotations/points/DSWD__img_3160.npy,1024,768,4,letterbox_448x448_to_768x768_pad_left128_pad_right128,c02c834a8ef9bd17e177ada61867425be7a32321b97ffce3bacc199778addefe,0151e0e13a9c4648a8718e3c9e807f0efcf61ac8717ab8c08201b58ce1ea8991
DSWD__img_3165,dswd,DSWD_img_3165,img_3165,train,train,images/DSWD__img_3165.png,annotations/points/DSWD__img_3165.npy,1024,768,1,letterbox_448x448_to_768x768_pad_left128_pad_right128,08d8b59c8c21f0d1bd977dbfeda5a61b9e3b0b1b3e8ea7b75d31ea2777618b79,164004f72fc24492c5e4434e8a2e36b855dba02ffc12a8bc16d3b6411e8f8528
DSWD__img_3171,dswd,DSWD_img_3171,img_3171,train,train,images/DSWD__img_3171.png,annotations/points/DSWD__img_3171.npy,1024,768,4,letterbox_448x448_to_768x768_pad_left128_pad_right128,ef2b26d22bd24af442ddd49ba19d5db9acdd2a710536ac4d1c128a6dbda6bd15,5c797c4d39b256494956a8656fab658ff67b5b11caf9b597a8e0d419b2072651
DSWD__img_3178,dswd,DSWD_img_3178,img_3178,train,train,images/DSWD__img_3178.png,annotations/points/DSWD__img_3178.npy,1024,768,4,letterbox_448x448_to_768x768_pad_left128_pad_right128,391ac018a884e87429c578d0c6f13d96071535ecc53f5749bdc522334beb38c0,a34951cfe7eaf23f92237918475df983af196e9684b1335986ad42dd91853f28
DSWD__img_318,dswd,DSWD_img_318,img_318,train,train,images/DSWD__img_318.png,annotations/points/DSWD__img_318.npy,1024,768,11,letterbox_448x448_to_768x768_pad_left128_pad_right128,3c1fac4956a6d6692ddb8eccc25e09386b03cd86f5f8f195bee35cf9c3dccf1b,6ffa3500068499529aad2ea409747b2f0ab1c83f551d4d442bd464df24614340
DSWD__img_3186,dswd,DSWD_img_3186,img_3186,train,train,images/DSWD__img_3186.png,annotations/points/DSWD__img_3186.npy,1024,768,4,letterbox_448x448_to_768x768_pad_left128_pad_right128,3884c70f7dfd8f1e1e80aff6008aae88587e7147072204b46bc4a7e382001082,9da473d3cf86aa0102e501bb766b8b8ac55097d164375ca320c21c5f6a0eb70c
DSWD__img_3195,dswd,DSWD_img_3195,img_3195,train,train,images/DSWD__img_3195.png,annotations/points/DSWD__img_3195.npy,1024,768,4,letterbox_448x448_to_768x768_pad_left128_pad_right128,12061c88a097b6a035787878daeb2f2093a93e2b86c6c1fefc8d0537af38b01b,9199e076950560fe8eb1f3d5753efee23bff582cabc3d0afed406ec947dac11e
DSWD__img_3205,dswd,DSWD_img_3205,img_3205,train,train,images/DSWD__img_3205.png,annotations/points/DSWD__img_3205.npy,1024,768,2,letterbox_448x448_to_768x768_pad_left128_pad_right128,20b95b503566a69c52e7e7667c83c7bf7797074a96e8767b8226caa63d5d642a,d48e26b2f4f5ec17a45986ed3d8f9aed65da1a4f79aaa379e0b06402ec7b2172
DSWD__img_321,dswd,DSWD_img_321,img_321,train,train,images/DSWD__img_321.png,annotations/points/DSWD__img_321.npy,1024,768,6,letterbox_448x448_to_768x768_pad_left128_pad_right128,ae228f8911f4aeb561978c11366a117028ef61601ef1dac5b1496f5b3ee34ce8,434d21d8f420ae4253b87e40ee1e51e2985315a7c912bfb7da7a19cb6d15465f
DSWD__img_3216,dswd,DSWD_img_3216,img_3216,train,train,images/DSWD__img_3216.png,annotations/points/DSWD__img_3216.npy,1024,768,1,letterbox_448x448_to_768x768_pad_left128_pad_right128,6bbb81f3f352eae13014e16441b5c9b2a38f8679b7f037a3a38346fb821bf7ce,70c9d4f04ca3eec0e6e0b5c2c68b35413fb6025b154f80a2b4dfd9658c9064d6
DSWD__img_325,dswd,DSWD_img_325,img_325,train,train,images/DSWD__img_325.png,annotations/points/DSWD__img_325.npy,1024,768,8,letterbox_448x448_to_768x768_pad_left128_pad_right128,c789895eb8790235c22f38b4cc7dfd0f45ebe9fbc820f8ac18ecf8597a8dd907,587bc4ea95aee1e753060d536d35465dd051c45fabb819073282669d347af1d7
DSWD__img_3255,dswd,DSWD_img_3255,img_3255,train,train,images/DSWD__img_3255.png,annotations/points/DSWD__img_3255.npy,1024,768,19,letterbox_448x448_to_768x768_pad_left128_pad_right128,3a1c5094e4f687346b47b0c93d0e153659724ec0f16e42c6a989f2fae2a69e11,bdbeb2c18a65186263eea06c6f7d31ecdfa1da55dbc9d0e62efed6d4862b3dc2
DSWD__img_3256,dswd,DSWD_img_3256,img_3256,train,train,images/DSWD__img_3256.png,annotations/points/DSWD__img_3256.npy,1024,768,36,letterbox_448x448_to_768x768_pad_left128_pad_right128,8772b49764445e4d0145a2aac7fb9a4e6348c2bbbf6a2f5b46dad1c8d44ac9f2,78436853c789ba854a2e81a397eb6348abc605ac4aebc277b0c43a4020f0bd63
DSWD__img_3258,dswd,DSWD_img_3258,img_3258,train,train,images/DSWD__img_3258.png,annotations/points/DSWD__img_3258.npy,1024,768,18,letterbox_448x448_to_768x768_pad_left128_pad_right128,08686c61fa97f1668a49742372831014816faf0cef41c7d401a17b835121e4ea,c631743d0601db71a416ffd40848d4b190aea7f3205afc4d144d0d13d72140c5
DSWD__img_3261,dswd,DSWD_img_3261,img_3261,train,train,images/DSWD__img_3261.png,annotations/points/DSWD__img_3261.npy,1024,768,30,letterbox_448x448_to_768x768_pad_left128_pad_right128,1956e9c98ca50444e5da909e244c2e6db71bb5f3d894278bc22a92d923d2ce25,7c645039472d51aa1f5666312a761a3d2c91c7ff4b6ed29c575aa9ad51592e45
DSWD__img_3265,dswd,DSWD_img_3265,img_3265,train,train,images/DSWD__img_3265.png,annotations/points/DSWD__img_3265.npy,1024,768,11,letterbox_448x448_to_768x768_pad_left128_pad_right128,3f7dabb4eb1dd56e080c81c0945c86bbffceaeb196f400e92a714a10dddef1bf,564375cb0dcceb6d0bc546760b61b3b0f6de748c14c28bcae2528fcb9e3d2b9c
DSWD__img_3270,dswd,DSWD_img_3270,img_3270,train,train,images/DSWD__img_3270.png,annotations/points/DSWD__img_3270.npy,1024,768,37,letterbox_448x448_to_768x768_pad_left128_pad_right128,53f6a3bc7a07ea52547ebbec48b2f2b806a8d4dda67a0b46c380973681b4dd7e,15e0aa9cdfd7391b1cae154c85ad6449000b6741e8b347be7b9e573a5bf5ad33
DSWD__img_3276,dswd,DSWD_img_3276,img_3276,train,train,images/DSWD__img_3276.png,annotations/points/DSWD__img_3276.npy,1024,768,18,letterbox_448x448_to_768x768_pad_left128_pad_right128,f5ba07b4da53d375f3818cbfd1e8a9125b373295ad9b354555b4adfe8a3252f1,f5850c2dace526925f9cbf008a01dac8e965555fccd887000918cae672a9e506
DSWD__img_3283,dswd,DSWD_img_3283,img_3283,train,train,images/DSWD__img_3283.png,annotations/points/DSWD__img_3283.npy,1024,768,25,letterbox_448x448_to_768x768_pad_left128_pad_right128,d2ea602a96ae74f7023ce5f9f8e399db1ac158e39acb3e23e64e7f5988b5ddfc,ae0cc6279bc624ab9e4d2c7944d3980d6d65b330698f8e3772532622fa957edf
DSWD__img_3291,dswd,DSWD_img_3291,img_3291,train,train,images/DSWD__img_3291.png,annotations/points/DSWD__img_3291.npy,1024,768,9,letterbox_448x448_to_768x768_pad_left128_pad_right128,e46ca855f381c016f6869698abff2b2ba32cdcbcbbe5db05e5965805fc7bedf9,3a46b0d9078142518ba47e73d367a003bc7d10b8c24ac946e46eb6d57e49d5f8
DSWD__img_3321,dswd,DSWD_img_3321,img_3321,train,train,images/DSWD__img_3321.png,annotations/points/DSWD__img_3321.npy,1024,768,16,letterbox_448x448_to_768x768_pad_left128_pad_right128,c1395b7daa5b43dcfd50f41a60121d416fa8eb1d195ca922fab35282e86217b3,eb80f425c47e9ae9ca9ffa6bc37ab7e225218875f86b60e13a03daf9ca165859
DSWD__img_3333,dswd,DSWD_img_3333,img_3333,train,train,images/DSWD__img_3333.png,annotations/points/DSWD__img_3333.npy,1024,768,26,letterbox_448x448_to_768x768_pad_left128_pad_right128,cc486003e8d17852626caa4ced958097894508a0d5d0995cee4be5c7ab7473b1,f8c7cc84aa85083de410dc9d329a2a2f4820506bd13202df7f031cc7d3178d38
DSWD__img_3346,dswd,DSWD_img_3346,img_3346,train,train,images/DSWD__img_3346.png,annotations/points/DSWD__img_3346.npy,1024,768,29,letterbox_448x448_to_768x768_pad_left128_pad_right128,015dce971ed62c69a36e0a2de0c2f33fb827e55344d727995a041d5993b569e4,d1d1345b49874dd5626a709f07a8021a744ce1aca63af118e00068fcfa6b3a4d
DSWD__img_3360,dswd,DSWD_img_3360,img_3360,train,train,images/DSWD__img_3360.png,annotations/points/DSWD__img_3360.npy,1024,768,13,letterbox_448x448_to_768x768_pad_left128_pad_right128,d9228f42bae91a764327c05393ca6728219333ffacba591f2cd4f7967325ec38,556813aeb94ff4b2e052c5d27b41906408dd26424799a8854c8781bf5fb1c9c9
DSWD__img_3361,dswd,DSWD_img_3361,img_3361,train,train,images/DSWD__img_3361.png,annotations/points/DSWD__img_3361.npy,1024,768,11,letterbox_448x448_to_768x768_pad_left128_pad_right128,bf0e827aa4c71007c73d8b95a8c119d3d75b563d7d2e5adfb739b9300a6de6cf,d9bc4872adf7dbf54fa5dae3c1e29ec9b39be71179b143b489643a77a2f1407e
DSWD__img_3363,dswd,DSWD_img_3363,img_3363,train,train,images/DSWD__img_3363.png,annotations/points/DSWD__img_3363.npy,1024,768,18,letterbox_448x448_to_768x768_pad_left128_pad_right128,16aae8e14e250b94a1e5afdeb13bef89aa4d99e9a9e805948502dfafbffe354c,47509e01eb913489aeec38f4a91d3c53379135ef93738e0665cb344618a709a3
DSWD__img_3366,dswd,DSWD_img_3366,img_3366,train,train,images/DSWD__img_3366.png,annotations/points/DSWD__img_3366.npy,1024,768,12,letterbox_448x448_to_768x768_pad_left128_pad_right128,d0d7c9cdc276e80f942f6c9b0093013d34d5006d549309a6676e95155da69fcf,4a9940e4850bc28f974f7b32789b94a15c650842b0a77780683c0cd31f754302
DSWD__img_3370,dswd,DSWD_img_3370,img_3370,train,train,images/DSWD__img_3370.png,annotations/points/DSWD__img_3370.npy,1024,768,15,letterbox_448x448_to_768x768_pad_left128_pad_right128,99397b78cd32c67998d2905e7aea1fac71de59be9e3f4f662da108137d3bb811,327a9f50bff4734b6d0fb97327e3461c85c3bdb5a61c9011836e7264bb479e4e
DSWD__img_3375,dswd,DSWD_img_3375,img_3375,train,train,images/DSWD__img_3375.png,annotations/points/DSWD__img_3375.npy,1024,768,13,letterbox_448x448_to_768x768_pad_left128_pad_right128,2985974ba72ca6a589e357db099aa45238f20623d4649be2f3a6f8a48ee81c30,d6c70e73235cf64c39a2af00dbf2286c815d84ac9eabba89df5f9d0088617dfc
DSWD__img_3396,dswd,DSWD_img_3396,img_3396,train,train,images/DSWD__img_3396.png,annotations/points/DSWD__img_3396.npy,1024,768,6,letterbox_448x448_to_768x768_pad_left128_pad_right128,c00cb9c7af06276bdf8476e37907d784b97f664a8892958d999fdab0ed225aa9,ec807253eb83be80ebdff7806945422456b71edee422ce467a08069a3edb2b18
DSWD__img_3405,dswd,DSWD_img_3405,img_3405,train,train,images/DSWD__img_3405.png,annotations/points/DSWD__img_3405.npy,1024,768,12,letterbox_448x448_to_768x768_pad_left128_pad_right128,aa04179fbfb0e1738021e524995a92077a2e81951ba8537d2b6cda1f20d19e82,762d6841e31d3bafaed7e14069d9eb76c0895ed3dad140de721915103ba1fcc7
DSWD__img_3415,dswd,DSWD_img_3415,img_3415,train,train,images/DSWD__img_3415.png,annotations/points/DSWD__img_3415.npy,1024,768,12,letterbox_448x448_to_768x768_pad_left128_pad_right128,698ebe5fe95f5f82ceed92cfc73e83d972f034eaaa55f4ac68bd144aba7c6873,f0305b7b78667f37e3bd9c9ccadf8cf6b77f5f24ed05e0efdc38b3355dc721d6
DSWD__img_3426,dswd,DSWD_img_3426,img_3426,train,train,images/DSWD__img_3426.png,annotations/points/DSWD__img_3426.npy,1024,768,11,letterbox_448x448_to_768x768_pad_left128_pad_right128,8f6dd37ee9c35f2ae25b98654bdba6e326583679113f7449b7023f99118ddeed,1bc5b6e958ebf06932d558fce7f1f60f3c6a3cd04ae4014d5aa0e639d6315bfa
DSWD__img_343,dswd,DSWD_img_343,img_343,train,train,images/DSWD__img_343.png,annotations/points/DSWD__img_343.npy,1024,768,2,letterbox_448x448_to_768x768_pad_left128_pad_right128,9411ab50ff8ffc8063568cc2b625e7112dfd118f4830041d17a945788d282368,e33328c8bb15141a7b0f5b394c7d693ccd8885cd73ad0cfcf6ce584f9cb75f99
DSWD__img_3438,dswd,DSWD_img_3438,img_3438,train,train,images/DSWD__img_3438.png,annotations/points/DSWD__img_3438.npy,1024,768,14,letterbox_448x448_to_768x768_pad_left128_pad_right128,14d8c550c9db2be1f78774e397be7972805d8287409496b3bbdb5a0c28c69272,a9f222caf753453a741d7977ea51e73961378c69c399888637b8837f3373ea0f
DSWD__img_3451,dswd,DSWD_img_3451,img_3451,train,train,images/DSWD__img_3451.png,annotations/points/DSWD__img_3451.npy,1024,768,11,letterbox_448x448_to_768x768_pad_left128_pad_right128,f6b21f23acb9bbbcf2628c17415ca049c562c4caa514655df4381cc701c5052f,8d7138949d14b062d03c02618bb7fbae957cf6befa3f98f5b9731ab6b80a74ab
DSWD__img_3465,dswd,DSWD_img_3465,img_3465,train,train,images/DSWD__img_3465.png,annotations/points/DSWD__img_3465.npy,1024,768,2,letterbox_448x448_to_768x768_pad_left128_pad_right128,7d9544fa7899fb98890309e331f9612c6ae0312a67c086ed73cc88d605693422,d2a528d8ed78be9cbc53fb56b7d3ba952353a063098c87a93a7b72850f8057b2
DSWD__img_3466,dswd,DSWD_img_3466,img_3466,train,train,images/DSWD__img_3466.png,annotations/points/DSWD__img_3466.npy,1024,768,1,letterbox_448x448_to_768x768_pad_left128_pad_right128,b3df9564745b05818621ab3f6fd0261af161d8f40bbe577ba3e803d847e63d8d,fcfd9fb8768b932a244e9cf29978461579cb8ec373c749f454ed0ce1b246aba8
DSWD__img_3468,dswd,DSWD_img_3468,img_3468,train,train,images/DSWD__img_3468.png,annotations/points/DSWD__img_3468.npy,1024,768,1,letterbox_448x448_to_768x768_pad_left128_pad_right128,4b269f53e5f4ebebcce775b4375c8c44d2b1a4f319ca08401c9740b57966d1d8,a68691d30e7b76c0a46b661c41924ed0a339323e9af9227952ed8f588888c557
DSWD__img_3480,dswd,DSWD_img_3480,img_3480,train,train,images/DSWD__img_3480.png,annotations/points/DSWD__img_3480.npy,1024,768,1,letterbox_448x448_to_768x768_pad_left128_pad_right128,d8e5fe567c9b7c966f8deff59c17c381752e69fa55e1af1f956df58343aa43d0,501f48b15094fb24a7c4cd41a03bf93d58789f0fabc3c183a5b6462707d87e42
DSWD__img_3486,dswd,DSWD_img_3486,img_3486,train,train,images/DSWD__img_3486.png,annotations/points/DSWD__img_3486.npy,1024,768,1,letterbox_448x448_to_768x768_pad_left128_pad_right128,22760359fbaf5adf82f84e286ed8c09d55146a2145c2da5f8e3bf227e8ffb2b2,5878ac1667ce15352484ceaa015816349ac377df136c3a00079b819be2f42a46
DSWD__img_3493,dswd,DSWD_img_3493,img_3493,train,train,images/DSWD__img_3493.png,annotations/points/DSWD__img_3493.npy,1024,768,2,letterbox_448x448_to_768x768_pad_left128_pad_right128,5276a2d157cfbfe8a0e924b0327341177b56a0eed25f52c928766ddbb40398f3,2a4680a3db3a65697541e78097e11738fbac682f3f4e8eb0995e9de984b60d04
DSWD__img_3501,dswd,DSWD_img_3501,img_3501,train,train,images/DSWD__img_3501.png,annotations/points/DSWD__img_3501.npy,1024,768,1,letterbox_448x448_to_768x768_pad_left128_pad_right128,0d6cdd1b769c045da6e754f401488dd98978f0ddc88cbd66b4abd86ef80e3493,35ba3ab6012f61f69f3b54cc787f32c19dc93b541db1c50bfbfee9b0ce5e5882
DSWD__img_351,dswd,DSWD_img_351,img_351,train,train,images/DSWD__img_351.png,annotations/points/DSWD__img_351.npy,1024,768,2,letterbox_448x448_to_768x768_pad_left128_pad_right128,eaa51da2e42df1790676cf2409762dd8ebf96671f3903456041fad449d50dfc1,61d44553ca4a6208d8054b106203fa97ebffbc627eb68ebd90273fa237c0f83f
DSWD__img_3510,dswd,DSWD_img_3510,img_3510,train,train,images/DSWD__img_3510.png,annotations/points/DSWD__img_3510.npy,1024,768,1,letterbox_448x448_to_768x768_pad_left128_pad_right128,199ded6aa30396bd414cca08c8e6f7830b2717462e834ad26e2c6ce145631eea,bf05ec25094c2dcf79a6ac06fe2250003bfb095db90046586a1410b0f006a2ae
DSWD__img_3520,dswd,DSWD_img_3520,img_3520,train,train,images/DSWD__img_3520.png,annotations/points/DSWD__img_3520.npy,1024,768,0,letterbox_448x448_to_768x768_pad_left128_pad_right128,21a8f5ac1d00266e0843721c9d9a51166364b7fe4bf6557697556f8d4b953436,90f00d448fe2247088a956d58dbaaffa22b18e34646d789c64f8cff85e153216
DSWD__img_3531,dswd,DSWD_img_3531,img_3531,train,train,images/DSWD__img_3531.png,annotations/points/DSWD__img_3531.npy,1024,768,1,letterbox_448x448_to_768x768_pad_left128_pad_right128,09ac1ae4397b44c3a84a5e198bc798f3b6bc46c92e8bb8032adc1d6d1c99bcb9,3740ce16b083904454cdf89db62d19c1dc5a2e626b8be76bdca768c5c95f1304
DSWD__img_3543,dswd,DSWD_img_3543,img_3543,train,train,images/DSWD__img_3543.png,annotations/points/DSWD__img_3543.npy,1024,768,2,letterbox_448x448_to_768x768_pad_left128_pad_right128,3395844f8b11355a9aa26d9ca207b1ecccb025ce62ade8cbbee89adb663c7bc2,d75fd3d5f1ea2eff091754f2ccc743b1b78062564cb21deef78a362e1c69d60c
DSWD__img_3556,dswd,DSWD_img_3556,img_3556,train,train,images/DSWD__img_3556.png,annotations/points/DSWD__img_3556.npy,1024,768,0,letterbox_448x448_to_768x768_pad_left128_pad_right128,4b1b43652496d19e4442232a58c5d5998082c41864a68f27ff22273fb0db37f1,90f00d448fe2247088a956d58dbaaffa22b18e34646d789c64f8cff85e153216
DSWD__img_3573,dswd,DSWD_img_3573,img_3573,train,train,images/DSWD__img_3573.png,annotations/points/DSWD__img_3573.npy,1024,768,6,letterbox_448x448_to_768x768_pad_left128_pad_right128,54b8e8def8581d34489782a819d65d3c31d108b9baf52778b242db50ba18b8c2,e55e522dbc7071e5d1f0c61e0cdede37104ada3213cd06a5d2107bec6156e004
DSWD__img_3576,dswd,DSWD_img_3576,img_3576,train,train,images/DSWD__img_3576.png,annotations/points/DSWD__img_3576.npy,1024,768,10,letterbox_448x448_to_768x768_pad_left128_pad_right128,1307bbbf641ca620893c11d975aa1c278dfedf37da9a4bdaad45e99c2fa7e330,67ee004a920d10534397c01d61b267af42946022805edb92dbdf7fa4b16741ae
DSWD__img_3580,dswd,DSWD_img_3580,img_3580,train,train,images/DSWD__img_3580.png,annotations/points/DSWD__img_3580.npy,1024,768,14,letterbox_448x448_to_768x768_pad_left128_pad_right128,2f9cb586f514eea1370f7ec2d4feecbdedcf99455513d4a6fbf0ee17e189afeb,7e15d13f244855028c9a076df31ed52fdca9b7ebb75ed50da555dbf0c96eeb4d
DSWD__img_3585,dswd,DSWD_img_3585,img_3585,train,train,images/DSWD__img_3585.png,annotations/points/DSWD__img_3585.npy,1024,768,15,letterbox_448x448_to_768x768_pad_left128_pad_right128,57cf27d5521a4b9e73624b89f634bb8cb0fce645184ba6db7fe39febca50647d,68cc0b33d8f113240012f8deed65a64131ae4a06e5fba5259d7bc3d93a344b7f
DSWD__img_3591,dswd,DSWD_img_3591,img_3591,train,train,images/DSWD__img_3591.png,annotations/points/DSWD__img_3591.npy,1024,768,8,letterbox_448x448_to_768x768_pad_left128_pad_right128,ffc1cd90ff0b02ad119fbf3a1bb2bffb494567644e964b98d5d8a0955eb731df,c16e865e700182429f9a8a1d94d5bd97848385835e1885e265ef1c9c96eb533c
DSWD__img_3598,dswd,DSWD_img_3598,img_3598,train,train,images/DSWD__img_3598.png,annotations/points/DSWD__img_3598.npy,1024,768,11,letterbox_448x448_to_768x768_pad_left128_pad_right128,33c8e3703e0e220e51536232d9aca7c70e7eb2209acfe4ca23b667203287cf31,05c6876c98844e2c1c21951965992e7e719c4ee334c382deea2dab5269b7beae
DSWD__img_36,dswd,DSWD_img_36,img_36,train,train,images/DSWD__img_36.png,annotations/points/DSWD__img_36.npy,1024,768,3,letterbox_448x448_to_768x768_pad_left128_pad_right128,9b5b4b2bb710937f805ff8b4514dd422cad2a7bdb9f69d9e1ab45f30c6aed0c6,40e37fb583b029336f11109bf2bb0774f81856c45ce0b9c5be1833cc310e0610
DSWD__img_360,dswd,DSWD_img_360,img_360,train,train,images/DSWD__img_360.png,annotations/points/DSWD__img_360.npy,1024,768,8,letterbox_448x448_to_768x768_pad_left128_pad_right128,a59b1c8658c242918c80d060291573f7e78e851cccb5657c28abfcec68ee2782,5b2bad8853354c576641007f54074b89cc008e760f8b12910fa52b21bf5c197c
DSWD__img_3606,dswd,DSWD_img_3606,img_3606,train,train,images/DSWD__img_3606.png,annotations/points/DSWD__img_3606.npy,1024,768,13,letterbox_448x448_to_768x768_pad_left128_pad_right128,1e80c549514b88c0cbc6f465556ad2817c6594aad525003cc2205b95ed5041ee,f3aab8325a297f7d3a4e569168427f73976d680bd248607c12f6436cf40d6de6
DSWD__img_3615,dswd,DSWD_img_3615,img_3615,train,train,images/DSWD__img_3615.png,annotations/points/DSWD__img_3615.npy,1024,768,23,letterbox_448x448_to_768x768_pad_left128_pad_right128,9d17e0210dfb1d11e5b7c0632e9e24bb7f5952db601dd8ad196f8f6c38887ff3,52b97a5363e8d3a2edd635323e0141f10de16c9c4bbdc540b4ee9547d3c99c25
DSWD__img_3625,dswd,DSWD_img_3625,img_3625,train,train,images/DSWD__img_3625.png,annotations/points/DSWD__img_3625.npy,1024,768,12,letterbox_448x448_to_768x768_pad_left128_pad_right128,22b213ecc05fa5fcd9564924649f7aa683c8c21f7cf3a2d876a3316cc48b54da,13d29b7707b3fcef6b1ca9ea12323e7b7df956719e20ec1eba6e0144844320fc
DSWD__img_3661,dswd,DSWD_img_3661,img_3661,train,train,images/DSWD__img_3661.png,annotations/points/DSWD__img_3661.npy,1024,768,9,letterbox_448x448_to_768x768_pad_left128_pad_right128,b46e0928b3b473faf154c443c9ce2c6eae843e612dd88701ce08b7790819c129,3fb20877230cd4e129b67cdd02d7bbb977b0f4b5a312fd0e2b0e492e2bb6de65
DSWD__img_3675,dswd,DSWD_img_3675,img_3675,train,train,images/DSWD__img_3675.png,annotations/points/DSWD__img_3675.npy,1024,768,1,letterbox_448x448_to_768x768_pad_left128_pad_right128,eecece889827cd01dca2a4c2a237d69db3ed78a2ad6f410e34570bc27d7dc81f,ba92aaa95fb8c5af2654efa1f87212b0f44f634868dcb12830ef5cc120af4efa
DSWD__img_3676,dswd,DSWD_img_3676,img_3676,train,train,images/DSWD__img_3676.png,annotations/points/DSWD__img_3676.npy,1024,768,3,letterbox_448x448_to_768x768_pad_left128_pad_right128,384fd2bfa22ac4dce9a984599afadc675b3b75ef5be2516ba98ae2fb11863f5c,256de70c181c4e16784e8e923ee57edb3e70d9d1242cd3e6471c32cfef201e26
DSWD__img_3678,dswd,DSWD_img_3678,img_3678,train,train,images/DSWD__img_3678.png,annotations/points/DSWD__img_3678.npy,1024,768,2,letterbox_448x448_to_768x768_pad_left128_pad_right128,3fd8cde9c944d9b0ecec6510eb12637a189cd65e3d637536e6b413f99fa5cc1a,6d07f3922a0ee71bd1bc076a852a717b92636462627a211db901271edf64de16
DSWD__img_3681,dswd,DSWD_img_3681,img_3681,train,train,images/DSWD__img_3681.png,annotations/points/DSWD__img_3681.npy,1024,768,2,letterbox_448x448_to_768x768_pad_left128_pad_right128,f40640b3e6deeac4de39f0a2c954936f01e6de03d656087438cf96968b6b5208,4b13a7c21894b99f8a0d55218e137c53d77a45e782d0bb8dd84e19e373a08176
DSWD__img_3685,dswd,DSWD_img_3685,img_3685,train,train,images/DSWD__img_3685.png,annotations/points/DSWD__img_3685.npy,1024,768,1,letterbox_448x448_to_768x768_pad_left128_pad_right128,bb8ef763711357aa9b8c388abb1f97a3db6be19f2776742734921549d81e2cea,9103cb2ee9ea8f05cbf9b85f756fab6366873253f532f31585ee026fd27c55b0
DSWD__img_3690,dswd,DSWD_img_3690,img_3690,train,train,images/DSWD__img_3690.png,annotations/points/DSWD__img_3690.npy,1024,768,2,letterbox_448x448_to_768x768_pad_left128_pad_right128,14e97111f63ea2509dfbe881302f3cdf65f74c15428c8a60c420b992bcf22004,637f518a6f6463fb0e94b70e06767fd96702d84bef50afcaff82fd76447246a5
DSWD__img_3696,dswd,DSWD_img_3696,img_3696,train,train,images/DSWD__img_3696.png,annotations/points/DSWD__img_3696.npy,1024,768,1,letterbox_448x448_to_768x768_pad_left128_pad_right128,ab163af5cf17c9606afdddeca88be4c99e7967e1522aea83870b7727b47fa2b4,6e4dd8e3c56543d6cce87fc56cf2d0fbf8603e3fb710e5d6ab675091718016ee
DSWD__img_370,dswd,DSWD_img_370,img_370,train,train,images/DSWD__img_370.png,annotations/points/DSWD__img_370.npy,1024,768,12,letterbox_448x448_to_768x768_pad_left128_pad_right128,74278fb178e64581f82d413014da61129674a0f82beb551139c4e59986624d76,13e4c4a9a0ef208fb5ab3b9185ac62ed2948b8a6e343b9d03f74e58f3267dccc
DSWD__img_3703,dswd,DSWD_img_3703,img_3703,train,train,images/DSWD__img_3703.png,annotations/points/DSWD__img_3703.npy,1024,768,1,letterbox_448x448_to_768x768_pad_left128_pad_right128,0fe8aaba4bb9828c2c3ab2718d46532d6fb1e95593b294d8c55270bd7ab7d64d,4b563e602d40488a77290967b2f9501eb360e7eac3eb4cdfcfab03d27fc7329f
DSWD__img_3730,dswd,DSWD_img_3730,img_3730,train,train,images/DSWD__img_3730.png,annotations/points/DSWD__img_3730.npy,1024,768,0,letterbox_448x448_to_768x768_pad_left128_pad_right128,efaffad36948cc29fc33698c85387673d409153f793fa91d93def5251ba45dec,90f00d448fe2247088a956d58dbaaffa22b18e34646d789c64f8cff85e153216
DSWD__img_3741,dswd,DSWD_img_3741,img_3741,train,train,images/DSWD__img_3741.png,annotations/points/DSWD__img_3741.npy,1024,768,1,letterbox_448x448_to_768x768_pad_left128_pad_right128,5d70895fc50070664567732cd22b364e590364ad24d704efd7569c5bf75bf542,48313ee004b6b66e693ffac6f7bf6268d6458c786b5420b4609798c6fae9877a
DSWD__img_3753,dswd,DSWD_img_3753,img_3753,train,train,images/DSWD__img_3753.png,annotations/points/DSWD__img_3753.npy,1024,768,1,letterbox_448x448_to_768x768_pad_left128_pad_right128,8028c35521616300b51ab283048a99de569154ce3040afe132265572d923c9db,f5d68bf48854459fd7277ae5f116d9d7845f261864f60cb71ec3d9c1f6e45fe9
DSWD__img_3766,dswd,DSWD_img_3766,img_3766,train,train,images/DSWD__img_3766.png,annotations/points/DSWD__img_3766.npy,1024,768,2,letterbox_448x448_to_768x768_pad_left128_pad_right128,dc1f0830f42c1c21652ab1eba2f8757a5aeb0ee20e308a90b0ede947a8dd5aa0,3aaee8796a3f3e824e3c88fb18710c8b5106d234198aaddcd3c1b82513943474
DSWD__img_3780,dswd,DSWD_img_3780,img_3780,train,train,images/DSWD__img_3780.png,annotations/points/DSWD__img_3780.npy,1024,768,0,letterbox_448x448_to_768x768_pad_left128_pad_right128,e0486d99bc2764e2e1233d7215a4c87ed556a500e53f512f0e807a1aadc0ce22,90f00d448fe2247088a956d58dbaaffa22b18e34646d789c64f8cff85e153216
DSWD__img_3781,dswd,DSWD_img_3781,img_3781,train,train,images/DSWD__img_3781.png,annotations/points/DSWD__img_3781.npy,1024,768,2,letterbox_448x448_to_768x768_pad_left128_pad_right128,2e7ca399cc5b28a4003bb9d3185a96c8e3b1f6dad5d967e66e4e47a3d60a6817,481b830327e4952a17979c146202a6207a557eae2d836bcac51ad628ef100533
DSWD__img_3783,dswd,DSWD_img_3783,img_3783,train,train,images/DSWD__img_3783.png,annotations/points/DSWD__img_3783.npy,1024,768,2,letterbox_448x448_to_768x768_pad_left128_pad_right128,42b8de8f6e160524ce00ebcb6105c232c284cbaae1dda2cda0a09bef93e9810f,422d3059ef5562b09e133fa7279ccfccd62d9fd7806d9021d8ab6a17e119ebb1
DSWD__img_3786,dswd,DSWD_img_3786,img_3786,train,train,images/DSWD__img_3786.png,annotations/points/DSWD__img_3786.npy,1024,768,2,letterbox_448x448_to_768x768_pad_left128_pad_right128,02bb1a79db7ff1904a40aaf0ecaf098cbf60d31bb3266704aab5b57cc830f192,3c47694f8dc18097d2e761501b03d5722df053ec2b972ae4d7a26e7fab6bbe9f
DSWD__img_3790,dswd,DSWD_img_3790,img_3790,train,train,images/DSWD__img_3790.png,annotations/points/DSWD__img_3790.npy,1024,768,2,letterbox_448x448_to_768x768_pad_left128_pad_right128,da87dadedef4d72132f0abb846f6f3d776400f3dce324434d1b2a3a94277a0f4,37e67adf66551bc4c632186212efea826f1e7f66393ed6c216bada93a21096f0
DSWD__img_3808,dswd,DSWD_img_3808,img_3808,train,train,images/DSWD__img_3808.png,annotations/points/DSWD__img_3808.npy,1024,768,2,letterbox_448x448_to_768x768_pad_left128_pad_right128,48c36290ba6634dd33bbba8f6dd1202d9664f920e28f6ad83fa66da2730c60b9,618680d798c08b5595b62a56ea430dcd234adc0bc332cf94cf223199cb5a61f8
DSWD__img_381,dswd,DSWD_img_381,img_381,train,train,images/DSWD__img_381.png,annotations/points/DSWD__img_381.npy,1024,768,0,letterbox_448x448_to_768x768_pad_left128_pad_right128,ad288e648240bb0b2d3f622bffa955d91316645b8ce221abf0547b0bbbce3eb6,90f00d448fe2247088a956d58dbaaffa22b18e34646d789c64f8cff85e153216
DSWD__img_3816,dswd,DSWD_img_3816,img_3816,train,train,images/DSWD__img_3816.png,annotations/points/DSWD__img_3816.npy,1024,768,1,letterbox_448x448_to_768x768_pad_left128_pad_right128,8a50ff637807be86763c7748708932a85df539d684ebc96d696f9d7d71a6280d,d7ac47dab87c9cc1da42cbcfe2d26c0055179aa99f5dd880cd8dc79232a04ba9
DSWD__img_3825,dswd,DSWD_img_3825,img_3825,train,train,images/DSWD__img_3825.png,annotations/points/DSWD__img_3825.npy,1024,768,2,letterbox_448x448_to_768x768_pad_left128_pad_right128,149b3058a176bd906266b8659cc882a3756fde3f4eb35e6b2c543635e6d4df1b,8a75e791ea485f80b0e1444ca1014d578724b0d29480a1be91a00765bd535bd6
DSWD__img_3835,dswd,DSWD_img_3835,img_3835,train,train,images/DSWD__img_3835.png,annotations/points/DSWD__img_3835.npy,1024,768,1,letterbox_448x448_to_768x768_pad_left128_pad_right128,fd0c539ae5b426098f1d5d82fcb7f0d1ced8f8535e8e0671e7526215518f5aec,d1bb2d733bd35b286bab367cb41b003d52b8b6e15b523fc10b196f4c1867f43c
DSWD__img_3846,dswd,DSWD_img_3846,img_3846,train,train,images/DSWD__img_3846.png,annotations/points/DSWD__img_3846.npy,1024,768,1,letterbox_448x448_to_768x768_pad_left128_pad_right128,d4de1a97c27ef0070ec9f69c9380a0161c0159bbe2e814a421bdc45c099f73e4,db9dbb3848b6573c7d1ca73e37db2df0911b588f77645d8f3f79cf4689b39cd8
DSWD__img_3858,dswd,DSWD_img_3858,img_3858,train,train,images/DSWD__img_3858.png,annotations/points/DSWD__img_3858.npy,1024,768,0,letterbox_448x448_to_768x768_pad_left128_pad_right128,ca840647994d89ff3c21c28247d63167839661c7294469c49894598c6fccc6c1,90f00d448fe2247088a956d58dbaaffa22b18e34646d789c64f8cff85e153216
DSWD__img_3871,dswd,DSWD_img_3871,img_3871,train,train,images/DSWD__img_3871.png,annotations/points/DSWD__img_3871.npy,1024,768,1,letterbox_448x448_to_768x768_pad_left128_pad_right128,8988d3583842648e677d792f5708b6ebd408170fb5631bbbee1b6839f0951a5e,bbfae599a0746b880c91469ec5de6eb0e9718b596fdf8fd36b3fcf38b7eeb766
DSWD__img_3885,dswd,DSWD_img_3885,img_3885,train,train,images/DSWD__img_3885.png,annotations/points/DSWD__img_3885.npy,1024,768,3,letterbox_448x448_to_768x768_pad_left128_pad_right128,006746c98308c05822652cbbaa475275233e142c1d33a8fe96936266a42a3c97,4dc7c917bbffc440210cfffc8164088a52865281e0e477bfd6453c5586884c80
DSWD__img_3886,dswd,DSWD_img_3886,img_3886,train,train,images/DSWD__img_3886.png,annotations/points/DSWD__img_3886.npy,1024,768,5,letterbox_448x448_to_768x768_pad_left128_pad_right128,89883f1c684c7ca7e21a2fc6a4e8c9c86b50d7a4e586b62d035a2737177b1b99,ed630005c928d41e19ca85ac1e1e6efd0f1e27995d88d6931012d6f70e4157e9
DSWD__img_3895,dswd,DSWD_img_3895,img_3895,train,train,images/DSWD__img_3895.png,annotations/points/DSWD__img_3895.npy,1024,768,2,letterbox_448x448_to_768x768_pad_left128_pad_right128,9a82f4856ab74891e7dda14f60bb445885b624e29a1dcf9053456cca26ae8313,9e8bdb6dfcde2e8dcf653acfaffe75be8cd78a058cd1fb37bf1dcb20e96284fa
DSWD__img_3900,dswd,DSWD_img_3900,img_3900,train,train,images/DSWD__img_3900.png,annotations/points/DSWD__img_3900.npy,1024,768,5,letterbox_448x448_to_768x768_pad_left128_pad_right128,9d4675779e18ba1177775183760c19c0e28289a82fa4f3508355fcb453c5600b,ec7f4d4a136df779b66bd1b9c87977a8f17fe89311ae79e141a5d57d88a2d09e
DSWD__img_3906,dswd,DSWD_img_3906,img_3906,train,train,images/DSWD__img_3906.png,annotations/points/DSWD__img_3906.npy,1024,768,1,letterbox_448x448_to_768x768_pad_left128_pad_right128,dd561f7141226504524e9e128829b43f282bacbc272a16e7eff2d8dd7ac6b86a,c33f87ecf2ad80a28097a306a374a1c3b5d291d71bb4108579b3b3265daa0fed
DSWD__img_3913,dswd,DSWD_img_3913,img_3913,train,train,images/DSWD__img_3913.png,annotations/points/DSWD__img_3913.npy,1024,768,7,letterbox_448x448_to_768x768_pad_left128_pad_right128,69d8e98aa3c8a402b11cc88f4ea0b97195e6d7e22e0b5619a49f3142d749ae98,79c07370c46f88131248c17f857f96f1044744c3a339d8b92c8a4965b92726bf
DSWD__img_3921,dswd,DSWD_img_3921,img_3921,train,train,images/DSWD__img_3921.png,annotations/points/DSWD__img_3921.npy,1024,768,2,letterbox_448x448_to_768x768_pad_left128_pad_right128,050f85c38e68f571b3537dea4f921198d1b51974771c113c955f3c5fad6ce47c,d1392d4b30d7a14f7191c64bb17e51bdcd3f4eabb627dc5fd0a0c242fbcddde0
DSWD__img_393,dswd,DSWD_img_393,img_393,train,train,images/DSWD__img_393.png,annotations/points/DSWD__img_393.npy,1024,768,4,letterbox_448x448_to_768x768_pad_left128_pad_right128,ff9c1681fbb0aca19b72f75ec99bbfc3e40201a6f5c78e1676c05aa413451288,5f9d1d560c9cdc85d6d3009a4a13c94571e31e36f555d944b7d74f112bd11a51
DSWD__img_3930,dswd,DSWD_img_3930,img_3930,train,train,images/DSWD__img_3930.png,annotations/points/DSWD__img_3930.npy,1024,768,1,letterbox_448x448_to_768x768_pad_left128_pad_right128,029f6854d69d30ef1c5af625fd1ceeef5e3d52861fae3cf21a86f6d232ca7a2b,55bc8f9916ae4f0eefcab46c61ef6564faad5e16c720327f3a44bd8578836834
DSWD__img_3940,dswd,DSWD_img_3940,img_3940,train,train,images/DSWD__img_3940.png,annotations/points/DSWD__img_3940.npy,1024,768,6,letterbox_448x448_to_768x768_pad_left128_pad_right128,070abef4f124a87c36f44395fd7a88dcf06a90283f445d6decd6ffc4a7054fed,31aa403469f9f12e6d82d734607fbeefdbfec7115fa7ad82edee46106e333a2e
DSWD__img_3951,dswd,DSWD_img_3951,img_3951,train,train,images/DSWD__img_3951.png,annotations/points/DSWD__img_3951.npy,1024,768,3,letterbox_448x448_to_768x768_pad_left128_pad_right128,d3eb2704bd626843c564dd1a0095b5fff5abff0654caa5b372f46c8a496548bb,82a5bd6ff84df1b29d5f8f46c2b2ac0dddee27a73aab2cdc43531dc97d8143c3
DSWD__img_3963,dswd,DSWD_img_3963,img_3963,train,train,images/DSWD__img_3963.png,annotations/points/DSWD__img_3963.npy,1024,768,0,letterbox_448x448_to_768x768_pad_left128_pad_right128,97a283ca6777de5bda9b8829cdde04f9594d003ee56116d337880e243b3194c2,90f00d448fe2247088a956d58dbaaffa22b18e34646d789c64f8cff85e153216
DSWD__img_3991,dswd,DSWD_img_3991,img_3991,train,train,images/DSWD__img_3991.png,annotations/points/DSWD__img_3991.npy,1024,768,3,letterbox_448x448_to_768x768_pad_left128_pad_right128,9a5781cdf6a7999278f77f823634301f522d9972daff8de87238806ae78c21d6,b2f71be39f8c491d08117c7d55f5dc205b45e06b311d2a951f06ecf765dd0281
DSWD__img_3993,dswd,DSWD_img_3993,img_3993,train,train,images/DSWD__img_3993.png,annotations/points/DSWD__img_3993.npy,1024,768,2,letterbox_448x448_to_768x768_pad_left128_pad_right128,2255c5a9992a6ff5ecafab42dad9b6714f750cb1fb94d4b0ab96ede084665f11,985992097f7893bf232b9e7ec14d8c67a1e2df21740a3029e54539e7085a3c1c
DSWD__img_3996,dswd,DSWD_img_3996,img_3996,train,train,images/DSWD__img_3996.png,annotations/points/DSWD__img_3996.npy,1024,768,0,letterbox_448x448_to_768x768_pad_left128_pad_right128,9d5c2e53fd1be4c52960c9d14fe4fc7cfac5908ea1be0a6dae03b5efef4a78d2,90f00d448fe2247088a956d58dbaaffa22b18e34646d789c64f8cff85e153216
DSWD__img_4000,dswd,DSWD_img_4000,img_4000,train,train,images/DSWD__img_4000.png,annotations/points/DSWD__img_4000.npy,1024,768,0,letterbox_448x448_to_768x768_pad_left128_pad_right128,3046cd89ab2b148bce0074aa0a90d8757ddc57687ce8598749560b1fbbab719c,90f00d448fe2247088a956d58dbaaffa22b18e34646d789c64f8cff85e153216
DSWD__img_4005,dswd,DSWD_img_4005,img_4005,train,train,images/DSWD__img_4005.png,annotations/points/DSWD__img_4005.npy,1024,768,0,letterbox_448x448_to_768x768_pad_left128_pad_right128,590f7055ced2728a4d0a5d8549a01d2c89cc55180afe5f01413d862460f90f38,90f00d448fe2247088a956d58dbaaffa22b18e34646d789c64f8cff85e153216
DSWD__img_4011,dswd,DSWD_img_4011,img_4011,train,train,images/DSWD__img_4011.png,annotations/points/DSWD__img_4011.npy,1024,768,0,letterbox_448x448_to_768x768_pad_left128_pad_right128,3ed6742c980cf258e8c4272696a5afcf3bc0794c9ed171fb56e735f8cbe8e0bb,90f00d448fe2247088a956d58dbaaffa22b18e34646d789c64f8cff85e153216
DSWD__img_4018,dswd,DSWD_img_4018,img_4018,train,train,images/DSWD__img_4018.png,annotations/points/DSWD__img_4018.npy,1024,768,2,letterbox_448x448_to_768x768_pad_left128_pad_right128,c8b2d3442a0c84a2fa3784c08334cdc608fb89fa6a4dc9c5e48c5cf05de09694,992f07224d27187eac79b871f61bc97407d1623bffa16e6e5f5dc38a98d10988
DSWD__img_4026,dswd,DSWD_img_4026,img_4026,train,train,images/DSWD__img_4026.png,annotations/points/DSWD__img_4026.npy,1024,768,1,letterbox_448x448_to_768x768_pad_left128_pad_right128,a2355ed23eb5ef49ea7f5f238d7a02cb580d3f004a86169821705ee543f43be3,815a333168e8016d1943686dee24915a2a053d5abcdcac511cd07a5d808585bd
DSWD__img_4035,dswd,DSWD_img_4035,img_4035,train,train,images/DSWD__img_4035.png,annotations/points/DSWD__img_4035.npy,1024,768,3,letterbox_448x448_to_768x768_pad_left128_pad_right128,d5a56c5ffc8a97ffd5ef2faeb6f1f6328a9660bfe598a4cbc98c06717a29d7ad,d14fd9ddf0118a48922eb36a49c98bfbc79bfa136bf2d10824e5d54b80f79e18
DSWD__img_406,dswd,DSWD_img_406,img_406,train,train,images/DSWD__img_406.png,annotations/points/DSWD__img_406.npy,1024,768,0,letterbox_448x448_to_768x768_pad_left128_pad_right128,b532502b8f547ceb06d0e187691b2df595640e3b29de22bf2ed618d2d14691d5,90f00d448fe2247088a956d58dbaaffa22b18e34646d789c64f8cff85e153216
DSWD__img_4068,dswd,DSWD_img_4068,img_4068,train,train,images/DSWD__img_4068.png,annotations/points/DSWD__img_4068.npy,1024,768,0,letterbox_448x448_to_768x768_pad_left128_pad_right128,f7a20cfccf23d74fb35c02c50365c2b7e702e1c1e796c85d5bcfda926538172e,90f00d448fe2247088a956d58dbaaffa22b18e34646d789c64f8cff85e153216
DSWD__img_4081,dswd,DSWD_img_4081,img_4081,train,train,images/DSWD__img_4081.png,annotations/points/DSWD__img_4081.npy,1024,768,2,letterbox_448x448_to_768x768_pad_left128_pad_right128,45a0cf7abedfb2c17880feca25d13d60905a0b9b1760858716ed53d00b57e261,32df5314114b9b6bc10b0b759a36522e57c85d288179a1330c0b42044b04b10c
DSWD__img_4095,dswd,DSWD_img_4095,img_4095,train,train,images/DSWD__img_4095.png,annotations/points/DSWD__img_4095.npy,1024,768,10,letterbox_448x448_to_768x768_pad_left128_pad_right128,a749e2e567653e6c6ff8b8162a1741174373b656cfdc78645bfb8f7519b016f1,3c435f560c13658b03ab37e66c27bd12f43c6b06418d13366e72dc6673fc600f
DSWD__img_4096,dswd,DSWD_img_4096,img_4096,train,train,images/DSWD__img_4096.png,annotations/points/DSWD__img_4096.npy,1024,768,4,letterbox_448x448_to_768x768_pad_left128_pad_right128,be8fef8628f8a092aa7081804eaf895abcc4762eb9530abeeeb85618fdbb30b4,3a30bc8b08c7a0e894b4b838392e856940fb26aa2834db973dd99d7332f5de03
DSWD__img_4098,dswd,DSWD_img_4098,img_4098,train,train,images/DSWD__img_4098.png,annotations/points/DSWD__img_4098.npy,1024,768,8,letterbox_448x448_to_768x768_pad_left128_pad_right128,1e3aa6cea869d3c531cba57f17d948ac8ff701aaebe092ae5513311c5c757662,a338fc04e81920af126a8bf81ea8333a77a7e9a69d3751361ea8771dead2b6c1
DSWD__img_4101,dswd,DSWD_img_4101,img_4101,train,train,images/DSWD__img_4101.png,annotations/points/DSWD__img_4101.npy,1024,768,8,letterbox_448x448_to_768x768_pad_left128_pad_right128,3a11b39a7775a406359597abe10911230c31669f741627b14343f587e8cad246,86b5c931bdaa382c756871f61f24f4d9b7bd83131090fe5091d54088b449ae34
DSWD__img_4105,dswd,DSWD_img_4105,img_4105,train,train,images/DSWD__img_4105.png,annotations/points/DSWD__img_4105.npy,1024,768,16,letterbox_448x448_to_768x768_pad_left128_pad_right128,7cf63aa2dcab169e21b9d13e9a82faf8810bbe8a9e015be130dc313a9652a461,ff5d0f45c2c4574bf9e54ab4081af86f947368fc2f9f2705b311a00c4b6764d7
DSWD__img_4110,dswd,DSWD_img_4110,img_4110,train,train,images/DSWD__img_4110.png,annotations/points/DSWD__img_4110.npy,1024,768,14,letterbox_448x448_to_768x768_pad_left128_pad_right128,91dbf989e9855d05d25c6fe06912b697df5d35fefda6c8ab6461bdf5bbc91e25,1f651261ebb181eedb755c7dbd9147755554c291dcc84dc40e918a9131eeff15
DSWD__img_4116,dswd,DSWD_img_4116,img_4116,train,train,images/DSWD__img_4116.png,annotations/points/DSWD__img_4116.npy,1024,768,6,letterbox_448x448_to_768x768_pad_left128_pad_right128,407195d3c432e266016e3d73d5e720823ab01467f2ae047de0d5fd53f47ebb03,d1c9375a659a217eb362edd2ed6641a764d734c0be967e88a8a810e1d965684b
DSWD__img_4140,dswd,DSWD_img_4140,img_4140,train,train,images/DSWD__img_4140.png,annotations/points/DSWD__img_4140.npy,1024,768,6,letterbox_448x448_to_768x768_pad_left128_pad_right128,54cc7e198c3b5878ab893e2ef40619c6dd73edc6771762c7d686800162523faa,d190c95097441decfb88c5f81ffd10cbc723eb6cdda46f79fe034dc667e606f6
DSWD__img_4150,dswd,DSWD_img_4150,img_4150,train,train,images/DSWD__img_4150.png,annotations/points/DSWD__img_4150.npy,1024,768,4,letterbox_448x448_to_768x768_pad_left128_pad_right128,cb8981e1011dcbfe94f2bd5515f981ea21a912e28547afb263b9002a25ba1329,eec09f36c22213916093160b6bc4f78fcdc8ee0ae5c0a5d4447977e3d3870630
DSWD__img_4161,dswd,DSWD_img_4161,img_4161,train,train,images/DSWD__img_4161.png,annotations/points/DSWD__img_4161.npy,1024,768,15,letterbox_448x448_to_768x768_pad_left128_pad_right128,ebee565cf6655e1ab4066f55307642774af395de409b9b8016fb093a732dff21,5b93c6ea9fbc6c6c47ff360001288de58b05e377d9868b54af4b3cdb6a30b885
DSWD__img_4173,dswd,DSWD_img_4173,img_4173,train,train,images/DSWD__img_4173.png,annotations/points/DSWD__img_4173.npy,1024,768,14,letterbox_448x448_to_768x768_pad_left128_pad_right128,e4d3411e2b205c059c725d07e9ae36eb24954eb61b3e9393938a2184ecda274e,2a3f87c858e6d4c8c95a41841a6c0c56d0e47e04ceac10b10018cb68888f9749
DSWD__img_4186,dswd,DSWD_img_4186,img_4186,train,train,images/DSWD__img_4186.png,annotations/points/DSWD__img_4186.npy,1024,768,10,letterbox_448x448_to_768x768_pad_left128_pad_right128,e68e5477fbf59d14b21dc375a0ae31479a31a239c656db0560f9045218dc5606,552ab410351322e42ca3eb964226f3f92a5c49ab72ca41210157f17252d7fde7
DSWD__img_420,dswd,DSWD_img_420,img_420,train,train,images/DSWD__img_420.png,annotations/points/DSWD__img_420.npy,1024,768,2,letterbox_448x448_to_768x768_pad_left128_pad_right128,7dd36c8c279c78a4046b4ba71f67e374b9c86e2ea2a13c96d38820374ac575d4,d4ed329d06ed04a18535867e537fee7d996c81a6c971840fc7c3f73969bb4f37
DSWD__img_4200,dswd,DSWD_img_4200,img_4200,train,train,images/DSWD__img_4200.png,annotations/points/DSWD__img_4200.npy,1024,768,17,letterbox_448x448_to_768x768_pad_left128_pad_right128,dd7cf66a5a469de3b4d3e94f5f28bb91b9eb7092d3cb5b9379489037d4866d2d,5db24ca3d5a21d769421758d84a6798c7f4f480212114ebaffa30927a3eed375
DSWD__img_4201,dswd,DSWD_img_4201,img_4201,train,train,images/DSWD__img_4201.png,annotations/points/DSWD__img_4201.npy,1024,768,11,letterbox_448x448_to_768x768_pad_left128_pad_right128,fe62aa543e0f102bb7576813822869be1b56d91efb893e4716e2d4bf992a67ed,130b91dfd7a395c4947d05ab021d0a58f4675fc66fb8fed48c98136aca424056
DSWD__img_4203,dswd,DSWD_img_4203,img_4203,train,train,images/DSWD__img_4203.png,annotations/points/DSWD__img_4203.npy,1024,768,16,letterbox_448x448_to_768x768_pad_left128_pad_right128,0c35fa26e393bfddf3b6feaaa9dd2b7bc7573f8aee21feeb1300fe607f2e805d,ced18c74ef252763dd9efc472adfad86b472cb70d61f7b8d0990a6e8ce147d36
DSWD__img_4206,dswd,DSWD_img_4206,img_4206,train,train,images/DSWD__img_4206.png,annotations/points/DSWD__img_4206.npy,1024,768,16,letterbox_448x448_to_768x768_pad_left128_pad_right128,a947d7a335486cefa46629fd1321db22466d144745b2a84e81de50895d5a41e5,3641834ee76608d849ade150a44e1a2b1661c8105ab83b2b0e3083c401259238
DSWD__img_421,dswd,DSWD_img_421,img_421,train,train,images/DSWD__img_421.png,annotations/points/DSWD__img_421.npy,1024,768,2,letterbox_448x448_to_768x768_pad_left128_pad_right128,4f4eb5a4fa2ce39b86e6198702efb2a8a7533c437d4d630c196cb327a2254302,64a71dcb03252a05f7748b38c21b1de9741e4289bffb7aad3b1f81687203c198
DSWD__img_4221,dswd,DSWD_img_4221,img_4221,train,train,images/DSWD__img_4221.png,annotations/points/DSWD__img_4221.npy,1024,768,23,letterbox_448x448_to_768x768_pad_left128_pad_right128,ca4547481b750aec6cee1fae658da9a3a97cb6e36929b22fa673e6ccc10a0f3e,6bcc713f93b3958d974914daca9ebb8a1bc169f6526105729b58f463e875fb45
DSWD__img_4228,dswd,DSWD_img_4228,img_4228,train,train,images/DSWD__img_4228.png,annotations/points/DSWD__img_4228.npy,1024,768,20,letterbox_448x448_to_768x768_pad_left128_pad_right128,d3e50bae54c30b9b69d53353b316eda716cc7d046981807d1ed28710d437cbb3,cb8827cbf2e5925fff5cf0a28ba59e13bee0538d26b2d20191c680b3c6f10ee6
DSWD__img_4236,dswd,DSWD_img_4236,img_4236,train,train,images/DSWD__img_4236.png,annotations/points/DSWD__img_4236.npy,1024,768,12,letterbox_448x448_to_768x768_pad_left128_pad_right128,37f2e7fa203dde14d79e323ac5358f927398e79aca23ba9e7d6656dd09746a42,cb7676c76d1f046bed1c745affdd5a5000f32b3d98ff27985e62460b2810d105
DSWD__img_4245,dswd,DSWD_img_4245,img_4245,train,train,images/DSWD__img_4245.png,annotations/points/DSWD__img_4245.npy,1024,768,14,letterbox_448x448_to_768x768_pad_left128_pad_right128,d6fa44bae964f15232cc1d47839ef146b717ea17c35bd8ff71c5f1d6edd56c99,885fde15085d5626b189a0c622c9bc41d02ecb1f3087b3c3ff01c7e07e6646c6
DSWD__img_4255,dswd,DSWD_img_4255,img_4255,train,train,images/DSWD__img_4255.png,annotations/points/DSWD__img_4255.npy,1024,768,4,letterbox_448x448_to_768x768_pad_left128_pad_right128,b6528e1dd5245225b284917f3648c66c6f15a8d955763e93b18aa8779d72b910,a79159e07c12003b3767510239bf9040bef6b91e11bb7084b967a19623d350bf
DSWD__img_4266,dswd,DSWD_img_4266,img_4266,train,train,images/DSWD__img_4266.png,annotations/points/DSWD__img_4266.npy,1024,768,22,letterbox_448x448_to_768x768_pad_left128_pad_right128,ed57dbd8532dfb20d51c3cc4592753c471fbdac2f65cf7775672a1b849e7ebe0,2edc8dbea5e98c1288e37b0d279387778ce82f9e02236d8c7c6333e1374a1d9b
DSWD__img_4278,dswd,DSWD_img_4278,img_4278,train,train,images/DSWD__img_4278.png,annotations/points/DSWD__img_4278.npy,1024,768,20,letterbox_448x448_to_768x768_pad_left128_pad_right128,1f6ca875829799db047989c9bd90f86e1cb61ff91d00442c52438cc5f0050399,0210788dc83b5645ac32b4dbb42a28c36e76bc787c67afb4341d0f84578f8e7c
DSWD__img_4291,dswd,DSWD_img_4291,img_4291,train,train,images/DSWD__img_4291.png,annotations/points/DSWD__img_4291.npy,1024,768,19,letterbox_448x448_to_768x768_pad_left128_pad_right128,079e318c2618120c8b105d83291e7a049d4aec769ee3af4af4208f54b230607d,0ba8b7fb5736cae40a3c65938a64fe11c7f429420518e0a7518dd35b6be6d819
DSWD__img_430,dswd,DSWD_img_430,img_430,train,train,images/DSWD__img_430.png,annotations/points/DSWD__img_430.npy,1024,768,0,letterbox_448x448_to_768x768_pad_left128_pad_right128,88d477a636a39b7b0122dcaf5f67844209a03c3863bf7a26da4c0c4919fb39ac,90f00d448fe2247088a956d58dbaaffa22b18e34646d789c64f8cff85e153216
DSWD__img_4305,dswd,DSWD_img_4305,img_4305,train,train,images/DSWD__img_4305.png,annotations/points/DSWD__img_4305.npy,1024,768,3,letterbox_448x448_to_768x768_pad_left128_pad_right128,3df5826b4c0419a275ff8e6c7ce591f2cc75e951cca19879bc0095bcb5e4dda8,17b8b100a123d7b56411a5732f678ae03f9592ba25f863be91be62365ee341e3
DSWD__img_4311,dswd,DSWD_img_4311,img_4311,train,train,images/DSWD__img_4311.png,annotations/points/DSWD__img_4311.npy,1024,768,1,letterbox_448x448_to_768x768_pad_left128_pad_right128,aa0afc7fb97566602e44ddf1951beeff095f371e0084afb99fd1760203727496,da405b4f290c45ebeb26934ccb54b9e74f35e0539df2c36128cd44254971f623
DSWD__img_4315,dswd,DSWD_img_4315,img_4315,train,train,images/DSWD__img_4315.png,annotations/points/DSWD__img_4315.npy,1024,768,3,letterbox_448x448_to_768x768_pad_left128_pad_right128,54a61951ec4a2dd203bdba9929b97a91541b035b975f2795cbef61fcb6bfb33e,a23c2a270e5a6d0f74dc739ad001c6a9532835b8e2abc06277b30bd829443969
DSWD__img_4320,dswd,DSWD_img_4320,img_4320,train,train,images/DSWD__img_4320.png,annotations/points/DSWD__img_4320.npy,1024,768,1,letterbox_448x448_to_768x768_pad_left128_pad_right128,5c5cbea04b2eedeb0b04f37ea1f44aef6225de88b40875a172652695a22911ce,7514a2f2f479e33b69c664bdc297d48e1db721566515db02881b08e8cb45f666
DSWD__img_4326,dswd,DSWD_img_4326,img_4326,train,train,images/DSWD__img_4326.png,annotations/points/DSWD__img_4326.npy,1024,768,0,letterbox_448x448_to_768x768_pad_left128_pad_right128,98528a5a451f3942b6fd1dfd4c1f02eec1c59492f6ac2661fba13f557d6b0f66,90f00d448fe2247088a956d58dbaaffa22b18e34646d789c64f8cff85e153216
DSWD__img_4333,dswd,DSWD_img_4333,img_4333,train,train,images/DSWD__img_4333.png,annotations/points/DSWD__img_4333.npy,1024,768,0,letterbox_448x448_to_768x768_pad_left128_pad_right128,ab025bf68ad9a82d15b19842b2f4c966cf51d7f1e0faf374f68977b4be1ae939,90f00d448fe2247088a956d58dbaaffa22b18e34646d789c64f8cff85e153216
DSWD__img_4341,dswd,DSWD_img_4341,img_4341,train,train,images/DSWD__img_4341.png,annotations/points/DSWD__img_4341.npy,1024,768,2,letterbox_448x448_to_768x768_pad_left128_pad_right128,64148b7731201c276407670468941532648487f339d1f7ff1b51f9a12a330c68,d820a961650322d81d957bc0905722ee16acc1ded5836bad59189ccf0f68741a
DSWD__img_435,dswd,DSWD_img_435,img_435,train,train,images/DSWD__img_435.png,annotations/points/DSWD__img_435.npy,1024,768,0,letterbox_448x448_to_768x768_pad_left128_pad_right128,f09664e188c921f3d8e7ca26350ff46aeaf509123211bb41653e216b2a869708,90f00d448fe2247088a956d58dbaaffa22b18e34646d789c64f8cff85e153216
DSWD__img_4350,dswd,DSWD_img_4350,img_4350,train,train,images/DSWD__img_4350.png,annotations/points/DSWD__img_4350.npy,1024,768,2,letterbox_448x448_to_768x768_pad_left128_pad_right128,e45d5c3843dee87d660259feab452a808d5943968b02d243d27934e5a64306fa,539dba0b1e0df22b4420a6308da9b448640609b0319991f3164bbe56a7159c24
DSWD__img_4360,dswd,DSWD_img_4360,img_4360,train,train,images/DSWD__img_4360.png,annotations/points/DSWD__img_4360.npy,1024,768,1,letterbox_448x448_to_768x768_pad_left128_pad_right128,85542387e482537bc78374ebdc3858c836255589907579556d5aff393ad7d3b9,5705885c4fb3d15e189415fc29aff3ce00c4dec1313f3b05197091df1b6ed4ca
DSWD__img_4371,dswd,DSWD_img_4371,img_4371,train,train,images/DSWD__img_4371.png,annotations/points/DSWD__img_4371.npy,1024,768,1,letterbox_448x448_to_768x768_pad_left128_pad_right128,aa49feb61c1202445f163fbe2a77d001e19700816241288c2e04101abc72d4eb,3409268a5024399b06b24ccc656cab426d2d98870b099e01b4f5e792afc004ac
DSWD__img_441,dswd,DSWD_img_441,img_441,train,train,images/DSWD__img_441.png,annotations/points/DSWD__img_441.npy,1024,768,3,letterbox_448x448_to_768x768_pad_left128_pad_right128,63e98e6667c6e430ef68bfd10cf22930ba8c855563fd921741c563c2b3c618b7,83d9ad097cda733341711d4cb80a1fb9a4c149f4e1dab8dea4a579d3d5ee2b6f
DSWD__img_4410,dswd,DSWD_img_4410,img_4410,train,train,images/DSWD__img_4410.png,annotations/points/DSWD__img_4410.npy,1024,768,5,letterbox_448x448_to_768x768_pad_left128_pad_right128,450b3146f8ec3cfcf2c1d20ade8002e1df95074c8182aeb858a8cf3c93048996,be5d0c49afdcbaa0ba693cc3d92f094967b1b3f4599779343053ae16d639c9f3
DSWD__img_4411,dswd,DSWD_img_4411,img_4411,train,train,images/DSWD__img_4411.png,annotations/points/DSWD__img_4411.npy,1024,768,0,letterbox_448x448_to_768x768_pad_left128_pad_right128,40a8d9b2f299a89373986c42380974772517aa78490f8a0d4dc6c82a812d498f,90f00d448fe2247088a956d58dbaaffa22b18e34646d789c64f8cff85e153216
DSWD__img_4413,dswd,DSWD_img_4413,img_4413,train,train,images/DSWD__img_4413.png,annotations/points/DSWD__img_4413.npy,1024,768,1,letterbox_448x448_to_768x768_pad_left128_pad_right128,90c56f34e0f586f6f903db1a412386820520c5f0f5f1a3136a6c8e01046a4cd6,bb1151a3b0ba3b634fcb4c0b35ab9ad3dfe64048599e05f29b8eadc5a6309972
DSWD__img_4416,dswd,DSWD_img_4416,img_4416,train,train,images/DSWD__img_4416.png,annotations/points/DSWD__img_4416.npy,1024,768,1,letterbox_448x448_to_768x768_pad_left128_pad_right128,341f883f6c54dea53abdc3ff168d64264abd69b73f6fb8a37b8b01e7aca265d3,e3cd4a8e0a6aa63538ce87198234f3b1d72618e285741ff24a6d3ba910bcfd67
DSWD__img_4420,dswd,DSWD_img_4420,img_4420,train,train,images/DSWD__img_4420.png,annotations/points/DSWD__img_4420.npy,1024,768,1,letterbox_448x448_to_768x768_pad_left128_pad_right128,cdf58f17d45fd3d11bf1477748cdc0ac28723062f15c6b2a2bef82666043f2e1,d18a2c752218fa14b184d20444869b7c0a5a8aa7adfadc56fa78089279c970d0
DSWD__img_4425,dswd,DSWD_img_4425,img_4425,train,train,images/DSWD__img_4425.png,annotations/points/DSWD__img_4425.npy,1024,768,2,letterbox_448x448_to_768x768_pad_left128_pad_right128,3d51fa08e6bf7a98fee2677503d1bfc920e6954362653f79b89e4f7f99b6a805,b877e2dd54384d94790aed2f0fa1cc44c6f92fe46221dc9178f335eb3c17e83e
DSWD__img_4431,dswd,DSWD_img_4431,img_4431,train,train,images/DSWD__img_4431.png,annotations/points/DSWD__img_4431.npy,1024,768,1,letterbox_448x448_to_768x768_pad_left128_pad_right128,0cb138cb91bf75818b940eca4adb5d126faf6dd9634ad999fadb38cb7f2d03bf,ff3414e2efd2068a2a364d9e416fc442762baf7e5b53f522d01f9705fdd84664
DSWD__img_4438,dswd,DSWD_img_4438,img_4438,train,train,images/DSWD__img_4438.png,annotations/points/DSWD__img_4438.npy,1024,768,2,letterbox_448x448_to_768x768_pad_left128_pad_right128,e38081cae8a6210e86241559157fe15f9b9547f3b396402167d38d2264db77f8,dc22bada750a26f41b54ef78b2136fda0b71791c5cfa05efb3fc6b3462a9f3e1
DSWD__img_4446,dswd,DSWD_img_4446,img_4446,train,train,images/DSWD__img_4446.png,annotations/points/DSWD__img_4446.npy,1024,768,1,letterbox_448x448_to_768x768_pad_left128_pad_right128,6442e2cf224b274556f7c5bc4258975f211231ef47d73d52a13f3bf1b9656a32,44be7b10bdde2b542b4048fa4ff4e3329bf6147eb2fefdb870302b7298741d25
DSWD__img_4476,dswd,DSWD_img_4476,img_4476,train,train,images/DSWD__img_4476.png,annotations/points/DSWD__img_4476.npy,1024,768,1,letterbox_448x448_to_768x768_pad_left128_pad_right128,b16999c18247044f6e75542dafad86aa6f2fe30e5ca35b3f78e94cc9ce8d67b4,ab588b5fb65251ad741b9247cd0c2d4588311c315d99c93fd1f2d2cae690b6ac
DSWD__img_448,dswd,DSWD_img_448,img_448,train,train,images/DSWD__img_448.png,annotations/points/DSWD__img_448.npy,1024,768,1,letterbox_448x448_to_768x768_pad_left128_pad_right128,ca91a7858b560dc87b386c50d457224b417597d5e8d29265e4f0bcfee031da91,b8ecbea227688f1e20b39d1d3e0e6fc0d3f1c7e4a55f48ce4157b32db525be47
DSWD__img_4488,dswd,DSWD_img_4488,img_4488,train,train,images/DSWD__img_4488.png,annotations/points/DSWD__img_4488.npy,1024,768,1,letterbox_448x448_to_768x768_pad_left128_pad_right128,c3e02f234c74b6c86fd7e1fb49cdbcab6ae58492b957b7fe0b6dcad0bf772fed,a07720a4f5e353c7d9f79b098f87efd27ebfbdf77e3e24fd3f45465addc367aa
DSWD__img_45,dswd,DSWD_img_45,img_45,train,train,images/DSWD__img_45.png,annotations/points/DSWD__img_45.npy,1024,768,0,letterbox_448x448_to_768x768_pad_left128_pad_right128,99374a661563345d6907686f34d05b7b26e10c2c3b21c06467c37f766bbc525b,90f00d448fe2247088a956d58dbaaffa22b18e34646d789c64f8cff85e153216
DSWD__img_4501,dswd,DSWD_img_4501,img_4501,train,train,images/DSWD__img_4501.png,annotations/points/DSWD__img_4501.npy,1024,768,2,letterbox_448x448_to_768x768_pad_left128_pad_right128,25645684e9d52f1012c50f958ee088df4c2e4b0fa47b20cc33d6dbdaaf67ed64,3cb9824c8800c165e06d2c8864cb95ba3fa776cef825d5a157958be48019ed57
DSWD__img_4515,dswd,DSWD_img_4515,img_4515,train,train,images/DSWD__img_4515.png,annotations/points/DSWD__img_4515.npy,1024,768,12,letterbox_448x448_to_768x768_pad_left128_pad_right128,10b851ef7315db42bfc789f239079f2f009779bf8e6b13356f709fedf5390660,0adc879e2b3fe486bd8aa4919cb7000a43e1d2303ed9fcc1ad654d9dc21f35c6
DSWD__img_4516,dswd,DSWD_img_4516,img_4516,train,train,images/DSWD__img_4516.png,annotations/points/DSWD__img_4516.npy,1024,768,15,letterbox_448x448_to_768x768_pad_left128_pad_right128,b6249c69d00aeca8a6b0f47e96ccfb359105714d8717c16dc860d956e75f1b9e,f36a3e7ad1d312703ac31322d7b8141008350d2c6060334e67a8968e8ace1272
DSWD__img_4518,dswd,DSWD_img_4518,img_4518,train,train,images/DSWD__img_4518.png,annotations/points/DSWD__img_4518.npy,1024,768,17,letterbox_448x448_to_768x768_pad_left128_pad_right128,0c366840215b17166307bcc1c76b669bd2a723b7f45934e5923491a4822701c6,71f7f1c5e78e8a6d5d5936c40f677c608ddb4401fff6adca1ab5779da13c81cf
DSWD__img_4521,dswd,DSWD_img_4521,img_4521,train,train,images/DSWD__img_4521.png,annotations/points/DSWD__img_4521.npy,1024,768,16,letterbox_448x448_to_768x768_pad_left128_pad_right128,17a8b3832950131301ee1b8d1b93461b2e4e383f88ab60d00ce22d4b2ca691c0,f4d021d589141cf706f124f476a6af59b6d1f8120a6c98ee847fd6468d32a906
DSWD__img_4525,dswd,DSWD_img_4525,img_4525,train,train,images/DSWD__img_4525.png,annotations/points/DSWD__img_4525.npy,1024,768,17,letterbox_448x448_to_768x768_pad_left128_pad_right128,b3dfa8bb9576d4a5cb1a5aad071133e8a3821c192b67cb82d3c876ee412da74d,b7f94d754a34884e530e17c2468ca97f1574f884ebcd9d31c5062f6b0dccbb10
DSWD__img_4530,dswd,DSWD_img_4530,img_4530,train,train,images/DSWD__img_4530.png,annotations/points/DSWD__img_4530.npy,1024,768,18,letterbox_448x448_to_768x768_pad_left128_pad_right128,35a3e6ef03c295f35d991ed0529f8e5c8fa0db7358c03e9564e11776fee3dafd,449807038ee2afcfbc1f0e965e9c708c14d48e9c3a4b50c6186d04d97adf7921
DSWD__img_4551,dswd,DSWD_img_4551,img_4551,train,train,images/DSWD__img_4551.png,annotations/points/DSWD__img_4551.npy,1024,768,18,letterbox_448x448_to_768x768_pad_left128_pad_right128,934a29e1cef5f9ae0021a613b74f55ba69a4c2675c9b02bf037be665a65fef98,65dda3134b7af957a0a697b556d550daae678356d8dc8bfaaa46a0c73e23e9c0
DSWD__img_456,dswd,DSWD_img_456,img_456,train,train,images/DSWD__img_456.png,annotations/points/DSWD__img_456.npy,1024,768,0,letterbox_448x448_to_768x768_pad_left128_pad_right128,c66630c8ceac423b2597e84a0138af0f342fa6bab097a1350972ab297d776e0c,90f00d448fe2247088a956d58dbaaffa22b18e34646d789c64f8cff85e153216
DSWD__img_4560,dswd,DSWD_img_4560,img_4560,train,train,images/DSWD__img_4560.png,annotations/points/DSWD__img_4560.npy,1024,768,12,letterbox_448x448_to_768x768_pad_left128_pad_right128,b2cccfa1e1437048ec3259f604ccb51738d50e657bf6bcc5074ef65402390b64,b05990d30f674798698669f07993dfc0ffacedc30f8f7b610a2cf84dd3914892
DSWD__img_4570,dswd,DSWD_img_4570,img_4570,train,train,images/DSWD__img_4570.png,annotations/points/DSWD__img_4570.npy,1024,768,21,letterbox_448x448_to_768x768_pad_left128_pad_right128,2024e226d85f0be49ac489c205887f6bcc1899849db94139faf0975d99718d80,14ac33959220e951fd763a578e58b1cf7eacabb95e29d3f6dc44c10777d8657f
DSWD__img_4581,dswd,DSWD_img_4581,img_4581,train,train,images/DSWD__img_4581.png,annotations/points/DSWD__img_4581.npy,1024,768,22,letterbox_448x448_to_768x768_pad_left128_pad_right128,b5273db76482de88effa41bca6f0c2fb8903d8156a828e0f17bffb5934edcc75,8d42686514dfa76772e0bce923ca95bf58dea248a95bb48e8056e8b43050d747
DSWD__img_4593,dswd,DSWD_img_4593,img_4593,train,train,images/DSWD__img_4593.png,annotations/points/DSWD__img_4593.npy,1024,768,10,letterbox_448x448_to_768x768_pad_left128_pad_right128,7b88a7ac86256d97700051504829c94df633508be9da469e8acc78488a10330f,86c809ab25ab720d0a21d62530bfe293cd96f195099c53f0c6b43ad1fc3dc932
DSWD__img_4606,dswd,DSWD_img_4606,img_4606,train,train,images/DSWD__img_4606.png,annotations/points/DSWD__img_4606.npy,1024,768,18,letterbox_448x448_to_768x768_pad_left128_pad_right128,64cb4b5b74199be1b0c503a9f50d378f7af1b3cd9daa1bd4c2c3a47490c70787,f61b9c32b34d037bab09ee18c92e8592d35aa20553a4d16fb26dc5b09999f4e3
DSWD__img_4620,dswd,DSWD_img_4620,img_4620,train,train,images/DSWD__img_4620.png,annotations/points/DSWD__img_4620.npy,1024,768,3,letterbox_448x448_to_768x768_pad_left128_pad_right128,fa8544dee7756d256cebeb754547c3e9a90cf32b041f94e1de66990ed2657789,b542fdbd54b4897b2e47afb7eeced46acec02b76087185b28b97a58885d46540
DSWD__img_4621,dswd,DSWD_img_4621,img_4621,train,train,images/DSWD__img_4621.png,annotations/points/DSWD__img_4621.npy,1024,768,7,letterbox_448x448_to_768x768_pad_left128_pad_right128,50c363d37c99df8ada8cfd14c2d241e83c47c1a332cfb0ce49c3fa985db264af,01aa0b650ed76b96c3b83b8d4ee8a02d2809bd7dae0b2731252bb118e163346d
DSWD__img_4623,dswd,DSWD_img_4623,img_4623,train,train,images/DSWD__img_4623.png,annotations/points/DSWD__img_4623.npy,1024,768,6,letterbox_448x448_to_768x768_pad_left128_pad_right128,4f6d209f99db65ffcba6076019f1cb54890e4561153351cd7bb8f9d6c8f27e49,1776d6344cc68ee0bfa372079b87726e27a6b96f49f81526445320410eadf7d0
DSWD__img_4635,dswd,DSWD_img_4635,img_4635,train,train,images/DSWD__img_4635.png,annotations/points/DSWD__img_4635.npy,1024,768,6,letterbox_448x448_to_768x768_pad_left128_pad_right128,2d09d06f8a692d535e871ceb5703bbdd5d2fbadfe0afd4343e5564e534c562ac,b2fbfbd448a9a7ea67d5eb01be96420ee31af239843c856ff91f2da3d3ad26ee
DSWD__img_4641,dswd,DSWD_img_4641,img_4641,train,train,images/DSWD__img_4641.png,annotations/points/DSWD__img_4641.npy,1024,768,13,letterbox_448x448_to_768x768_pad_left128_pad_right128,a8a7bf92177f4ac338c7c9ba4536f8eec3c080c551c32ab444b8f758c2f0fa3a,397cc3c95b620e1d7d8807f4e02e008c5e0298d4e68b89afe809ac919bfb287a
DSWD__img_4648,dswd,DSWD_img_4648,img_4648,train,train,images/DSWD__img_4648.png,annotations/points/DSWD__img_4648.npy,1024,768,2,letterbox_448x448_to_768x768_pad_left128_pad_right128,5e9941bb8decee223fe0ed1f994fef02da5d568c465dd0a888256fc9ae8781a7,fef3f16a25f5e412b0fb6abfe9fdb988d765845bab076ac1fd1392d30600b92d
DSWD__img_465,dswd,DSWD_img_465,img_465,train,train,images/DSWD__img_465.png,annotations/points/DSWD__img_465.npy,1024,768,1,letterbox_448x448_to_768x768_pad_left128_pad_right128,dbca0730dd298aba5951f3fc54bcd9e4c87c7d61cad6b192b6ed87d43aa4e6e1,1ac939056c1f06f741422fc9791f6b0436d05f51c2fdb12cfaf45a107cc2bb32
DSWD__img_4656,dswd,DSWD_img_4656,img_4656,train,train,images/DSWD__img_4656.png,annotations/points/DSWD__img_4656.npy,1024,768,6,letterbox_448x448_to_768x768_pad_left128_pad_right128,8b277051cb5ace28e3aa9c9261095e37d27dea15e8828a21c560b7f966fdcf5f,7df331eed29561daab18c53cc64fd41e3c194ea621904d70f69a2e68f0d519b6
DSWD__img_4665,dswd,DSWD_img_4665,img_4665,train,train,images/DSWD__img_4665.png,annotations/points/DSWD__img_4665.npy,1024,768,4,letterbox_448x448_to_768x768_pad_left128_pad_right128,e3ad41412b7132223f1ee49f3a481fdc1a5908053d0201b744bbd659dc4c1258,773f70cc36e3838739c4afcb3ae3576865a78a2ffd73a88f583e8e0dbe8d2d4d
DSWD__img_4675,dswd,DSWD_img_4675,img_4675,train,train,images/DSWD__img_4675.png,annotations/points/DSWD__img_4675.npy,1024,768,4,letterbox_448x448_to_768x768_pad_left128_pad_right128,d1c007159fba57a4919704e909df92d3bcb938c8a80a4dab018ddeb7188750fe,9bf0ba668e7ea04b3c0b45625d982f5fe5be77a83e01dd856a07e37e78c3fd05
DSWD__img_4686,dswd,DSWD_img_4686,img_4686,train,train,images/DSWD__img_4686.png,annotations/points/DSWD__img_4686.npy,1024,768,5,letterbox_448x448_to_768x768_pad_left128_pad_right128,6c85086d7cde35207c52c94a56b9a1e7d2e1182af3b2af70421a50ed7489feea,a6aba7e59b3522a2f6f2a94c69bf60c038b97c25f3a864435e5c97fcab394f9f
DSWD__img_4698,dswd,DSWD_img_4698,img_4698,train,train,images/DSWD__img_4698.png,annotations/points/DSWD__img_4698.npy,1024,768,14,letterbox_448x448_to_768x768_pad_left128_pad_right128,bdfc8703beace05dc08eff765a9d122076649c4185b6a25b9017fa00cbb8a94f,8f38cf913bf1a8432a6e7b18e035e1bec61d0b10f780bb4cee7ea7635174477c
DSWD__img_4711,dswd,DSWD_img_4711,img_4711,train,train,images/DSWD__img_4711.png,annotations/points/DSWD__img_4711.npy,1024,768,2,letterbox_448x448_to_768x768_pad_left128_pad_right128,3384fe202216847d1a392469f93079dee205df9ceaa07846ac05457d66689ddf,692fa3fdd70821d1d23bff7df957d8e4d9ad1fd4aeca4b422ad57a86a3def6f4
DSWD__img_4728,dswd,DSWD_img_4728,img_4728,train,train,images/DSWD__img_4728.png,annotations/points/DSWD__img_4728.npy,1024,768,3,letterbox_448x448_to_768x768_pad_left128_pad_right128,d86cb4aaf7293ed0dcfe1ff90fcfe1a021f6403174ab812222b3d0bb4105f110,c693011746040321b35a3149d521fd5f5d05fe4fdc661d5b02ef1cf7eb350639
DSWD__img_4731,dswd,DSWD_img_4731,img_4731,train,train,images/DSWD__img_4731.png,annotations/points/DSWD__img_4731.npy,1024,768,3,letterbox_448x448_to_768x768_pad_left128_pad_right128,9567b5d4082b9aaaaff06aaa21c3d70ee9473830404ad92feedacf04c2e9928b,8c6b340ac7b0881cf73f9d11fb714ef8974da8a786a6972abca68529679a85bf
DSWD__img_4735,dswd,DSWD_img_4735,img_4735,train,train,images/DSWD__img_4735.png,annotations/points/DSWD__img_4735.npy,1024,768,1,letterbox_448x448_to_768x768_pad_left128_pad_right128,daac8f375f001533456b7a87799c99b49d74ac525f13800d98f8a4af1b94a56d,6681878dc8d1cccd10c9e5f36faf6192da967f7bd745e087c14f9c4744864826
DSWD__img_4740,dswd,DSWD_img_4740,img_4740,train,train,images/DSWD__img_4740.png,annotations/points/DSWD__img_4740.npy,1024,768,1,letterbox_448x448_to_768x768_pad_left128_pad_right128,a653bae82f37b1b8d576b453b1b5544c148eeb02c0d4adda4c10332f5998be79,fff0f0048e170b77c5722c6bb9d44dadbb24022d7f8108f32b14176e0f11af00
DSWD__img_4746,dswd,DSWD_img_4746,img_4746,train,train,images/DSWD__img_4746.png,annotations/points/DSWD__img_4746.npy,1024,768,3,letterbox_448x448_to_768x768_pad_left128_pad_right128,b870bcb146cf953febbb5c1f5321035bca71b3ee9d9b42eab9de91c6a0080e1e,157c2dd532b647290eabd7e13ef92604a84f9edfb170a9465223ba95ce9acc07
DSWD__img_475,dswd,DSWD_img_475,img_475,train,train,images/DSWD__img_475.png,annotations/points/DSWD__img_475.npy,1024,768,2,letterbox_448x448_to_768x768_pad_left128_pad_right128,92a3509bef09dc87a943ef36c632dd64794df7655e9fff7971daebb147f7bab2,87b1557e01d760ae67faad497870f639842a80b35d5a9595c7f577d56264db8a
DSWD__img_4753,dswd,DSWD_img_4753,img_4753,train,train,images/DSWD__img_4753.png,annotations/points/DSWD__img_4753.npy,1024,768,2,letterbox_448x448_to_768x768_pad_left128_pad_right128,32ea863cd90b38fb8ad77dc977873a87965f485321edfa3c8941434286222bc1,a3191b2ad28fed4369928a15ef61ba1695534e8287ad3b8121c96e3ed355c6a3
DSWD__img_4761,dswd,DSWD_img_4761,img_4761,train,train,images/DSWD__img_4761.png,annotations/points/DSWD__img_4761.npy,1024,768,2,letterbox_448x448_to_768x768_pad_left128_pad_right128,4b25e21dfe363ab5b1679eb84f166c5b3cc740212e2c6c40db6bf4dcf43d1431,31b405f91165cbbd147fc2ee50512a49b2633524e085a8d99e4e0664c0f19923
DSWD__img_4770,dswd,DSWD_img_4770,img_4770,train,train,images/DSWD__img_4770.png,annotations/points/DSWD__img_4770.npy,1024,768,4,letterbox_448x448_to_768x768_pad_left128_pad_right128,88873815d9e0616056a03eeb1247b34ef86a12c76576550ccdf12137e7f688ef,a06fca0baa59ee28f7a5e1f4808910c6b714d3f2e5641e313004d6761f9fd402
DSWD__img_4780,dswd,DSWD_img_4780,img_4780,train,train,images/DSWD__img_4780.png,annotations/points/DSWD__img_4780.npy,1024,768,2,letterbox_448x448_to_768x768_pad_left128_pad_right128,ea49a17ad291d36fb9c023cb14da81ab5c26fa934f08c80ad7eaa4800c648e1a,859464ca363903b8e3e05bc5dd2eff22d8c0b08fe474150f51c915cb57bced83
DSWD__img_4816,dswd,DSWD_img_4816,img_4816,train,train,images/DSWD__img_4816.png,annotations/points/DSWD__img_4816.npy,1024,768,2,letterbox_448x448_to_768x768_pad_left128_pad_right128,ffada77192f1adcc0e6a4659d66706ac3180110ee355500f029aedd0e8f49c92,05b3d736c9e2f8fcbf197191452492cf6a1957581c135abcedac000a1dc9dd47
DSWD__img_4830,dswd,DSWD_img_4830,img_4830,train,train,images/DSWD__img_4830.png,annotations/points/DSWD__img_4830.npy,1024,768,1,letterbox_448x448_to_768x768_pad_left128_pad_right128,3b4545ca607154533616e4a53b2d06fc8629909ff2db6ec62c708fefa60a9864,6dc82bfbd1bbd3d0e5185d498c80aaa4eee2dafe3e3609cbf60911c3f3fa3aed
DSWD__img_4831,dswd,DSWD_img_4831,img_4831,train,train,images/DSWD__img_4831.png,annotations/points/DSWD__img_4831.npy,1024,768,2,letterbox_448x448_to_768x768_pad_left128_pad_right128,1516d68f91f8115f2f69ee544a8cac001d666100d84708a9e6e9b2a88e4b9dfd,1dc8bae3355da2121bcdba56f25f506f186fe3b2930ff11efc76ea13cf5f200d
DSWD__img_4833,dswd,DSWD_img_4833,img_4833,train,train,images/DSWD__img_4833.png,annotations/points/DSWD__img_4833.npy,1024,768,3,letterbox_448x448_to_768x768_pad_left128_pad_right128,5599bd82a4f54cbd08af39d7c0d3b980b83f7c705192499eca38077806e2867b,8095cccb130be232f867785d3d02daae7e3f1371d835aa96e145733364b2529f
DSWD__img_4836,dswd,DSWD_img_4836,img_4836,train,train,images/DSWD__img_4836.png,annotations/points/DSWD__img_4836.npy,1024,768,1,letterbox_448x448_to_768x768_pad_left128_pad_right128,9ed307eefedec40a2b5fd9ba25209da2f26c23ba238738d2bb6039ec1175aec3,58e983e3e7961c667362c3fe8fe3b1b959c2219f0522d8378c2300f24307cd74
DSWD__img_4840,dswd,DSWD_img_4840,img_4840,train,train,images/DSWD__img_4840.png,annotations/points/DSWD__img_4840.npy,1024,768,2,letterbox_448x448_to_768x768_pad_left128_pad_right128,1b78fd1d843bfba3f441afce5d3d939555945cc75d5e87a581691c0367efbb1b,562451fbef54350240e8ac1e5f982956f7f717e93dd89a64d01c348affeb9cf6
DSWD__img_4845,dswd,DSWD_img_4845,img_4845,train,train,images/DSWD__img_4845.png,annotations/points/DSWD__img_4845.npy,1024,768,2,letterbox_448x448_to_768x768_pad_left128_pad_right128,2581165300034e7f212f6d57ac36b424477aff39ac2f5fdddf3784de6e3b46f8,117ce90d07d77bc603b350b6499c7a8e56914ad2bf24f9f86bb133b4233dfef7
DSWD__img_4851,dswd,DSWD_img_4851,img_4851,train,train,images/DSWD__img_4851.png,annotations/points/DSWD__img_4851.npy,1024,768,1,letterbox_448x448_to_768x768_pad_left128_pad_right128,92676b4f7820642888664ca3854210c57c6b217af6f114a86843e08533430419,fb485935b09c8d24a09543340e2c5e33835478306711efb9771426370481acf5
DSWD__img_4858,dswd,DSWD_img_4858,img_4858,train,train,images/DSWD__img_4858.png,annotations/points/DSWD__img_4858.npy,1024,768,2,letterbox_448x448_to_768x768_pad_left128_pad_right128,2bf7f8e87d97404aabbeb0caad22391a3be42242127992d48e5f250e76a2a044,7ee0d113dee3bdbf0ec45e976d34858b5c5f92bedda1db8b34d8211b9ca9324f
DSWD__img_486,dswd,DSWD_img_486,img_486,train,train,images/DSWD__img_486.png,annotations/points/DSWD__img_486.npy,1024,768,2,letterbox_448x448_to_768x768_pad_left128_pad_right128,78a12f87611278905a7a3d90e9c53ac5fb8dbe09acf55f194d813265102d0b1d,5a58bfa930c1a8d55a3a50bdeba9f928a13f77ec5b887ce3685aeeb7e39fd844
DSWD__img_4885,dswd,DSWD_img_4885,img_4885,train,train,images/DSWD__img_4885.png,annotations/points/DSWD__img_4885.npy,1024,768,5,letterbox_448x448_to_768x768_pad_left128_pad_right128,d157af9cf4c090fe0b4036db554c849b7c33a9c4b997f01dd719ae604ffa76b9,7571ac5f8fa75deb45bf7fdbed3ae642a3433471905bde1832602ad302c7db7a
DSWD__img_4896,dswd,DSWD_img_4896,img_4896,train,train,images/DSWD__img_4896.png,annotations/points/DSWD__img_4896.npy,1024,768,4,letterbox_448x448_to_768x768_pad_left128_pad_right128,04a17394e581693db377c7a0e9d31e3ca307c68d7843f56628b6e3502f9ab0fc,acc4224df7859fd2e2c51c71a1e0d7071e18d6c2baaf3d6b82b9232ccc7c3ed2
DSWD__img_4908,dswd,DSWD_img_4908,img_4908,train,train,images/DSWD__img_4908.png,annotations/points/DSWD__img_4908.npy,1024,768,3,letterbox_448x448_to_768x768_pad_left128_pad_right128,66158cc6250904dd4dbe1f422b64e64db24f4897cce7db6cc372b8714aa3b6a4,0d386d84aa01aa23a7519d14bfa33f1d74159f5f1894ccb8c332f16b731d351b
DSWD__img_4921,dswd,DSWD_img_4921,img_4921,train,train,images/DSWD__img_4921.png,annotations/points/DSWD__img_4921.npy,1024,768,2,letterbox_448x448_to_768x768_pad_left128_pad_right128,8c10017f4a5ca24f0b326708067684d4e77bb0f9c5c6feb447d49993f7f3ce05,9bc91be0d5354973e1411a64a4fdcef123562af7e19fae315dc0e3f4626b20b8
DSWD__img_4935,dswd,DSWD_img_4935,img_4935,train,train,images/DSWD__img_4935.png,annotations/points/DSWD__img_4935.npy,1024,768,11,letterbox_448x448_to_768x768_pad_left128_pad_right128,15e0b468b91928d48aa6c91e2273b36e4576d367e7f353878b2583a789cc4525,aad70e43367ecfadf953d4645cf81be6d8a65d4ec9028da9be4dff03958c61f2
DSWD__img_4936,dswd,DSWD_img_4936,img_4936,train,train,images/DSWD__img_4936.png,annotations/points/DSWD__img_4936.npy,1024,768,12,letterbox_448x448_to_768x768_pad_left128_pad_right128,4556063ce1e777fcff24e30fba1a94597b662db7fc42cf13afc22dfe6cfb17b3,5fdd89f5a618631fa0414f0727ec31024c7a6db3ac6c039b7575512bbdc87ba6
DSWD__img_4938,dswd,DSWD_img_4938,img_4938,train,train,images/DSWD__img_4938.png,annotations/points/DSWD__img_4938.npy,1024,768,8,letterbox_448x448_to_768x768_pad_left128_pad_right128,f44b02dbea1bf0c711e58e918191ecd3aba10a24172824a5b2310942c59c0a1c,e40f115f010710fdb870071aed8ed378f971a12d0dca0318130f283a8f2081e3
DSWD__img_4941,dswd,DSWD_img_4941,img_4941,train,train,images/DSWD__img_4941.png,annotations/points/DSWD__img_4941.npy,1024,768,6,letterbox_448x448_to_768x768_pad_left128_pad_right128,be6472742e667b0e134e5ca4149985dd73c845f96faa616d19e90464cec7d834,47dcc5345e5b8743dd6a8e47b7205430f6d6a9ba032c3d9d67a22f50d9d7daf4
DSWD__img_4945,dswd,DSWD_img_4945,img_4945,train,train,images/DSWD__img_4945.png,annotations/points/DSWD__img_4945.npy,1024,768,8,letterbox_448x448_to_768x768_pad_left128_pad_right128,d6fa9b72056da52f96e1fb3d5e1e8a6dcc211a099764275d49b6251e85673950,c1a06acbf00d1e7d5cfe286a152ca43e63d817ab37a57393eff1d07b95aacfa7
DSWD__img_4963,dswd,DSWD_img_4963,img_4963,train,train,images/DSWD__img_4963.png,annotations/points/DSWD__img_4963.npy,1024,768,10,letterbox_448x448_to_768x768_pad_left128_pad_right128,0ac1edd63991c001aee59b32a18055544dea193ee87b2694d3ee682338be122c,7ba97a08cb9842f6f1f7aba227e29ed7ecfd384f5651e1491de55aba3455c455
DSWD__img_4971,dswd,DSWD_img_4971,img_4971,train,train,images/DSWD__img_4971.png,annotations/points/DSWD__img_4971.npy,1024,768,2,letterbox_448x448_to_768x768_pad_left128_pad_right128,96f43367b9228abaf4df1608ccaf7ec9bb077ff7ca05598e7b28986bb15e7b5b,a08bab3ce5c03a611af1030674796f5dddc40447f93515f24c51874fb41350bc
DSWD__img_498,dswd,DSWD_img_498,img_498,train,train,images/DSWD__img_498.png,annotations/points/DSWD__img_498.npy,1024,768,4,letterbox_448x448_to_768x768_pad_left128_pad_right128,4b6a54fd959b53229b1a32d520d09542629ae78f4605392863f1a3d74eea7b36,a98083f2f1e7337fbfa7cc997db85ea0d22db3202fedd14744f83f6f6cd9adee
DSWD__img_4980,dswd,DSWD_img_4980,img_4980,train,train,images/DSWD__img_4980.png,annotations/points/DSWD__img_4980.npy,1024,768,15,letterbox_448x448_to_768x768_pad_left128_pad_right128,e8c02e724696419744405371579013085c597deb90b3a0439495748c0689ae31,446313032b5e90bd71bb552e542da4ec4590d690853c03bc7c2bdc29854a607c
DSWD__img_4990,dswd,DSWD_img_4990,img_4990,train,train,images/DSWD__img_4990.png,annotations/points/DSWD__img_4990.npy,1024,768,19,letterbox_448x448_to_768x768_pad_left128_pad_right128,a51140ff12d58dd3e4db9843f3594c1dd4a85152e7d6c9cd6a4aeaac750622b6,689cd23bdde0d965f87e1946aa838709d51e3db6777f76d90fc56b162a93c71e
DSWD__img_5001,dswd,DSWD_img_5001,img_5001,train,train,images/DSWD__img_5001.png,annotations/points/DSWD__img_5001.npy,1024,768,15,letterbox_448x448_to_768x768_pad_left128_pad_right128,397df7ac06ccb3d0544a01cb86326942ecdc24889d31d5ae684e545a162f14d5,51dc88b3a61491f5f7d9bb17a81f32b609ec5eace3b5ab91c608bf84a427108e
DSWD__img_5013,dswd,DSWD_img_5013,img_5013,train,train,images/DSWD__img_5013.png,annotations/points/DSWD__img_5013.npy,1024,768,10,letterbox_448x448_to_768x768_pad_left128_pad_right128,b779b4836f8fb88a956d6405b59222eb256089850947c7496209116db0ebddd9,5a7571b0c25e0eb99b5a1cc71347a41db61d463ce191450a584f86fcc8a9b788
DSWD__img_5026,dswd,DSWD_img_5026,img_5026,train,train,images/DSWD__img_5026.png,annotations/points/DSWD__img_5026.npy,1024,768,7,letterbox_448x448_to_768x768_pad_left128_pad_right128,b44afcdec420d1411b6bcc24b285e69654292f0015996a155774e7ad13b48e22,baafcdfc16c63af84d0b089ad5526c21f598d05e7097b67aa6c25108dcda0356
DSWD__img_5040,dswd,DSWD_img_5040,img_5040,train,train,images/DSWD__img_5040.png,annotations/points/DSWD__img_5040.npy,1024,768,1,letterbox_448x448_to_768x768_pad_left128_pad_right128,a05e41eb104b64934b09b2b1584e6b579e69e0dbda8421607e6b308278ff1291,2e1f9fb848e1e868b7c4a10edccbd60d968c37046f695089492ce7e64bc37012
DSWD__img_5041,dswd,DSWD_img_5041,img_5041,train,train,images/DSWD__img_5041.png,annotations/points/DSWD__img_5041.npy,1024,768,1,letterbox_448x448_to_768x768_pad_left128_pad_right128,034010cea0c07401e459808c16df438a1bb9b39a52f9c57512389943fc0d571e,0435c751a8bbc9993ad41930a513fcc579a31d2fd38ab4a4cbca51c90c40ac00
DSWD__img_5050,dswd,DSWD_img_5050,img_5050,train,train,images/DSWD__img_5050.png,annotations/points/DSWD__img_5050.npy,1024,768,1,letterbox_448x448_to_768x768_pad_left128_pad_right128,7413e387615b30e794dc88d2862c39ee0b10ba99094c5d5bf40b26794115756d,1c3751ccf33906750bcff138670db531fd19e66932cb37307bbee35b067bf11f
DSWD__img_5055,dswd,DSWD_img_5055,img_5055,train,train,images/DSWD__img_5055.png,annotations/points/DSWD__img_5055.npy,1024,768,0,letterbox_448x448_to_768x768_pad_left128_pad_right128,7796090f468e515ac9fcfbe1f1d52ace33194277286d34a9437c575363ae2d6e,90f00d448fe2247088a956d58dbaaffa22b18e34646d789c64f8cff85e153216
DSWD__img_5061,dswd,DSWD_img_5061,img_5061,train,train,images/DSWD__img_5061.png,annotations/points/DSWD__img_5061.npy,1024,768,2,letterbox_448x448_to_768x768_pad_left128_pad_right128,3c1dac882f78d6858ea3dff1cc3eef6f969f0fe9e45229e8f70b4bb5713cf897,bb4115dd12ffbee39059794604b2275407b6e557ed415fb5651bca092c97813d
DSWD__img_5068,dswd,DSWD_img_5068,img_5068,train,train,images/DSWD__img_5068.png,annotations/points/DSWD__img_5068.npy,1024,768,3,letterbox_448x448_to_768x768_pad_left128_pad_right128,af4db2f4e3407ed4eb5657ad1f199971cb2ba3101ac469b7c116783ddce2931d,8b688425be2e3d04f92f462335d35db284b306fbfdc8768881bb50f4901c180d
DSWD__img_5076,dswd,DSWD_img_5076,img_5076,train,train,images/DSWD__img_5076.png,annotations/points/DSWD__img_5076.npy,1024,768,2,letterbox_448x448_to_768x768_pad_left128_pad_right128,5c7cb72b70fd0b04391336a5edcdd62d6e68b0a35d66a13a98ec08a14b7b285f,827a0d3b02ff4d1cc31f49fac49a5170380ce5e8f6a99ef7de27d530b9384123
DSWD__img_5085,dswd,DSWD_img_5085,img_5085,train,train,images/DSWD__img_5085.png,annotations/points/DSWD__img_5085.npy,1024,768,1,letterbox_448x448_to_768x768_pad_left128_pad_right128,a8ca1da4a3649c60a9e04606ea4c1ffe20bf8b016e811bc01a38a3db2dc36bd0,70661ed7fdf56e61de268e1a941d8656fcb5fb7e9211399e95a3092b9efba5bf
DSWD__img_5095,dswd,DSWD_img_5095,img_5095,train,train,images/DSWD__img_5095.png,annotations/points/DSWD__img_5095.npy,1024,768,1,letterbox_448x448_to_768x768_pad_left128_pad_right128,30dbe675b8c3a664d4117b67afbae165ac91278bab60653228796db3bf48a89c,02f03c9004f35d1d58690eb9c0f57553514c93ea8c5a005f6fbf7bcb245b0284
DSWD__img_5106,dswd,DSWD_img_5106,img_5106,train,train,images/DSWD__img_5106.png,annotations/points/DSWD__img_5106.npy,1024,768,1,letterbox_448x448_to_768x768_pad_left128_pad_right128,d3f39cf86ec950ff2efda8258437e98c45c986a36b4e5203d6e1907352558628,a3fbddd7e1de1daafb05a1637dcbe8f4b0c88fd164d0f3e21efa830dc4172179
DSWD__img_5118,dswd,DSWD_img_5118,img_5118,train,train,images/DSWD__img_5118.png,annotations/points/DSWD__img_5118.npy,1024,768,1,letterbox_448x448_to_768x768_pad_left128_pad_right128,cfbe0be9cf5adfbe841bccac8edea41803e74c668edf2dc289948e73b47bbd77,a9db4c4089d491c6bb41ada75cabffc91741851eafa5208f02f4c8e0a5d3859c
DSWD__img_5146,dswd,DSWD_img_5146,img_5146,train,train,images/DSWD__img_5146.png,annotations/points/DSWD__img_5146.npy,1024,768,0,letterbox_448x448_to_768x768_pad_left128_pad_right128,8d1a8bd069929252b305675dc3a976bb7879e68d57a796fa9d04893cbbac176e,90f00d448fe2247088a956d58dbaaffa22b18e34646d789c64f8cff85e153216
DSWD__img_5148,dswd,DSWD_img_5148,img_5148,train,train,images/DSWD__img_5148.png,annotations/points/DSWD__img_5148.npy,1024,768,1,letterbox_448x448_to_768x768_pad_left128_pad_right128,4fd1764ed5d5a445e519b5dd927454a26c805ba621d8dc63fe415673367e70e2,32b18d52a784ed8506f13c08305c8f77dc7bf6bcd4e237b06aea8f7096f1a470
DSWD__img_5151,dswd,DSWD_img_5151,img_5151,train,train,images/DSWD__img_5151.png,annotations/points/DSWD__img_5151.npy,1024,768,0,letterbox_448x448_to_768x768_pad_left128_pad_right128,311ae18a9440ab472ad0913079888b6624b455f66e72c40e404de9e417167674,90f00d448fe2247088a956d58dbaaffa22b18e34646d789c64f8cff85e153216
DSWD__img_5155,dswd,DSWD_img_5155,img_5155,train,train,images/DSWD__img_5155.png,annotations/points/DSWD__img_5155.npy,1024,768,0,letterbox_448x448_to_768x768_pad_left128_pad_right128,4da5f66b504b28a29f0319a57b79f6ad2660be1d46ec2a6bba6311fac97d21a2,90f00d448fe2247088a956d58dbaaffa22b18e34646d789c64f8cff85e153216
DSWD__img_5160,dswd,DSWD_img_5160,img_5160,train,train,images/DSWD__img_5160.png,annotations/points/DSWD__img_5160.npy,1024,768,0,letterbox_448x448_to_768x768_pad_left128_pad_right128,009d5b907af85cf525c06c2f27a568443130f0340e9b63e0779534c0f98e3c65,90f00d448fe2247088a956d58dbaaffa22b18e34646d789c64f8cff85e153216
DSWD__img_5166,dswd,DSWD_img_5166,img_5166,train,train,images/DSWD__img_5166.png,annotations/points/DSWD__img_5166.npy,1024,768,1,letterbox_448x448_to_768x768_pad_left128_pad_right128,5d168a2b45ea7195c59523e79a38b6d96bb53636f29da284524f985596806846,63a2a2ca687456d00e6c0c6652c1b8b1debed9612959e2e10d98709f558f55ce
DSWD__img_5173,dswd,DSWD_img_5173,img_5173,train,train,images/DSWD__img_5173.png,annotations/points/DSWD__img_5173.npy,1024,768,1,letterbox_448x448_to_768x768_pad_left128_pad_right128,bb965d8df438f8f2a5736f6e9aed21d1267ffab897853e7ab46708f9cfcbbcd9,3e13c32a256addc862736b615109122801a140bf120b2a85a72fbb9dce9cbb3a
DSWD__img_5181,dswd,DSWD_img_5181,img_5181,train,train,images/DSWD__img_5181.png,annotations/points/DSWD__img_5181.npy,1024,768,0,letterbox_448x448_to_768x768_pad_left128_pad_right128,0efeb8cd9fc97d1c8bdf69c3d5157e5b8e4eb763cc9ec465d164b7659b6068aa,90f00d448fe2247088a956d58dbaaffa22b18e34646d789c64f8cff85e153216
DSWD__img_5190,dswd,DSWD_img_5190,img_5190,train,train,images/DSWD__img_5190.png,annotations/points/DSWD__img_5190.npy,1024,768,0,letterbox_448x448_to_768x768_pad_left128_pad_right128,b5e32036bf819ce0d1a1d332a0179e2a0cc3ae9df3cfd170235c76200463bba8,90f00d448fe2247088a956d58dbaaffa22b18e34646d789c64f8cff85e153216
DSWD__img_5223,dswd,DSWD_img_5223,img_5223,train,train,images/DSWD__img_5223.png,annotations/points/DSWD__img_5223.npy,1024,768,3,letterbox_448x448_to_768x768_pad_left128_pad_right128,1934fe03bfc141fa64f3f1482e132564bbfe520a5053179c25ea5cb30b7165c7,59ab4ea996df7505bdf023f471fefa12b7fee0d259d61eb27b70327b4cf65427
DSWD__img_5236,dswd,DSWD_img_5236,img_5236,train,train,images/DSWD__img_5236.png,annotations/points/DSWD__img_5236.npy,1024,768,0,letterbox_448x448_to_768x768_pad_left128_pad_right128,6f6c21a26591940b9e45f4294e2fa7f2704d78b2fee2977cf0a943f103da251d,90f00d448fe2247088a956d58dbaaffa22b18e34646d789c64f8cff85e153216
DSWD__img_5250,dswd,DSWD_img_5250,img_5250,train,train,images/DSWD__img_5250.png,annotations/points/DSWD__img_5250.npy,1024,768,2,letterbox_448x448_to_768x768_pad_left128_pad_right128,0ed80ec94027ce32997b220494e018c20d088200b8a9b02f207a7462fe6d2a42,a361e1b185c8bfa6d8e239fe6bf0b749bcb1c2258c9c27a2bd456502afab752f
DSWD__img_5251,dswd,DSWD_img_5251,img_5251,train,train,images/DSWD__img_5251.png,annotations/points/DSWD__img_5251.npy,1024,768,1,letterbox_448x448_to_768x768_pad_left128_pad_right128,5b089e6f0a5820b225940ff38581ffb80de3b6cf04c52bf1a822aabf079eb76e,c4274fdd65052a09073c66201968a6d3940466b35a51f439b0776d73705da607
DSWD__img_5253,dswd,DSWD_img_5253,img_5253,train,train,images/DSWD__img_5253.png,annotations/points/DSWD__img_5253.npy,1024,768,8,letterbox_448x448_to_768x768_pad_left128_pad_right128,b4b7e432713e064c845b71792cab7bbb1880758d4878684fcd82a7a5d3dd71f2,3501c98ae797b96fd166cc0107824fdf950ac4df78c813c1818c54517f8e4791
DSWD__img_5256,dswd,DSWD_img_5256,img_5256,train,train,images/DSWD__img_5256.png,annotations/points/DSWD__img_5256.npy,1024,768,12,letterbox_448x448_to_768x768_pad_left128_pad_right128,eba1416dd5f1dbfa9f36a3317600c3064894459022669e06055bd0f8dceec379,b94dd3e17071adc101f82ab21618ef3f6357537ce822410cc34c59f894f366ee
DSWD__img_526,dswd,DSWD_img_526,img_526,train,train,images/DSWD__img_526.png,annotations/points/DSWD__img_526.npy,1024,768,0,letterbox_448x448_to_768x768_pad_left128_pad_right128,d3bdb7d9868494ebd8cef0d2cbc2d5b93612e6f10cec38ca4c3afe8b4fedef36,90f00d448fe2247088a956d58dbaaffa22b18e34646d789c64f8cff85e153216
DSWD__img_5260,dswd,DSWD_img_5260,img_5260,train,train,images/DSWD__img_5260.png,annotations/points/DSWD__img_5260.npy,1024,768,6,letterbox_448x448_to_768x768_pad_left128_pad_right128,0992959cbdfd187f6a25d6ca93726da6a998cb65b793450db74a96bdb075a0cd,4db91334fdbddab671deef4471443c31e03ccbb616c1cedc3fe1da4e1f9b0cda
DSWD__img_5265,dswd,DSWD_img_5265,img_5265,train,train,images/DSWD__img_5265.png,annotations/points/DSWD__img_5265.npy,1024,768,3,letterbox_448x448_to_768x768_pad_left128_pad_right128,bca65d25ef737b32e84ced37dc4ff5850bf100feacc06a18e242d78d8e2047dd,aef82c2ea35886c60411b2629099a0c5412c6d113107ea20409d286b15f4cf18
DSWD__img_5271,dswd,DSWD_img_5271,img_5271,train,train,images/DSWD__img_5271.png,annotations/points/DSWD__img_5271.npy,1024,768,12,letterbox_448x448_to_768x768_pad_left128_pad_right128,0c68f8d4c16eee0e580c4006782eef43a8e1c1424cfc2e617f0137630a63b695,7e9383fdec43e26830711533285183e7f17783303f679d2112c70b4d6af6c99a
DSWD__img_528,dswd,DSWD_img_528,img_528,train,train,images/DSWD__img_528.png,annotations/points/DSWD__img_528.npy,1024,768,0,letterbox_448x448_to_768x768_pad_left128_pad_right128,a8a39e6e4a37e3f8193c0e0ab8e7f0c9c7a99cc81e65a7b3209d10874e9b9f5a,90f00d448fe2247088a956d58dbaaffa22b18e34646d789c64f8cff85e153216
DSWD__img_5295,dswd,DSWD_img_5295,img_5295,train,train,images/DSWD__img_5295.png,annotations/points/DSWD__img_5295.npy,1024,768,8,letterbox_448x448_to_768x768_pad_left128_pad_right128,0a905f4547c2af7496e1acb50bfe87a61be91cba315bc48aae515fc46b1712bd,1c91d6a64a48efe9c8415c8bcd71d106d385274924dbff5c3e2d5497b6dc9448
DSWD__img_5305,dswd,DSWD_img_5305,img_5305,train,train,images/DSWD__img_5305.png,annotations/points/DSWD__img_5305.npy,1024,768,1,letterbox_448x448_to_768x768_pad_left128_pad_right128,3b76115d656090aebaa30e54bcee202db969cefce6b9f72afdf2b4fe7174c246,14829e229f52ccfddc8edc12fdb88f824564ee3230a67a221c952a28577685ad
DSWD__img_531,dswd,DSWD_img_531,img_531,train,train,images/DSWD__img_531.png,annotations/points/DSWD__img_531.npy,1024,768,0,letterbox_448x448_to_768x768_pad_left128_pad_right128,35c74eb477e13eec7a29df7a18ddd6df2cd4f9c247a98e92de30cb8e9b770154,90f00d448fe2247088a956d58dbaaffa22b18e34646d789c64f8cff85e153216
DSWD__img_5316,dswd,DSWD_img_5316,img_5316,train,train,images/DSWD__img_5316.png,annotations/points/DSWD__img_5316.npy,1024,768,1,letterbox_448x448_to_768x768_pad_left128_pad_right128,fecbf58acb785c2c23016a0cbebaef7f4e8791eb21bf75587ed787f2ae43cec6,03577ce89b52d4be154c77c38fdd16fc76ff54056fa04e0fbed4ad4ac0ea5402
DSWD__img_5328,dswd,DSWD_img_5328,img_5328,train,train,images/DSWD__img_5328.png,annotations/points/DSWD__img_5328.npy,1024,768,11,letterbox_448x448_to_768x768_pad_left128_pad_right128,42ffc4550b8a1dcd7a6c026c4c79877f368fc0067e63875c49ffc3fbe2daf01c,f6234c0be55cb7d1f4370f7438d3b0c52164c0a3b2951860eb27603fc03dfdfc
DSWD__img_5341,dswd,DSWD_img_5341,img_5341,train,train,images/DSWD__img_5341.png,annotations/points/DSWD__img_5341.npy,1024,768,6,letterbox_448x448_to_768x768_pad_left128_pad_right128,aa2f1135ca8b3046bf5c6d13ab26041ff8e8b2c7dfc9547df0f9e13938b6d132,edf2f2d81152593868d60ceffe424d46163ab8fee029a31d26336ffb78b20459
DSWD__img_535,dswd,DSWD_img_535,img_535,train,train,images/DSWD__img_535.png,annotations/points/DSWD__img_535.npy,1024,768,0,letterbox_448x448_to_768x768_pad_left128_pad_right128,de849a3d89266f9c8c88c08f7831716899ed24a6eaf296bc30b3d2380908433c,90f00d448fe2247088a956d58dbaaffa22b18e34646d789c64f8cff85e153216
DSWD__img_5355,dswd,DSWD_img_5355,img_5355,train,train,images/DSWD__img_5355.png,annotations/points/DSWD__img_5355.npy,1024,768,1,letterbox_448x448_to_768x768_pad_left128_pad_right128,06fa87603a1acc48812dc176100df8952cb87a05cecc0805d02f18b622b91115,9ef6f96900f0290932cb06d4d33e879d8aea9a3705bd22dde07d6a2c552ad3ac
DSWD__img_5356,dswd,DSWD_img_5356,img_5356,train,train,images/DSWD__img_5356.png,annotations/points/DSWD__img_5356.npy,1024,768,2,letterbox_448x448_to_768x768_pad_left128_pad_right128,95d73aec4c6dec5211d07ef991506da6dc30ffd11f1842b8aeed5ac849879840,a0b62ba50679b572bafebb7c06ab64fc555755b91ee4eecbda488599dc64e137
DSWD__img_5358,dswd,DSWD_img_5358,img_5358,train,train,images/DSWD__img_5358.png,annotations/points/DSWD__img_5358.npy,1024,768,1,letterbox_448x448_to_768x768_pad_left128_pad_right128,a54bf85d8ab6896cce8bfef6f72a9804c95bb3d0728ff3b7f6bb409eb18dd03b,934458482bc00d3c474816302f2408632a8c3463ee6f8e78dcece5543fac10f0
DSWD__img_5361,dswd,DSWD_img_5361,img_5361,train,train,images/DSWD__img_5361.png,annotations/points/DSWD__img_5361.npy,1024,768,4,letterbox_448x448_to_768x768_pad_left128_pad_right128,c1239904aea0ded3de92f1ccc9799c1b74981288ed36303f49eab99bd8068902,3f76d570ca2e490733213a9f1dd90140ed9de03ac3ce694f1cf8eb7b7932f485
DSWD__img_5376,dswd,DSWD_img_5376,img_5376,train,train,images/DSWD__img_5376.png,annotations/points/DSWD__img_5376.npy,1024,768,3,letterbox_448x448_to_768x768_pad_left128_pad_right128,084ce1b1464dcdc3f01133a5b1e7e73cc704e4afd26287c3b2fc2b576858884d,87ea7ebb545f683dd7e7f43472d942ef934d8af72267bc0cc6a409afbe95dacd
DSWD__img_5383,dswd,DSWD_img_5383,img_5383,train,train,images/DSWD__img_5383.png,annotations/points/DSWD__img_5383.npy,1024,768,1,letterbox_448x448_to_768x768_pad_left128_pad_right128,860df26421ab1a3a6b80ce374d755f2fdb0e3d7441b049f36babbc1e1e7502ac,553c27bd6f08941123e2738bc3e4ce8896883d1d88f4bf72033b1954ea9c4876
DSWD__img_5391,dswd,DSWD_img_5391,img_5391,train,train,images/DSWD__img_5391.png,annotations/points/DSWD__img_5391.npy,1024,768,1,letterbox_448x448_to_768x768_pad_left128_pad_right128,4e74d868ae3eaaaa52664bb2cb1f8dfdf4a91714b46c0758e77e65ef8b320f66,e22e8a66080672f7083f826b9c886f63df1ff758b6d5ef69951406207e19488f
DSWD__img_540,dswd,DSWD_img_540,img_540,train,train,images/DSWD__img_540.png,annotations/points/DSWD__img_540.npy,1024,768,0,letterbox_448x448_to_768x768_pad_left128_pad_right128,8927cb88d7d45fd1376c38ae4af47382ee888590f95c2863b793711c64b32892,90f00d448fe2247088a956d58dbaaffa22b18e34646d789c64f8cff85e153216
DSWD__img_5400,dswd,DSWD_img_5400,img_5400,train,train,images/DSWD__img_5400.png,annotations/points/DSWD__img_5400.npy,1024,768,2,letterbox_448x448_to_768x768_pad_left128_pad_right128,d7dc493575aea38505378fb72bb7f9276fa83670b01c7d07272dcb30f5660b64,4806dc9b1f50d13d2043fcf08798dc8eb4fa61ccf3677bf755309a7cad0429e4
DSWD__img_5410,dswd,DSWD_img_5410,img_5410,train,train,images/DSWD__img_5410.png,annotations/points/DSWD__img_5410.npy,1024,768,4,letterbox_448x448_to_768x768_pad_left128_pad_right128,6fd0657871bb17e396ad5c65a0d1c7c10cf3041de3e26587465d864d8914d423,2e2a96048f6b7cad00cbf7734d6e66770edfe6a69f84259271aadab52a3ffffb
DSWD__img_5421,dswd,DSWD_img_5421,img_5421,train,train,images/DSWD__img_5421.png,annotations/points/DSWD__img_5421.npy,1024,768,1,letterbox_448x448_to_768x768_pad_left128_pad_right128,ad4847425bfef76c9e1d5e7cfa3c1cc4cda718ad8435e48387724913639afaa6,9c5170ed5c3d36fdd5b1f63c300649358ee4dde9ef95e5aa82c25222ed2755df
DSWD__img_5433,dswd,DSWD_img_5433,img_5433,train,train,images/DSWD__img_5433.png,annotations/points/DSWD__img_5433.npy,1024,768,3,letterbox_448x448_to_768x768_pad_left128_pad_right128,939c73dd458a7e1b8ce79d01352a225abe0de959da008d6cb7f7ccd859edc3e5,d61a66353b2c0cacc6c15566c31d86bd968aabf5b8cce28686f11ebabcf76a97
DSWD__img_5446,dswd,DSWD_img_5446,img_5446,train,train,images/DSWD__img_5446.png,annotations/points/DSWD__img_5446.npy,1024,768,3,letterbox_448x448_to_768x768_pad_left128_pad_right128,cb2216e4570397bbb7194162a3e195f2d05b537bf41cb8b8d6a1447e67054d60,60e1b6ae3bbf83a5cd45287392d77cdd8a7983a11869411c2698e0d750fdd6f5
DSWD__img_546,dswd,DSWD_img_546,img_546,train,train,images/DSWD__img_546.png,annotations/points/DSWD__img_546.npy,1024,768,0,letterbox_448x448_to_768x768_pad_left128_pad_right128,3b55c18f2597217d0c3a4b16729ddada1ecebc3e2b76f4fcce5cd295b7efafca,90f00d448fe2247088a956d58dbaaffa22b18e34646d789c64f8cff85e153216
DSWD__img_5460,dswd,DSWD_img_5460,img_5460,train,train,images/DSWD__img_5460.png,annotations/points/DSWD__img_5460.npy,1024,768,2,letterbox_448x448_to_768x768_pad_left128_pad_right128,414eb23eca7f8a105a612aa4c4b2984f2157f86ec18015990963c59aceb1fdd9,7d5cc7f68fcd43702a1ac200b8d5ff30c0231d684a35035126326d7e754ff804
DSWD__img_5466,dswd,DSWD_img_5466,img_5466,train,train,images/DSWD__img_5466.png,annotations/points/DSWD__img_5466.npy,1024,768,1,letterbox_448x448_to_768x768_pad_left128_pad_right128,a84c365c105f7b1750c364a7a8ebb0e4862f27ad91f17e9e637d56231c294b74,f7195b71990c0f3d25f8f92b999f20168981295134d2281462235db95fb57817
DSWD__img_5470,dswd,DSWD_img_5470,img_5470,train,train,images/DSWD__img_5470.png,annotations/points/DSWD__img_5470.npy,1024,768,0,letterbox_448x448_to_768x768_pad_left128_pad_right128,cff301726fc573135a1b4d2f556caf7a4c0900a81fa65bc6bc3020d699c2fcbc,90f00d448fe2247088a956d58dbaaffa22b18e34646d789c64f8cff85e153216
DSWD__img_5475,dswd,DSWD_img_5475,img_5475,train,train,images/DSWD__img_5475.png,annotations/points/DSWD__img_5475.npy,1024,768,1,letterbox_448x448_to_768x768_pad_left128_pad_right128,7d12665ddaeffb4f13c5b15dd43ffd920842cd2bb4be7219b7175ac12034b391,567849d15d4db90794f11a8efb28e9ab63ed6969459c5189609b81c6fea3dde2
DSWD__img_5481,dswd,DSWD_img_5481,img_5481,train,train,images/DSWD__img_5481.png,annotations/points/DSWD__img_5481.npy,1024,768,0,letterbox_448x448_to_768x768_pad_left128_pad_right128,f341c2c9fe8cdf916bf001737951d68f11a7ef38a00b2aa124eb6c6550115452,90f00d448fe2247088a956d58dbaaffa22b18e34646d789c64f8cff85e153216
DSWD__img_5488,dswd,DSWD_img_5488,img_5488,train,train,images/DSWD__img_5488.png,annotations/points/DSWD__img_5488.npy,1024,768,0,letterbox_448x448_to_768x768_pad_left128_pad_right128,3107707a8dccdd59d00d1f6e52e873aefad60393032da7606fa354198e37766d,90f00d448fe2247088a956d58dbaaffa22b18e34646d789c64f8cff85e153216
DSWD__img_5496,dswd,DSWD_img_5496,img_5496,train,train,images/DSWD__img_5496.png,annotations/points/DSWD__img_5496.npy,1024,768,1,letterbox_448x448_to_768x768_pad_left128_pad_right128,20a156e634c77199e5b8b2932d8ac5faee27e821ebb7675f6ae3e4dd43e5a1d4,3a90a7c0232aa7541293f1e32fb168ee1f00de2751630196c0ed2891dfc75cfe
DSWD__img_55,dswd,DSWD_img_55,img_55,train,train,images/DSWD__img_55.png,annotations/points/DSWD__img_55.npy,1024,768,2,letterbox_448x448_to_768x768_pad_left128_pad_right128,5d90727aef1aa688207a97b8adba94e49c643acaa7ac349617e6c1ee95bafff4,4efcbbc99b28ab870872d9e4166820c8f3f1db59c2c097e759c9aaee176e2827
DSWD__img_5505,dswd,DSWD_img_5505,img_5505,train,train,images/DSWD__img_5505.png,annotations/points/DSWD__img_5505.npy,1024,768,0,letterbox_448x448_to_768x768_pad_left128_pad_right128,98d1ed9337e47654b81e90b8bbab81811ff4a8c0907e741cba54345c2934e5f6,90f00d448fe2247088a956d58dbaaffa22b18e34646d789c64f8cff85e153216
DSWD__img_5515,dswd,DSWD_img_5515,img_5515,train,train,images/DSWD__img_5515.png,annotations/points/DSWD__img_5515.npy,1024,768,3,letterbox_448x448_to_768x768_pad_left128_pad_right128,8be39bfa90dbf868cf9dbd0a2c7fb179639cd25b0738b3ea1a79ac63bba6afbd,2ad7f5fcf15480506d1bafb4dc4510a352ea964f9475be971449f72277d284ba
DSWD__img_5526,dswd,DSWD_img_5526,img_5526,train,train,images/DSWD__img_5526.png,annotations/points/DSWD__img_5526.npy,1024,768,1,letterbox_448x448_to_768x768_pad_left128_pad_right128,cc639244b56bac5554e366cc221ec4096a0f9be71a5305727cc00cb58a3464bf,70c10b1020ce8dd37c07e364068aabc1df4185ce63c8b7570d4a31e14333f228
DSWD__img_553,dswd,DSWD_img_553,img_553,train,train,images/DSWD__img_553.png,annotations/points/DSWD__img_553.npy,1024,768,1,letterbox_448x448_to_768x768_pad_left128_pad_right128,17885ce3a789d11613263220f378032985ee99bd5f4ba8525a005e7a09c02076,79f9f15951f090a5e153bdc1835e1b8b74aa0dd73297ad25109b9247c91001b3
DSWD__img_5565,dswd,DSWD_img_5565,img_5565,train,train,images/DSWD__img_5565.png,annotations/points/DSWD__img_5565.npy,1024,768,2,letterbox_448x448_to_768x768_pad_left128_pad_right128,d83c64a034cf95421ad058a9ad48226d3d32211ce448ddd415324865b22bc3e2,258c81caf3429f2b8f2d60c1f8520e3346f12e6f1ca6e04f297df35d85ba8950
DSWD__img_5566,dswd,DSWD_img_5566,img_5566,train,train,images/DSWD__img_5566.png,annotations/points/DSWD__img_5566.npy,1024,768,1,letterbox_448x448_to_768x768_pad_left128_pad_right128,05ae8cc91cce02f10cd8b3193a67e2858a1f63158876ae9e4d3887ce1af60976,02ed5eca9cdb711a1e0597b3074bf5f2c15aabdb8cd3ef86bd212a1ea511da6e
DSWD__img_5568,dswd,DSWD_img_5568,img_5568,train,train,images/DSWD__img_5568.png,annotations/points/DSWD__img_5568.npy,1024,768,1,letterbox_448x448_to_768x768_pad_left128_pad_right128,ba889d26e81c19adce5e3a15cd19960bf96739077ee093ed5e8fe87cd56e7668,24f0d5f11dede2db217da06d23346cb00df641e335f57a04b9b9fba4879cb423
DSWD__img_5571,dswd,DSWD_img_5571,img_5571,train,train,images/DSWD__img_5571.png,annotations/points/DSWD__img_5571.npy,1024,768,2,letterbox_448x448_to_768x768_pad_left128_pad_right128,d51961e06bfa0181ef8d6d21e17d2e597b37a5d11b734ba5ed6e681d191b619a,b81fc9053d96c384a597a01b70ba4427e53faf77ff1e67acbc05c057a3920010
DSWD__img_5575,dswd,DSWD_img_5575,img_5575,train,train,images/DSWD__img_5575.png,annotations/points/DSWD__img_5575.npy,1024,768,2,letterbox_448x448_to_768x768_pad_left128_pad_right128,e9c767cf03a4e5004668d66e59b4b3e1c4b9cba9a02d5bce996818a30e52bb0e,0886a82fe3a1331bb822b4ba251e0d14931a431f81168d84b459f0bc7f9a2071
DSWD__img_5580,dswd,DSWD_img_5580,img_5580,train,train,images/DSWD__img_5580.png,annotations/points/DSWD__img_5580.npy,1024,768,1,letterbox_448x448_to_768x768_pad_left128_pad_right128,b943f9d197a0b06d78dc5211d08dc9f82003c560e532648446878d0127b76811,3bad49558154371a0805b65a030267d88a1113baf654020967e2439f212a2387
DSWD__img_5586,dswd,DSWD_img_5586,img_5586,train,train,images/DSWD__img_5586.png,annotations/points/DSWD__img_5586.npy,1024,768,3,letterbox_448x448_to_768x768_pad_left128_pad_right128,409070df923916904fb8da128cd25b1f78eeb5d327669d1a688bbbcd3488a3d6,09dda8a064a5972c8ca3ec0a4f1ac65b3c38a09de70ba9cde0b8c1685ecde1aa
DSWD__img_5593,dswd,DSWD_img_5593,img_5593,train,train,images/DSWD__img_5593.png,annotations/points/DSWD__img_5593.npy,1024,768,1,letterbox_448x448_to_768x768_pad_left128_pad_right128,b63ced2e188a94ac49ba0a626a5c44c57a67857ffb71078e86a5a44095b75150,cede605ec88f54953787f468e4fb0307f14e7a17fb6a3520ddfdb74c866360e9
DSWD__img_5601,dswd,DSWD_img_5601,img_5601,train,train,images/DSWD__img_5601.png,annotations/points/DSWD__img_5601.npy,1024,768,1,letterbox_448x448_to_768x768_pad_left128_pad_right128,855edd24e475c9149e361ff786a1ec2cc4ccbb115a17f2101dc62c45732d91fa,804a9570907459cbf0cfbcc67ef36396731c6bf51c4e16e29dbe5e3ff18d95f6
DSWD__img_561,dswd,DSWD_img_561,img_561,train,train,images/DSWD__img_561.png,annotations/points/DSWD__img_561.npy,1024,768,0,letterbox_448x448_to_768x768_pad_left128_pad_right128,bd38cb69306840c4ba129c18356b45d213c0fa73d447c50fc9b926bbf054a3a8,90f00d448fe2247088a956d58dbaaffa22b18e34646d789c64f8cff85e153216
DSWD__img_5631,dswd,DSWD_img_5631,img_5631,train,train,images/DSWD__img_5631.png,annotations/points/DSWD__img_5631.npy,1024,768,3,letterbox_448x448_to_768x768_pad_left128_pad_right128,779718646518cfaf2d680f21c2bf8e774aa34e7c7a6df8a3b12b8d4cf5928d00,f8a75ca5243b6231cce7d306968774f2a70c4434378e0b652ac5d0158204f85a
DSWD__img_5643,dswd,DSWD_img_5643,img_5643,train,train,images/DSWD__img_5643.png,annotations/points/DSWD__img_5643.npy,1024,768,0,letterbox_448x448_to_768x768_pad_left128_pad_right128,ef716dc18c9a175bd866d52490c7084380cb315c514737d070aa12bde50af6a2,90f00d448fe2247088a956d58dbaaffa22b18e34646d789c64f8cff85e153216
DSWD__img_5656,dswd,DSWD_img_5656,img_5656,train,train,images/DSWD__img_5656.png,annotations/points/DSWD__img_5656.npy,1024,768,2,letterbox_448x448_to_768x768_pad_left128_pad_right128,419bc75681deea5fcf6c090ab0d3a06e1a4773cc5d176d50498aec314e0bfc65,f077cd8b1fcb17420abbb1a93fa9bc38bcdd0b317f978be2760d2c349ffd95e9
DSWD__img_5670,dswd,DSWD_img_5670,img_5670,train,train,images/DSWD__img_5670.png,annotations/points/DSWD__img_5670.npy,1024,768,4,letterbox_448x448_to_768x768_pad_left128_pad_right128,fc78014de9c1b5deb3a4af68de758568d2236afe517aef888cb8796f03b95aa8,a9621cd491e4d018969c48bef6ac9893c17c55b8de431bf9e1ccfef433044dbb
DSWD__img_5671,dswd,DSWD_img_5671,img_5671,train,train,images/DSWD__img_5671.png,annotations/points/DSWD__img_5671.npy,1024,768,1,letterbox_448x448_to_768x768_pad_left128_pad_right128,91ae80d623e058a3f0b1bcb3aae06a4fd9215c9d64bd06dbd68cf1407891de50,ac4a7d42be847ce7d0864bfd3a24e1cb9124b765b7ecd9599dc3a8fd85f7a9f1
DSWD__img_5673,dswd,DSWD_img_5673,img_5673,train,train,images/DSWD__img_5673.png,annotations/points/DSWD__img_5673.npy,1024,768,4,letterbox_448x448_to_768x768_pad_left128_pad_right128,8c22a27f8daefbe6e8eaaf5decf0ffd186e9aa118f998b92c12f1b822fe70010,97dac45f8f8b837ca8c95f7c7fc32db61819a32a7b9981c6b6e3ad47dcf2fb35
DSWD__img_5676,dswd,DSWD_img_5676,img_5676,train,train,images/DSWD__img_5676.png,annotations/points/DSWD__img_5676.npy,1024,768,4,letterbox_448x448_to_768x768_pad_left128_pad_right128,4ae5ec2270cf0f3d84f975c7417864b876ed0e7321b9e9235ef51bcc8b6ad5a9,d77434e9ca365a308ba15e37006347b1b89142410823ae7a5eb9161f78d9d25f
DSWD__img_5680,dswd,DSWD_img_5680,img_5680,train,train,images/DSWD__img_5680.png,annotations/points/DSWD__img_5680.npy,1024,768,6,letterbox_448x448_to_768x768_pad_left128_pad_right128,fc29254cee31bec7f57990bfc3cf35e90dcae742f245950bf7bcd81486e0bbfa,a490438f97876299c8a42978814e56e98e84c6734e38f5eee107223ea53ca4ec
DSWD__img_5685,dswd,DSWD_img_5685,img_5685,train,train,images/DSWD__img_5685.png,annotations/points/DSWD__img_5685.npy,1024,768,7,letterbox_448x448_to_768x768_pad_left128_pad_right128,3b36c68a08c1993cd74dbd2ab3a35b540d1232a03d4f30a0f3ea349de1a5ef63,f130d5f131acd2a24c022a7b7b46641ebe4a523ba74ee6df532deedae319b3ef
DSWD__img_570,dswd,DSWD_img_570,img_570,train,train,images/DSWD__img_570.png,annotations/points/DSWD__img_570.npy,1024,768,2,letterbox_448x448_to_768x768_pad_left128_pad_right128,5464193473244a294a09445c12061ea85fe390c2efb3391fe89fd4585be1f226,938fe4e28b4236157cc16e472a5c19445e8a05918b05aeaf5ec6c6ff6d50097d
DSWD__img_5706,dswd,DSWD_img_5706,img_5706,train,train,images/DSWD__img_5706.png,annotations/points/DSWD__img_5706.npy,1024,768,4,letterbox_448x448_to_768x768_pad_left128_pad_right128,82f00263ee4d0aca7a5ef33ab44d47dd3f25ccb4fcdb1ec767e8ccecb8f2137d,d84bdabfcd91ef7641fdbe6742f0299b52f88a0fbd05d941405cab0d140b9c6c
DSWD__img_5715,dswd,DSWD_img_5715,img_5715,train,train,images/DSWD__img_5715.png,annotations/points/DSWD__img_5715.npy,1024,768,4,letterbox_448x448_to_768x768_pad_left128_pad_right128,f3896d9e9f065bf9a26a6d437bec0bd3f0221e762347cc4d62c474dfdaa54a3b,0455b10bf172d6fe856b17633fdac699cf13fb10923a057672f0da77153d7709
DSWD__img_5725,dswd,DSWD_img_5725,img_5725,train,train,images/DSWD__img_5725.png,annotations/points/DSWD__img_5725.npy,1024,768,1,letterbox_448x448_to_768x768_pad_left128_pad_right128,7248cbf5ae99b0ad790653bff8b6a82b7d5a577e6d5e4388ef74fd38f9e7605b,e6c895e907343f3e8aa2d8f25a07b0702b80d400b1480a3bb270acf657152f3c
DSWD__img_5736,dswd,DSWD_img_5736,img_5736,train,train,images/DSWD__img_5736.png,annotations/points/DSWD__img_5736.npy,1024,768,5,letterbox_448x448_to_768x768_pad_left128_pad_right128,9bd1ef1331b0975f8bac09913b9b3ac4cb7b7ce0d686d5903aa4db8058bca421,6d7e6ca302f20c9f221a821bc2f78eac6bb69e024c0db81573369bdf8f20208a
DSWD__img_5748,dswd,DSWD_img_5748,img_5748,train,train,images/DSWD__img_5748.png,annotations/points/DSWD__img_5748.npy,1024,768,3,letterbox_448x448_to_768x768_pad_left128_pad_right128,6afa3fbf980721e18cf909d2b2dd9ce8b800052eb117a467bbea5fbae9e9f645,b35180de0a2cfdc7acdc045ccff29793478948abcec745e2c9ec29093c68406e
DSWD__img_5761,dswd,DSWD_img_5761,img_5761,train,train,images/DSWD__img_5761.png,annotations/points/DSWD__img_5761.npy,1024,768,1,letterbox_448x448_to_768x768_pad_left128_pad_right128,8867f6f3b7ac85deab5967a59e2e3b63302a4741c2aa85146207803f6a1d8307,aceb1ef2cd1213b5462a5fd1ad6464134a5bf56527ccd01e2e0c5bda9ad1931b
DSWD__img_5775,dswd,DSWD_img_5775,img_5775,train,train,images/DSWD__img_5775.png,annotations/points/DSWD__img_5775.npy,1024,768,4,letterbox_448x448_to_768x768_pad_left128_pad_right128,a99e9fd9808de6bbf3f72cbd0826e34ebb7c0801ce9a1dd949763305a611455a,598f9b5674c1d74c78e50f3d57c597f0b349dae0c1cb98517652c8c360eddb49
DSWD__img_5776,dswd,DSWD_img_5776,img_5776,train,train,images/DSWD__img_5776.png,annotations/points/DSWD__img_5776.npy,1024,768,2,letterbox_448x448_to_768x768_pad_left128_pad_right128,fcd512b428dd6cde32d8b91af0432b7e7633a7960caa8dcca7607ce955d81d33,00bacb15e00e6a641ac28b03738f6ec592d881cdd32083b8e6a6d26902c566f0
DSWD__img_5778,dswd,DSWD_img_5778,img_5778,train,train,images/DSWD__img_5778.png,annotations/points/DSWD__img_5778.npy,1024,768,3,letterbox_448x448_to_768x768_pad_left128_pad_right128,2947d7cfd4164e75932477f366257761a3caf04137b7f0059ce375d39a575079,8bab766e795ddbef4aeba2c8909fa7b5fca756be5692476ae4c8c1bd93b10d1f
DSWD__img_5790,dswd,DSWD_img_5790,img_5790,train,train,images/DSWD__img_5790.png,annotations/points/DSWD__img_5790.npy,1024,768,2,letterbox_448x448_to_768x768_pad_left128_pad_right128,ea504ac2c3d746b019eb9a6bf98260940a6af6d711a058ff631d45edc897ff93,1680e82d84158b26c57fe0206a19442ddb3df718f7f3278f95aff1bc4de19b85
DSWD__img_5796,dswd,DSWD_img_5796,img_5796,train,train,images/DSWD__img_5796.png,annotations/points/DSWD__img_5796.npy,1024,768,3,letterbox_448x448_to_768x768_pad_left128_pad_right128,5029eb27be3ad8e80ec3341b758ff7e86d6902992d1be812f138795a20c0a986,42bfad54cd51dca5e073755e2352130230cb22d0f2f0ea7f06942cc1eacd39da
DSWD__img_5803,dswd,DSWD_img_5803,img_5803,train,train,images/DSWD__img_5803.png,annotations/points/DSWD__img_5803.npy,1024,768,4,letterbox_448x448_to_768x768_pad_left128_pad_right128,7c24ceacf25b4cde2276e495cf50fb459b88f965317198621d254ce8c405d5b9,a9d95961e035aa696dbc56babbe8f4a1efd500bff2ea73e7c5ebada99e782666
DSWD__img_5811,dswd,DSWD_img_5811,img_5811,train,train,images/DSWD__img_5811.png,annotations/points/DSWD__img_5811.npy,1024,768,2,letterbox_448x448_to_768x768_pad_left128_pad_right128,e7b7c4c281021a11c0b31518619a245909721f7558dadbe2d5e4f805a83aaa0f,a5e2aa5462860b66bb060f01fb12f42da1b2d677672e2ae7287e366faa94fe18
DSWD__img_5820,dswd,DSWD_img_5820,img_5820,train,train,images/DSWD__img_5820.png,annotations/points/DSWD__img_5820.npy,1024,768,5,letterbox_448x448_to_768x768_pad_left128_pad_right128,39e0d06e43cac436596d79fd49e9a9f76358928aa28d79a30c33a2b4b8e19919,885b13a6e4b3880e0cc757887dbea34565fe9f06526657eb147125e2735876dc
DSWD__img_5830,dswd,DSWD_img_5830,img_5830,train,train,images/DSWD__img_5830.png,annotations/points/DSWD__img_5830.npy,1024,768,0,letterbox_448x448_to_768x768_pad_left128_pad_right128,b6df6950c4f0004361463d0cb0af0a8af8f08baff81e362a0ee98e84011e2757,90f00d448fe2247088a956d58dbaaffa22b18e34646d789c64f8cff85e153216
DSWD__img_5841,dswd,DSWD_img_5841,img_5841,train,train,images/DSWD__img_5841.png,annotations/points/DSWD__img_5841.npy,1024,768,1,letterbox_448x448_to_768x768_pad_left128_pad_right128,2ba0e2a90e74c5c2806683b4fe1ac5757cbbc2791444ef7dd92c2cd1fa30f6e0,ddeb1956ba90000d05b67b25a96f62148ea25b0b547f5f2378e8465dfad75389
DSWD__img_5853,dswd,DSWD_img_5853,img_5853,train,train,images/DSWD__img_5853.png,annotations/points/DSWD__img_5853.npy,1024,768,4,letterbox_448x448_to_768x768_pad_left128_pad_right128,0ea273e31a410dff227ded4e401716b108574998e6f4a53c15a25731dc8d32d0,f688e5b49f6bdb8d4721c9bb90349f964e1767598a56e0896f6dcfe1b276d91b
DSWD__img_5866,dswd,DSWD_img_5866,img_5866,train,train,images/DSWD__img_5866.png,annotations/points/DSWD__img_5866.npy,1024,768,5,letterbox_448x448_to_768x768_pad_left128_pad_right128,cc944d4cde0873c65ddcc537fe9ff0dc22a18dbdd81926906ab4eca482896c37,a41b224568558adfe78e9e717a00c3edad5cacd5980922e56368b19f7aab572e
DSWD__img_603,dswd,DSWD_img_603,img_603,train,train,images/DSWD__img_603.png,annotations/points/DSWD__img_603.npy,1024,768,2,letterbox_448x448_to_768x768_pad_left128_pad_right128,9afc8e8aa5bb7b521b534b5e5dfd7bda8f4e63c2c779c76ce94b0a63d5b231b1,d54a9bb1dc695c3a5db63e46cf6511a98483e9694426d64f7befd61975b3d2c6
DSWD__img_616,dswd,DSWD_img_616,img_616,train,train,images/DSWD__img_616.png,annotations/points/DSWD__img_616.npy,1024,768,0,letterbox_448x448_to_768x768_pad_left128_pad_right128,983106538a7dfc46523c88aa82b20c40b71ec9b387a2c3fc376d6856b5b02252,90f00d448fe2247088a956d58dbaaffa22b18e34646d789c64f8cff85e153216
DSWD__img_630,dswd,DSWD_img_630,img_630,train,train,images/DSWD__img_630.png,annotations/points/DSWD__img_630.npy,1024,768,16,letterbox_448x448_to_768x768_pad_left128_pad_right128,53c7430073ccbf0f9f2d9cc21e785d558e3e64c7f6deb524c89ea6e595cc4915,2fe07449ef65904c3dc6ddcac0f7f9899fac8491da0925854c7a04598906687a
DSWD__img_631,dswd,DSWD_img_631,img_631,train,train,images/DSWD__img_631.png,annotations/points/DSWD__img_631.npy,1024,768,15,letterbox_448x448_to_768x768_pad_left128_pad_right128,8f3f4eebb1542fc4b8072ab139c3c155e614bdd51294c2c3f0e5badaa953b34b,696597a91df7c7ca97fb152a257fc2af1fadee842b78003b55a363615c82e900
DSWD__img_633,dswd,DSWD_img_633,img_633,train,train,images/DSWD__img_633.png,annotations/points/DSWD__img_633.npy,1024,768,33,letterbox_448x448_to_768x768_pad_left128_pad_right128,0a4e73d061e78ac89da99f3589622e3c0d430c71b754a7445510be364c046d75,0043f86c6786f70dba43e862cb955cab6348eb5baaa1a0d9cee5f575b8da1396
DSWD__img_636,dswd,DSWD_img_636,img_636,train,train,images/DSWD__img_636.png,annotations/points/DSWD__img_636.npy,1024,768,23,letterbox_448x448_to_768x768_pad_left128_pad_right128,5e1bf63b4a1f80af38dedac4e6bceede2b4d1ec8a8d47be5d95429246d61704c,6e2eb7108a4e286320ad8eace49e993091898f05df543ad437b543977b4fb70c
DSWD__img_640,dswd,DSWD_img_640,img_640,train,train,images/DSWD__img_640.png,annotations/points/DSWD__img_640.npy,1024,768,21,letterbox_448x448_to_768x768_pad_left128_pad_right128,152bd9f3c154c063292e0ce263dbcbd5d44311582250197f01b003053f0e40aa,dd6c6147d161f467951311cd5ec1f9e1d220b9beea5dcd3afb4886043f2712c9
DSWD__img_645,dswd,DSWD_img_645,img_645,train,train,images/DSWD__img_645.png,annotations/points/DSWD__img_645.npy,1024,768,18,letterbox_448x448_to_768x768_pad_left128_pad_right128,f0b7369bd346c9a04ed42756475e9a01deb6acf436c228a452babe8ef88de954,fcf67b7f91a9bfb2e715629a8a220b4dc680bdd295f1ec2a87c3cd5eae69f1b1
DSWD__img_651,dswd,DSWD_img_651,img_651,train,train,images/DSWD__img_651.png,annotations/points/DSWD__img_651.npy,1024,768,21,letterbox_448x448_to_768x768_pad_left128_pad_right128,0ca55087a33acd3ab2382682563a63cca397d9acdf737719c5e7a38045289716,984386b185081b12412781bd93e19e084aee84db75d9f51ef4fdac79ad3cbe3d
DSWD__img_66,dswd,DSWD_img_66,img_66,train,train,images/DSWD__img_66.png,annotations/points/DSWD__img_66.npy,1024,768,5,letterbox_448x448_to_768x768_pad_left128_pad_right128,798a9f31e2086d606a2caeff6682c43b6cf881a3150d58f7182b63e93caf87b2,210b36ca13988932e1e214e490bee0ef303432d1136597973aa11f418352a384
DSWD__img_675,dswd,DSWD_img_675,img_675,train,train,images/DSWD__img_675.png,annotations/points/DSWD__img_675.npy,1024,768,24,letterbox_448x448_to_768x768_pad_left128_pad_right128,d3d917c0137160ca19ab6c946f71f9797a408239c1f49c903e1dd6dba426bb31,453996e23dd81ce77b01410bc444f5fbe88e18767d9230457f50a291fd6cbc9b
DSWD__img_685,dswd,DSWD_img_685,img_685,train,train,images/DSWD__img_685.png,annotations/points/DSWD__img_685.npy,1024,768,17,letterbox_448x448_to_768x768_pad_left128_pad_right128,d62c0c15359c82d9697c402a36a3ffbaa6ab58c5b70f0b722a0a55d76343476f,f779891a49a9e4be8a269d61cd081839f5166a6ca49c8ad9e9e8b2c9a001be62
DSWD__img_696,dswd,DSWD_img_696,img_696,train,train,images/DSWD__img_696.png,annotations/points/DSWD__img_696.npy,1024,768,12,letterbox_448x448_to_768x768_pad_left128_pad_right128,20db138baea5796c9069711b4c5694070edacc6551c38bd3c6280164c33fa3b5,836eb1d588666ebe4361f180ff2254dd9ac7bbbf0662e800b6dacc073921f779
DSWD__img_708,dswd,DSWD_img_708,img_708,train,train,images/DSWD__img_708.png,annotations/points/DSWD__img_708.npy,1024,768,8,letterbox_448x448_to_768x768_pad_left128_pad_right128,b229599401e610e76024d32837ae56b1e91892a8e343730780f1cd91b099b19e,c33ba68a7f3153de5ef2434bc67392dca11602ae1fb6b8934b5cb2237f4676a9
DSWD__img_721,dswd,DSWD_img_721,img_721,train,train,images/DSWD__img_721.png,annotations/points/DSWD__img_721.npy,1024,768,25,letterbox_448x448_to_768x768_pad_left128_pad_right128,4b8f4f2410a3b99a4e6841e5f6b14df07f76e5264927a615c2ff099d939ebfdd,b477142a3f8afe3a084a1a59a985ead5d19fbcb43302f530a65ffd9351a5dcd8
DSWD__img_735,dswd,DSWD_img_735,img_735,train,train,images/DSWD__img_735.png,annotations/points/DSWD__img_735.npy,1024,768,7,letterbox_448x448_to_768x768_pad_left128_pad_right128,406d6ca82dd65f11e3a066c50d8be9c1e86f4d6090bc4af173746cc154242989,a10581d049ed47b6a0c3dfb31d85180a08e106280dde6523d644429dea060c2b
DSWD__img_736,dswd,DSWD_img_736,img_736,train,train,images/DSWD__img_736.png,annotations/points/DSWD__img_736.npy,1024,768,5,letterbox_448x448_to_768x768_pad_left128_pad_right128,b76ac203356d6c8860414f9e2df6b08c3c16739e96191d62814e0e243ca73794,805055f613641e1468ef0b2758042c16247a59899d4559210212ab22dadb3df5
DSWD__img_738,dswd,DSWD_img_738,img_738,train,train,images/DSWD__img_738.png,annotations/points/DSWD__img_738.npy,1024,768,7,letterbox_448x448_to_768x768_pad_left128_pad_right128,b926a4d2099e603f5f386a16952902cd206cd05c267a6d27a7b95ce9d024086d,b071ff492129f5b37d9d3bb88df32d58bbe494c85918916b3ec28d7cb8705239
DSWD__img_741,dswd,DSWD_img_741,img_741,train,train,images/DSWD__img_741.png,annotations/points/DSWD__img_741.npy,1024,768,10,letterbox_448x448_to_768x768_pad_left128_pad_right128,7254d75179a3f0c191a92a5efa4e86ebea5a4df19ac776621c972b884c4301ec,5a52d1c931de6bb4b7c759063eb29a44eedfec170fe263c30f28e2680683117f
DSWD__img_756,dswd,DSWD_img_756,img_756,train,train,images/DSWD__img_756.png,annotations/points/DSWD__img_756.npy,1024,768,13,letterbox_448x448_to_768x768_pad_left128_pad_right128,a939bb108f84245675c9f80eaabe12664962e6e6f1e68813740ec3a2d3a58ac8,ce0babd639c8736a806caa6181f00203fbe637f536bab38962ea1b04fbbd428d
DSWD__img_763,dswd,DSWD_img_763,img_763,train,train,images/DSWD__img_763.png,annotations/points/DSWD__img_763.npy,1024,768,10,letterbox_448x448_to_768x768_pad_left128_pad_right128,cb55f315352823b7e20f039ec8748aa440068f70d13a049e81635164c0764e55,82fe71401e1a14b3eb72085cdaf21cedf3e14207e697fe32a861e62c2a80b494
DSWD__img_771,dswd,DSWD_img_771,img_771,train,train,images/DSWD__img_771.png,annotations/points/DSWD__img_771.npy,1024,768,10,letterbox_448x448_to_768x768_pad_left128_pad_right128,fb5cd976668e71804ac2347c1c206cfbdc0b1bd7fb712f6659629ce37042442d,05f34fe6b2dc285eeffce36bbc66cb2eaf0826b19c44d8fa3070fa3384ba3242
DSWD__img_78,dswd,DSWD_img_78,img_78,train,train,images/DSWD__img_78.png,annotations/points/DSWD__img_78.npy,1024,768,3,letterbox_448x448_to_768x768_pad_left128_pad_right128,f3e6ce16b9d651ef3dd9ac92678eb000f9477263d69e2228c96498d12dc21626,951154e7ac4640ba937ba7ecaddf7f468bdc309877f8b0ce8c9567b0c9525a25
DSWD__img_780,dswd,DSWD_img_780,img_780,train,train,images/DSWD__img_780.png,annotations/points/DSWD__img_780.npy,1024,768,11,letterbox_448x448_to_768x768_pad_left128_pad_right128,7c2a829b5c6af71791a319438c66fb740a6d2d6e9645573333efd61bbeb3dd88,ed32b07177a36c4527cdf9162fa195f9ccbbe9284e263c1ff070ea3cf6f0883e
DSWD__img_790,dswd,DSWD_img_790,img_790,train,train,images/DSWD__img_790.png,annotations/points/DSWD__img_790.npy,1024,768,10,letterbox_448x448_to_768x768_pad_left128_pad_right128,3fc6b64d2ab4d70273cbc757fcf71fb2e891dfa3c0d06ecc54c51374bcd21c2e,553a44275a33540a8309f01733c8c5c6ec730163a164a79f064928a1254bd704
DSWD__img_801,dswd,DSWD_img_801,img_801,train,train,images/DSWD__img_801.png,annotations/points/DSWD__img_801.npy,1024,768,8,letterbox_448x448_to_768x768_pad_left128_pad_right128,3582f3e1239b9e33ada18b02ec8530613d55c3fae6b58ca03c2d6a425e316b38,350932bbf677ecb74532ddcc5daf5cb98de1a149bd0b4017cd3a4179e13ab289
DSWD__img_813,dswd,DSWD_img_813,img_813,train,train,images/DSWD__img_813.png,annotations/points/DSWD__img_813.npy,1024,768,6,letterbox_448x448_to_768x768_pad_left128_pad_right128,e8d0e4d7c5fc326600182da34331518162ef3142dc6224b7e379a8cd3cb798ae,745d51b43c7b8763ada3dad56d102143f125e7dc2760864a9e1255d06a542ec7
DSWD__img_826,dswd,DSWD_img_826,img_826,train,train,images/DSWD__img_826.png,annotations/points/DSWD__img_826.npy,1024,768,10,letterbox_448x448_to_768x768_pad_left128_pad_right128,f7c640cd4a0996e8b6037b6784d6bf81ff6f284a56946e04f50ac0847d5efc05,5edeb4f42cdb3b62a68cc4da1526dede736a243d13ab5211242c3da3f30372c7
DSWD__img_840,dswd,DSWD_img_840,img_840,train,train,images/DSWD__img_840.png,annotations/points/DSWD__img_840.npy,1024,768,1,letterbox_448x448_to_768x768_pad_left128_pad_right128,ef036df824d049396366359295bed57383bf46f23ef47ff8fed625ca153d963d,fb376301dcf94c43569da5f9f2065409d46f79651199253a8b4d2bb1cccf39a9
DSWD__img_846,dswd,DSWD_img_846,img_846,train,train,images/DSWD__img_846.png,annotations/points/DSWD__img_846.npy,1024,768,1,letterbox_448x448_to_768x768_pad_left128_pad_right128,33ebe4de1bd4c2a9b186f4c91d00d79dc13fc99bec3e7d58b13c9dd8b2b84864,7f4de299e82d10a0a5bef808bd804a1d3a67f7fc87078718f3d532378a24a20a
DSWD__img_850,dswd,DSWD_img_850,img_850,train,train,images/DSWD__img_850.png,annotations/points/DSWD__img_850.npy,1024,768,1,letterbox_448x448_to_768x768_pad_left128_pad_right128,a375e67e7a331389cdefd7445aad5b1af517065288822ff4b0aa80916456e5dc,a9d4e9c4e06d9830c2b786c3e9a6b995b5e40fca9a2246c1d49dece60f8dac6b
DSWD__img_855,dswd,DSWD_img_855,img_855,train,train,images/DSWD__img_855.png,annotations/points/DSWD__img_855.npy,1024,768,1,letterbox_448x448_to_768x768_pad_left128_pad_right128,898db170fa9ddf68df4c9c4270f362bb0d9a92c94c567cade1947ca8ff03bdec,bed3f03e5ec56b52b38a29b8613efcec01664f6b9bbb4cfd48bd56024a978fbd
DSWD__img_861,dswd,DSWD_img_861,img_861,train,train,images/DSWD__img_861.png,annotations/points/DSWD__img_861.npy,1024,768,1,letterbox_448x448_to_768x768_pad_left128_pad_right128,ec54e2806ea038b26d91bae0488dda4beb900ce77358445f1978f9ec3384e21d,80883b0f8763177ab656e33f02dd191eb0bb2785856ac09ab1b0fe6811bb10d2
DSWD__img_868,dswd,DSWD_img_868,img_868,train,train,images/DSWD__img_868.png,annotations/points/DSWD__img_868.npy,1024,768,1,letterbox_448x448_to_768x768_pad_left128_pad_right128,bd098518a30c31be0a51fac12662a78190b97413ab962bf7e28d8f3d5833b7a8,aaacd27e4de3fb572675c3a1cee9b20f792e557c5a449ee07ce19c036310d218
DSWD__img_876,dswd,DSWD_img_876,img_876,train,train,images/DSWD__img_876.png,annotations/points/DSWD__img_876.npy,1024,768,1,letterbox_448x448_to_768x768_pad_left128_pad_right128,701cba2eb147eca881f10e68b68a65f47c3af5efd517ac4a7db686b2b17fe680,0c4998e59aac1c563bb4e83746152c7e9eb5912bf94e813d1368f60384088223
DSWD__img_885,dswd,DSWD_img_885,img_885,train,train,images/DSWD__img_885.png,annotations/points/DSWD__img_885.npy,1024,768,2,letterbox_448x448_to_768x768_pad_left128_pad_right128,ec63d4b4c6728c286b9d0efde1ce959d9401629c491c67a0165c93f76dd47da1,209d08813e9e370cf410670ccc93825f4a76270d2083339b6873998771dc6081
DSWD__img_895,dswd,DSWD_img_895,img_895,train,train,images/DSWD__img_895.png,annotations/points/DSWD__img_895.npy,1024,768,1,letterbox_448x448_to_768x768_pad_left128_pad_right128,acc6a145824412ae7f19b3cc2f90319edbecb662fe11760007612132b858b208,c5454877c745b672aed6a7552ec1359c016e0e88b43bf7cce92b0173b40eb1ad
DSWD__img_906,dswd,DSWD_img_906,img_906,train,train,images/DSWD__img_906.png,annotations/points/DSWD__img_906.npy,1024,768,2,letterbox_448x448_to_768x768_pad_left128_pad_right128,98037ebee3f4a4b58f4e7f87142d23dc3180f45826eb088cf40fb93a56bc4f50,6b9bf5a1124dc4563e279a153529009a2db438e731522db15004c3dee6c691af
DSWD__img_91,dswd,DSWD_img_91,img_91,train,train,images/DSWD__img_91.png,annotations/points/DSWD__img_91.npy,1024,768,0,letterbox_448x448_to_768x768_pad_left128_pad_right128,c1a262aee0dd2eb73d3aaf22b365e0dcac3c3736d9e142d01c6b41d6cfc0d4d7,90f00d448fe2247088a956d58dbaaffa22b18e34646d789c64f8cff85e153216
DSWD__img_945,dswd,DSWD_img_945,img_945,train,train,images/DSWD__img_945.png,annotations/points/DSWD__img_945.npy,1024,768,1,letterbox_448x448_to_768x768_pad_left128_pad_right128,4a4e20fa60b85abe3459b103704b1f234ca789e94a327b1659c453d2aa560dc6,e1572dea06a5748bce774024d10431502628804083b46b52468abc33e6116306
DSWD__img_946,dswd,DSWD_img_946,img_946,train,train,images/DSWD__img_946.png,annotations/points/DSWD__img_946.npy,1024,768,2,letterbox_448x448_to_768x768_pad_left128_pad_right128,58ec8eec671fd2e515e0377f6ca2cbee606cfc0766ea45d7cd6d029b6037f8e5,156e8b02f5eccbc14a92b6bb63f1fb480b29f336d340954cf082168df64329af
DSWD__img_948,dswd,DSWD_img_948,img_948,train,train,images/DSWD__img_948.png,annotations/points/DSWD__img_948.npy,1024,768,0,letterbox_448x448_to_768x768_pad_left128_pad_right128,b43beb0db2ff8e77699a2d5cf1563e1dfa2b3c0f2144e91ce08f93b9c3141dc5,90f00d448fe2247088a956d58dbaaffa22b18e34646d789c64f8cff85e153216
DSWD__img_951,dswd,DSWD_img_951,img_951,train,train,images/DSWD__img_951.png,annotations/points/DSWD__img_951.npy,1024,768,1,letterbox_448x448_to_768x768_pad_left128_pad_right128,a82c1163c009e28daa872001802aca8309e5a3044f15ee5d2c1838ae2d0ba125,d313a99f715ff7964d987571a77339cf64aed797d019c69ea8fc6a2693863422
DSWD__img_955,dswd,DSWD_img_955,img_955,train,train,images/DSWD__img_955.png,annotations/points/DSWD__img_955.npy,1024,768,3,letterbox_448x448_to_768x768_pad_left128_pad_right128,a29e928cca90a79e48d1e16fcf9650c96d3bfdb5d66bea8ebe021a0ca1a5dc46,c5a380c02d7c5318316e531839a66fafa8e5f5f2ee2135a684d8d8a1d87030c3
DSWD__img_960,dswd,DSWD_img_960,img_960,train,train,images/DSWD__img_960.png,annotations/points/DSWD__img_960.npy,1024,768,2,letterbox_448x448_to_768x768_pad_left128_pad_right128,df9c23d663e3863d8a2d82bb839cb9a43b4af8e080d5475420ecf6dcc44c4f90,65504db1d551c78f67b534a88dd9ef25b2bd98bb72adad0e14c6a96a65b4a4ae
DSWD__img_966,dswd,DSWD_img_966,img_966,train,train,images/DSWD__img_966.png,annotations/points/DSWD__img_966.npy,1024,768,2,letterbox_448x448_to_768x768_pad_left128_pad_right128,84bd6a0033a102db1abc80772e44cfecf5a067cb8c9996d40bd3c7fa0d6b7d84,603485cfe9f6f44310a21978e720ad6a42d2f03c15e6d3f543804fe1d5beb589
DSWD__img_973,dswd,DSWD_img_973,img_973,train,train,images/DSWD__img_973.png,annotations/points/DSWD__img_973.npy,1024,768,1,letterbox_448x448_to_768x768_pad_left128_pad_right128,e5de4f7738ab4a01ae0eab975ffc4d18b0792b7163e0dd918aa54978a8ab3cdd,9559035722f54008c2b74af9162cb84dfc4c666c6a0940b552a74e4090d7a182
DSWD__img_981,dswd,DSWD_img_981,img_981,train,train,images/DSWD__img_981.png,annotations/points/DSWD__img_981.npy,1024,768,1,letterbox_448x448_to_768x768_pad_left128_pad_right128,da0bbe06f6c508fa9b1ad042517c79ebbb852bf3cc83cfce46dd5f9ad39ae190,de4b65949656fee8e0ec5bdbc89ea42a5c5dbe164866af263397c5840aa33fdb
AW__000000_17_arroyo,arroyowaste,AW_0017,000000_17_arroyo,val,val,images/AW__000000_17_arroyo.jpg,annotations/points/AW__000000_17_arroyo.npy,1024,768,91,arroyowaste_frozen,35b13a3d3fcb7dc587e4206ea54461b4f58eee20f7bf1e14da8a9e59ef716126,c16396dd7ae0488b2c40d7e5fe81b506bbf33f9facbef449bf12dad818236896
AW__000000_22_arroyo,arroyowaste,AW_0022,000000_22_arroyo,val,val,images/AW__000000_22_arroyo.jpg,annotations/points/AW__000000_22_arroyo.npy,1024,768,39,arroyowaste_frozen,973f9c4c1ef6b4584f16a14b9bed4d13f7f7af1cb085d0707b9ec66dd841bee2,cb6cada1398fe561ff8990dae32a783edfbc5763929fa8e7ec264c54ef33df9b
AW__000000_23_arroyo,arroyowaste,AW_0023,000000_23_arroyo,val,val,images/AW__000000_23_arroyo.jpg,annotations/points/AW__000000_23_arroyo.npy,1024,768,34,arroyowaste_frozen,3d4b67fab59f615e9945aa59e8e2d5dd2b905793f8148afca2748b2e037b9aa2,543b48d98a2f1aab1f97056809cc570914c9c7f8ef7715f5fd40a886d8a90fd3
AW__000000_32_arroyo,arroyowaste,AW_0031,000000_32_arroyo,val,val,images/AW__000000_32_arroyo.jpg,annotations/points/AW__000000_32_arroyo.npy,1024,768,102,arroyowaste_frozen,29b5720ac7613022b5f21b432b8f878e28730b90c70d9f347ba04971260a13a3,d5a1aa9872699ecf6d9f7957753eea10d9f1360a8b3de717e7aa1d4e2c7807b6
AW__000000_33_arroyo,arroyowaste,AW_0032,000000_33_arroyo,val,val,images/AW__000000_33_arroyo.jpg,annotations/points/AW__000000_33_arroyo.npy,1024,768,67,arroyowaste_frozen,d5beb13bc8a94dfce6cc98a8cf053cea23598fee194bbf893b661dfb67a9c87a,b78a015123adc2145903b93f5e00fb70c9038c68312929cc7486af0e37b2224e
AW__000000_39_arroyo,arroyowaste,AW_0038,000000_39_arroyo,val,val,images/AW__000000_39_arroyo.jpg,annotations/points/AW__000000_39_arroyo.npy,1024,768,149,arroyowaste_frozen,94f6bea5e3ff566c4b87dfd3555dc4be0455fb883f96c1420621cc53454ce95d,176539002725d25fb22cd2c0c1e0cace8ecb473cb83b4ae6083aaedff4e04c79
AW__000000_43_arroyo,arroyowaste,AW_0042,000000_43_arroyo,val,val,images/AW__000000_43_arroyo.jpg,annotations/points/AW__000000_43_arroyo.npy,1024,768,77,arroyowaste_frozen,d6aaee384ef1a35a11c84c8d44309f4417ef295a28473dd2536ede2fdda9734f,0c2b78beb9fac58a2cc08866cd05384c9f24f90f941850432c911e7980451103
AW__000000_44_arroyo,arroyowaste,AW_0043,000000_44_arroyo,val,val,images/AW__000000_44_arroyo.jpg,annotations/points/AW__000000_44_arroyo.npy,1024,768,20,arroyowaste_frozen,4add3b9e67b7560cff04bb5e6bee54c08b3b520e649f18937510878b6523626c,92c7f752956616d09e541013316cf0f6c27ab67fcc6fd6818e218671cc8fbc4d
AW__000000_45_arroyo,arroyowaste,AW_0044,000000_45_arroyo,val,val,images/AW__000000_45_arroyo.jpg,annotations/points/AW__000000_45_arroyo.npy,1024,768,2,arroyowaste_frozen,0b51519eb0f02cd961833a3e38f36f42c41daeea2c3a0dd4b2a4d032bb8445eb,d524bdd2a0c52c9336a881bdb3dc47179b749dd3eefd9f2f234d01b8ec682339
AW__000000_72_arroyo,arroyowaste,AW_0071,000000_72_arroyo,val,val,images/AW__000000_72_arroyo.jpg,annotations/points/AW__000000_72_arroyo.npy,1024,768,188,arroyowaste_frozen,2e6d0851ae21b61149d220f4d6df56700542712c525416ab4864f89e68cbfaf2,e417c81750fcb5ff573b93ca46216723722e5a80c9bccba4b0beaf2c4866f6e0
AW__000000_9_arroyo,arroyowaste,AW_0009,000000_9_arroyo,val,val,images/AW__000000_9_arroyo.jpg,annotations/points/AW__000000_9_arroyo.npy,1024,768,57,arroyowaste_frozen,ec36b414091b00f6fced47bf22e7bf6ad92173e9fc4bbc289f3d84467f6b3ff2,714361444cdb47c986537524492fc7b0f6663679a2cb84a496482dd15f38e014
