sample_id,source_id,legacy_parent_id,augmentation_prefix,augmentation,is_base,image_file,semantic_file,points_file,width,height,count,image_sha256,points_sha256,split
000000_1_arroyo,AW_0001,1,000000,base,1,images/000000_1_arroyo.jpg,annotations/semantic/000000_1_arroyo.json,annotations/points/000000_1_arroyo.npy,1024,768,37,de6bffec7cb5e6e9347409ca9edbb8544b4d4ce70e2223aad2af14455ec01ed5,c6aaedc3d9132f002c8d94fa252522ff8c8f05bca8a429608b4d2a2d4a8a2f5d,train
000001_1_arroyo,AW_0001,1,000001,horizontal_flip,0,images/000001_1_arroyo.jpg,annotations/semantic/000001_1_arroyo.json,annotations/points/000001_1_arroyo.npy,1024,768,37,720392ee43dea87fea2abea5c10a8425e5ed61bae2d73686c5a0fb2f2cb6cf9f,6712009a587c8fbef6116ef3614d07268bade64ea8c35c79989f78795381f85f,train
000020_1_arroyo,AW_0001,1,000020,color_jitter,0,images/000020_1_arroyo.jpg,annotations/semantic/000020_1_arroyo.json,annotations/points/000020_1_arroyo.npy,1024,768,37,914b5eabe63ad0b46019198d11e6b04d0ea1de78f7e291d2e0a98618ebb0ca3c,c6aaedc3d9132f002c8d94fa252522ff8c8f05bca8a429608b4d2a2d4a8a2f5d,train
000021_1_arroyo,AW_0001,1,000021,color_jitter_flip,0,images/000021_1_arroyo.jpg,annotations/semantic/000021_1_arroyo.json,annotations/points/000021_1_arroyo.npy,1024,768,37,ccc76f7de1e6db5a691a81dcb32423f78e83b90ddb57a02c081acf9d09878905,6712009a587c8fbef6116ef3614d07268bade64ea8c35c79989f78795381f85f,train
000300_1_arroyo,AW_0001,1,000300,random_crop_base,0,images/000300_1_arroyo.jpg,annotations/semantic/000300_1_arroyo.json,annotations/points/000300_1_arroyo.npy,1024,768,2,4f408e7e1428ea56ba1380dc2c1519c58429302e1f6e62c2a0ed41aff7a89af6,50c5b5bc4b8e862fcf59e15bd0fb02ef9df194fcf2f8ec759169ce4155574ca3,train
000301_1_arroyo,AW_0001,1,000301,random_crop_flip,0,images/000301_1_arroyo.jpg,annotations/semantic/000301_1_arroyo.json,annotations/points/000301_1_arroyo.npy,1024,768,0,bd49f3c07c13b70fc001d13a1ffd13eae90eefad5e87c24725bc50e40d2d0570,90f00d448fe2247088a956d58dbaaffa22b18e34646d789c64f8cff85e153216,train
000320_1_arroyo,AW_0001,1,000320,random_crop_jitter,0,images/000320_1_arroyo.jpg,annotations/semantic/000320_1_arroyo.json,annotations/points/000320_1_arroyo.npy,1024,768,7,6a368dddb8268337f9bcc0143f7bd1d338487eff4ecdb73fe0935398808254b1,8c015b30a79a55b23e63423cac10d8f277b05f8d9e8424f140df526020054eec,train
000321_1_arroyo,AW_0001,1,000321,random_crop_jitter_flip,0,images/000321_1_arroyo.jpg,annotations/semantic/000321_1_arroyo.json,annotations/points/000321_1_arroyo.npy,1024,768,2,284d928e59cb6b4ec403e87ae217f2da21b52b49542405e2a34dbcc3c74aafa6,aab0fc36728df26232ccfc3421b7d4662a028f4cbb18c1ff94df92523462f31f,train
000000_2_arroyo,AW_0002,2,000000,base,1,images/000000_2_arroyo.jpg,annotations/semantic/000000_2_arroyo.json,annotations/points/000000_2_arroyo.npy,1024,768,87,81a55383696bc2501223899c509e9906e7056a58f7da07fee22798f20ed051be,43a1928a57c8a1168b72e1bc060ca3955861ce9a945ff9f4ca9c1d231e142a9b,test
000000_3_arroyo,AW_0003,3,000000,base,1,images/000000_3_arroyo.jpg,annotations/semantic/000000_3_arroyo.json,annotations/points/000000_3_arroyo.npy,1024,768,114,57ddd9cd4bd01b74e513d9cea7f79d42d5248ac8902fdbbead9a1dcea70e2bfa,6967156282800dde955073e6b1e1ff254eee4c2fa42b634d1faaa43f87a8cd0c,train
000001_3_arroyo,AW_0003,3,000001,horizontal_flip,0,images/000001_3_arroyo.jpg,annotations/semantic/000001_3_arroyo.json,annotations/points/000001_3_arroyo.npy,1024,768,114,094c5dc9ce3a84a471d34a78f8f5d554f329004567c597ad71306dcc9f4eb58d,440371e523c7a333b49251d748330c123542a15a0c79568aa3fc0c152891683f,train
000020_3_arroyo,AW_0003,3,000020,color_jitter,0,images/000020_3_arroyo.jpg,annotations/semantic/000020_3_arroyo.json,annotations/points/000020_3_arroyo.npy,1024,768,114,8caebcd460418adf8b31ff6e0602d3e437a9455972e450fe6cac1eb234ec5511,6967156282800dde955073e6b1e1ff254eee4c2fa42b634d1faaa43f87a8cd0c,train
000021_3_arroyo,AW_0003,3,000021,color_jitter_flip,0,images/000021_3_arroyo.jpg,annotations/semantic/000021_3_arroyo.json,annotations/points/000021_3_arroyo.npy,1024,768,114,4efbf375216f2ec645f623bb2c865aa5f7337e3567999d7afdee8eee8941c2ca,440371e523c7a333b49251d748330c123542a15a0c79568aa3fc0c152891683f,train
000300_3_arroyo,AW_0003,3,000300,random_crop_base,0,images/000300_3_arroyo.jpg,annotations/semantic/000300_3_arroyo.json,annotations/points/000300_3_arroyo.npy,1024,768,71,19188882ed45725c89ce33e9b649e4bb1150cec4bce82957747e4fe580e255ff,7fb72c7407a369aa4a4541850436eccd0253616cc2111a5f406b7575c56e5a97,train
000301_3_arroyo,AW_0003,3,000301,random_crop_flip,0,images/000301_3_arroyo.jpg,annotations/semantic/000301_3_arroyo.json,annotations/points/000301_3_arroyo.npy,1024,768,46,e2756b0314be8c32531e97142e7306205f63452f081a16dbf47b217cf88fc9fa,708fe7b777a777b25daaf32fb901eae64968d7bbfcef2ac17ba642eef28687f7,train
000320_3_arroyo,AW_0003,3,000320,random_crop_jitter,0,images/000320_3_arroyo.jpg,annotations/semantic/000320_3_arroyo.json,annotations/points/000320_3_arroyo.npy,1024,768,45,c0acfd9c5d1905166218d6daaf78bcdf1c02137635de0b1935fe415f78b8a1ca,2db87a7673c290af073f9b1cf108639d68a94a569c5436b4e487cfbe4bf7b061,train
000321_3_arroyo,AW_0003,3,000321,random_crop_jitter_flip,0,images/000321_3_arroyo.jpg,annotations/semantic/000321_3_arroyo.json,annotations/points/000321_3_arroyo.npy,1024,768,32,9abd449b4d004251928d59ad4cbba431342a9aae8c685711365393aa42ecc986,08b63a400bc9d5142637274d11171292c617c48e16e28b1deacef39913dbd2ed,train
000000_4_arroyo,AW_0004,4,000000,base,1,images/000000_4_arroyo.jpg,annotations/semantic/000000_4_arroyo.json,annotations/points/000000_4_arroyo.npy,1024,768,90,79ab8cef62c874d3020eb377357eae0ab313f860954fc934684b5dc182022e22,f38d9ab3b0c68cc32f928a72884af057dc128131187bcccf54aeb4292d63c99b,train
000001_4_arroyo,AW_0004,4,000001,horizontal_flip,0,images/000001_4_arroyo.jpg,annotations/semantic/000001_4_arroyo.json,annotations/points/000001_4_arroyo.npy,1024,768,90,978253f4489299f9d91a6a38b7ffa92a114312d62907c592c5f5595f7523e92e,d479aa1f80baa02c21d9136a16cdb12ad2775029ee38ce113405eb3901db4694,train
000020_4_arroyo,AW_0004,4,000020,color_jitter,0,images/000020_4_arroyo.jpg,annotations/semantic/000020_4_arroyo.json,annotations/points/000020_4_arroyo.npy,1024,768,90,69290f5f7aaf3c2d935e2277891d54932cf34da65521ecacf300a3827accea69,f38d9ab3b0c68cc32f928a72884af057dc128131187bcccf54aeb4292d63c99b,train
000021_4_arroyo,AW_0004,4,000021,color_jitter_flip,0,images/000021_4_arroyo.jpg,annotations/semantic/000021_4_arroyo.json,annotations/points/000021_4_arroyo.npy,1024,768,90,a590a77ff8667e240d40838978be141117b78751a5302933dd7c6f63675513d3,d479aa1f80baa02c21d9136a16cdb12ad2775029ee38ce113405eb3901db4694,train
000300_4_arroyo,AW_0004,4,000300,random_crop_base,0,images/000300_4_arroyo.jpg,annotations/semantic/000300_4_arroyo.json,annotations/points/000300_4_arroyo.npy,1024,768,19,c55d168163ecfa4a41bf3371b25d10b15daef662da9cc3439e24594ba872110e,42c25501b9c4881d754e73b0a6c91fc729b866728f0b391fde666284ec88a695,train
000301_4_arroyo,AW_0004,4,000301,random_crop_flip,0,images/000301_4_arroyo.jpg,annotations/semantic/000301_4_arroyo.json,annotations/points/000301_4_arroyo.npy,1024,768,22,ca1a17d537d747c2d89ed697b1ba1203c6b6d5d682b320bbfdef2c81960c282b,21b9ce2a66cc4dd3509c16fd23213d4ae3bde22a3a0b267e8cd9925117728311,train
000320_4_arroyo,AW_0004,4,000320,random_crop_jitter,0,images/000320_4_arroyo.jpg,annotations/semantic/000320_4_arroyo.json,annotations/points/000320_4_arroyo.npy,1024,768,2,1a1fee66cdd54903f539a4d1ad52c2ba3f329ee0bd126279a39c9cc37be25b86,7b0a67e2f33a8416d76bec24998ebf7f77e64c625dc0cce32a2cbaf80da09a54,train
000321_4_arroyo,AW_0004,4,000321,random_crop_jitter_flip,0,images/000321_4_arroyo.jpg,annotations/semantic/000321_4_arroyo.json,annotations/points/000321_4_arroyo.npy,1024,768,9,a6d8130115d903acae26525491ca856543bc4436413acea8d9742f4f73d8e725,b8d47f247c916d4186bb3001d1b5495f0489d6bb6cfd875742d544bd05cb96a3,train
000000_5_arroyo,AW_0005,5,000000,base,1,images/000000_5_arroyo.jpg,annotations/semantic/000000_5_arroyo.json,annotations/points/000000_5_arroyo.npy,1024,768,22,d474dd4b216c024ab2a3f5b142a208bc6a102b8992706a1119973ce8e1e29c26,412a6f0a951c2267d0e82c8523c749db8cda9a383e4e3aeb23962eadbc731eee,train
000001_5_arroyo,AW_0005,5,000001,horizontal_flip,0,images/000001_5_arroyo.jpg,annotations/semantic/000001_5_arroyo.json,annotations/points/000001_5_arroyo.npy,1024,768,22,eed6ce8e50eac611a57cc522b3c612da929b4239ea71d32ac2bbbabaaab8b873,0fa6e0468cb6dbf050056ea2f11dceaf4ca7b63ce61d360d681de65587702c80,train
000020_5_arroyo,AW_0005,5,000020,color_jitter,0,images/000020_5_arroyo.jpg,annotations/semantic/000020_5_arroyo.json,annotations/points/000020_5_arroyo.npy,1024,768,22,db1e435c94f978f42d90793a0bb902cf37bd2d40686aba333d1c2c087145b462,412a6f0a951c2267d0e82c8523c749db8cda9a383e4e3aeb23962eadbc731eee,train
000021_5_arroyo,AW_0005,5,000021,color_jitter_flip,0,images/000021_5_arroyo.jpg,annotations/semantic/000021_5_arroyo.json,annotations/points/000021_5_arroyo.npy,1024,768,22,53d9a6117b57be4554a4b92131ac97aa1238ddc4e62c10894dbc376c16dbdd84,0fa6e0468cb6dbf050056ea2f11dceaf4ca7b63ce61d360d681de65587702c80,train
000300_5_arroyo,AW_0005,5,000300,random_crop_base,0,images/000300_5_arroyo.jpg,annotations/semantic/000300_5_arroyo.json,annotations/points/000300_5_arroyo.npy,1024,768,5,387ad30f1397f4bd59c80016639b11f645cf1f26983cd176bd729a04a39635d8,fbe563d17fb769caf488daea05d43263ca2e863e8d23a3c3f754004ee0f84244,train
000301_5_arroyo,AW_0005,5,000301,random_crop_flip,0,images/000301_5_arroyo.jpg,annotations/semantic/000301_5_arroyo.json,annotations/points/000301_5_arroyo.npy,1024,768,2,6c37d1ed468bc1b5e11bc8079ad622c68db851b3e9bccbe3b8a2d44e1600ebac,ffcedf3169e3232e67b3045c63f8ff3804e97e3aa329bbe95fbb04dc730735c2,train
000320_5_arroyo,AW_0005,5,000320,random_crop_jitter,0,images/000320_5_arroyo.jpg,annotations/semantic/000320_5_arroyo.json,annotations/points/000320_5_arroyo.npy,1024,768,12,bdba2480ff77d08d5e2e5ce45bd6c0b31522e6b446f17b28a786c0f141399501,ca265a4179d56fcf37cc82890fffc815c3803622548b098a51cf8f5528ce8e9a,train
000321_5_arroyo,AW_0005,5,000321,random_crop_jitter_flip,0,images/000321_5_arroyo.jpg,annotations/semantic/000321_5_arroyo.json,annotations/points/000321_5_arroyo.npy,1024,768,0,41adc6953265527f2c4347b6ced4641e4fb9565de2c1eb74b64781980d412ac7,90f00d448fe2247088a956d58dbaaffa22b18e34646d789c64f8cff85e153216,train
000000_6_arroyo,AW_0006,6,000000,base,1,images/000000_6_arroyo.jpg,annotations/semantic/000000_6_arroyo.json,annotations/points/000000_6_arroyo.npy,1024,768,21,f2a7e61b3bd9067666313e67ad7b5e4d321485d09da7ecd78d762de511e14441,a3240800adab7a6f68ea61bff29065a4f4eb2395c9abfb82c23d5a898ef17875,train
000001_6_arroyo,AW_0006,6,000001,horizontal_flip,0,images/000001_6_arroyo.jpg,annotations/semantic/000001_6_arroyo.json,annotations/points/000001_6_arroyo.npy,1024,768,21,d3743f9736af706e849871e0e053a47c2c82b278f7c215e5ca38adb8137ff885,696e946ba1409b8f1162a0f82dc74bb317695460498620f16fc2dc105556adee,train
000020_6_arroyo,AW_0006,6,000020,color_jitter,0,images/000020_6_arroyo.jpg,annotations/semantic/000020_6_arroyo.json,annotations/points/000020_6_arroyo.npy,1024,768,21,5ef28974ea350b30c55a0ae3952c59838443bfe0c37118ca932780086210bccf,a3240800adab7a6f68ea61bff29065a4f4eb2395c9abfb82c23d5a898ef17875,train
000021_6_arroyo,AW_0006,6,000021,color_jitter_flip,0,images/000021_6_arroyo.jpg,annotations/semantic/000021_6_arroyo.json,annotations/points/000021_6_arroyo.npy,1024,768,21,356616b2f21f927113b4d6058694e6d3d45823f8827c81b3b51456d19bccd8dc,696e946ba1409b8f1162a0f82dc74bb317695460498620f16fc2dc105556adee,train
000300_6_arroyo,AW_0006,6,000300,random_crop_base,0,images/000300_6_arroyo.jpg,annotations/semantic/000300_6_arroyo.json,annotations/points/000300_6_arroyo.npy,1024,768,20,6309b91afb915edb5556ef3451ebf2d74570843d873d96abc03c08d1666da598,02c40d19e9e8cfcb0f5ac14eebf0a79f1a1a8dbf977e8b699f6507bd550e4555,train
000301_6_arroyo,AW_0006,6,000301,random_crop_flip,0,images/000301_6_arroyo.jpg,annotations/semantic/000301_6_arroyo.json,annotations/points/000301_6_arroyo.npy,1024,768,0,07baad4ca8f4583880046778b3ba4963799fee9680171d723a8d5e01c8a8a13c,90f00d448fe2247088a956d58dbaaffa22b18e34646d789c64f8cff85e153216,train
000320_6_arroyo,AW_0006,6,000320,random_crop_jitter,0,images/000320_6_arroyo.jpg,annotations/semantic/000320_6_arroyo.json,annotations/points/000320_6_arroyo.npy,1024,768,0,dee0089210f4ce95ad1187098c8b0b3a0d8de5f50f3bf96b6f87cae7fe2072eb,90f00d448fe2247088a956d58dbaaffa22b18e34646d789c64f8cff85e153216,train
000321_6_arroyo,AW_0006,6,000321,random_crop_jitter_flip,0,images/000321_6_arroyo.jpg,annotations/semantic/000321_6_arroyo.json,annotations/points/000321_6_arroyo.npy,1024,768,0,dc5303f846e30ff70d4aa404b6b0a4e2fc06d32906f3639cc62e0ae494a6dc24,90f00d448fe2247088a956d58dbaaffa22b18e34646d789c64f8cff85e153216,train
000000_7_arroyo,AW_0007,7,000000,base,1,images/000000_7_arroyo.jpg,annotations/semantic/000000_7_arroyo.json,annotations/points/000000_7_arroyo.npy,1024,768,74,6f0ecc400f8537577b55626b428496136a7e97ed2dd08294b08d1ec0ed9cbf5c,b9c796f10ec4b31c1a2772e650784920f9afdb4e1d19e746f0b96cb82ebc01f0,train
000001_7_arroyo,AW_0007,7,000001,horizontal_flip,0,images/000001_7_arroyo.jpg,annotations/semantic/000001_7_arroyo.json,annotations/points/000001_7_arroyo.npy,1024,768,74,2a5de38fcd7d2b9c62d4ddd4882e3ba0ca1de5f8d95ec186be20240a9c5718aa,b4d89d027187c5bf100be60389133fd7ef820b48c2029f0d61560badf7e773f6,train
000020_7_arroyo,AW_0007,7,000020,color_jitter,0,images/000020_7_arroyo.jpg,annotations/semantic/000020_7_arroyo.json,annotations/points/000020_7_arroyo.npy,1024,768,74,e5cb95ddfe012af8a21f74c8c584e205f45bddb2728423b71381eaa62a4cdfd4,b9c796f10ec4b31c1a2772e650784920f9afdb4e1d19e746f0b96cb82ebc01f0,train
000021_7_arroyo,AW_0007,7,000021,color_jitter_flip,0,images/000021_7_arroyo.jpg,annotations/semantic/000021_7_arroyo.json,annotations/points/000021_7_arroyo.npy,1024,768,74,31d06ea8e7f3d92cd7cfcc11ea95abc12671dc889f39748a900510e3b56a922a,b4d89d027187c5bf100be60389133fd7ef820b48c2029f0d61560badf7e773f6,train
000300_7_arroyo,AW_0007,7,000300,random_crop_base,0,images/000300_7_arroyo.jpg,annotations/semantic/000300_7_arroyo.json,annotations/points/000300_7_arroyo.npy,1024,768,0,0803497729557610e6faefb48429e4076dd51cb22b5c9abd2d48bfb3d81cb3f5,90f00d448fe2247088a956d58dbaaffa22b18e34646d789c64f8cff85e153216,train
000301_7_arroyo,AW_0007,7,000301,random_crop_flip,0,images/000301_7_arroyo.jpg,annotations/semantic/000301_7_arroyo.json,annotations/points/000301_7_arroyo.npy,1024,768,0,dd11e429b8909a68d8080315a0f1c5a5989f148924039aef192de771825e2383,90f00d448fe2247088a956d58dbaaffa22b18e34646d789c64f8cff85e153216,train
000320_7_arroyo,AW_0007,7,000320,random_crop_jitter,0,images/000320_7_arroyo.jpg,annotations/semantic/000320_7_arroyo.json,annotations/points/000320_7_arroyo.npy,1024,768,0,21a28b292e47a7229bc0f435e677bcaff70f32b5c921b062ab65aa7d085ef458,90f00d448fe2247088a956d58dbaaffa22b18e34646d789c64f8cff85e153216,train
000321_7_arroyo,AW_0007,7,000321,random_crop_jitter_flip,0,images/000321_7_arroyo.jpg,annotations/semantic/000321_7_arroyo.json,annotations/points/000321_7_arroyo.npy,1024,768,0,a9d05d70cba9f2d3eed21288a16465262583a67599d8d31fcf3fbd3b1c5b77ef,90f00d448fe2247088a956d58dbaaffa22b18e34646d789c64f8cff85e153216,train
000000_8_arroyo,AW_0008,8,000000,base,1,images/000000_8_arroyo.jpg,annotations/semantic/000000_8_arroyo.json,annotations/points/000000_8_arroyo.npy,1024,768,37,823a228447329890e4ba141436e6db1710986a9315b207fce898b42c7ef8e359,e7f6a4c13b325fc8ea53c74edddb70fddbeaf013845ab1e632791985c3304eb8,test
000000_9_arroyo,AW_0009,9,000000,base,1,images/000000_9_arroyo.jpg,annotations/semantic/000000_9_arroyo.json,annotations/points/000000_9_arroyo.npy,1024,768,57,ec36b414091b00f6fced47bf22e7bf6ad92173e9fc4bbc289f3d84467f6b3ff2,714361444cdb47c986537524492fc7b0f6663679a2cb84a496482dd15f38e014,val
000000_10_arroyo,AW_0010,10,000000,base,1,images/000000_10_arroyo.jpg,annotations/semantic/000000_10_arroyo.json,annotations/points/000000_10_arroyo.npy,1024,768,135,a9c0a607d37586cd54ad00bdf2afddb3984987a534d726ec8f99322e8edc4870,900a107ec0c022213b05f988643b27f6198b7b1daa6fe08664a8448ebb0da7d0,train
000001_10_arroyo,AW_0010,10,000001,horizontal_flip,0,images/000001_10_arroyo.jpg,annotations/semantic/000001_10_arroyo.json,annotations/points/000001_10_arroyo.npy,1024,768,135,317b90fe79321650c0c13855444d98b287791c97d55d0d0fc3dcd9d8c392ee79,e78aa7e289fbde243d9bd46f9fa0eb230f0746c1fb37ec5ac9b8f49bf511d9bd,train
000020_10_arroyo,AW_0010,10,000020,color_jitter,0,images/000020_10_arroyo.jpg,annotations/semantic/000020_10_arroyo.json,annotations/points/000020_10_arroyo.npy,1024,768,135,261dbca38b775d10b946043233f1073593556eaecf2ad8f01d3ee916f9e73cfa,900a107ec0c022213b05f988643b27f6198b7b1daa6fe08664a8448ebb0da7d0,train
000021_10_arroyo,AW_0010,10,000021,color_jitter_flip,0,images/000021_10_arroyo.jpg,annotations/semantic/000021_10_arroyo.json,annotations/points/000021_10_arroyo.npy,1024,768,135,6ee3ef1641437536fc32b9089df31ba0dffccec55c76325c60584b69cf0fcdff,e78aa7e289fbde243d9bd46f9fa0eb230f0746c1fb37ec5ac9b8f49bf511d9bd,train
000300_10_arroyo,AW_0010,10,000300,random_crop_base,0,images/000300_10_arroyo.jpg,annotations/semantic/000300_10_arroyo.json,annotations/points/000300_10_arroyo.npy,1024,768,26,ddf65d2aaab226e306083bcdc9843a4a7f39974c52bc7982dcf2c252f8a922c0,0a8a34377f5ef36aa82afbacf7dd40aecd380e5e3ce745c367f4fc78bdad56d2,train
000301_10_arroyo,AW_0010,10,000301,random_crop_flip,0,images/000301_10_arroyo.jpg,annotations/semantic/000301_10_arroyo.json,annotations/points/000301_10_arroyo.npy,1024,768,35,cfdd8424e7087d24313de2547db2fc1fe4e865b882281d31a13de2586076bd0e,5f0df8dd00a900f0f83992c352e415174307d02098bf7fff105f560ca9d1de11,train
000320_10_arroyo,AW_0010,10,000320,random_crop_jitter,0,images/000320_10_arroyo.jpg,annotations/semantic/000320_10_arroyo.json,annotations/points/000320_10_arroyo.npy,1024,768,72,1d031a779e48f28d39a5215a61a72922c7c256cfea5327c500504219f06dc537,c2f8f380d4eb8c34730b1d56a1cb0785b021a510b437f9a35f4493c3607c79d4,train
000321_10_arroyo,AW_0010,10,000321,random_crop_jitter_flip,0,images/000321_10_arroyo.jpg,annotations/semantic/000321_10_arroyo.json,annotations/points/000321_10_arroyo.npy,1024,768,20,74555689cf16c923f6f23f39a00eedd7859d1518af85dfaadb94961fd5f82987,3e2396a636e9e6784de489aaa74efcf230a3fc3825681af4a63de4029425ec6e,train
000000_11_arroyo,AW_0011,11,000000,base,1,images/000000_11_arroyo.jpg,annotations/semantic/000000_11_arroyo.json,annotations/points/000000_11_arroyo.npy,1024,768,38,77186bbf475b739be3cfc83dc9efd5ec9af104289e60e66c1a222bafeadb4418,9aee41cd6c76b3b3aee2745810fc34ddfedaaa0cb51966bcc4cc21ad54cfa5aa,train
000001_11_arroyo,AW_0011,11,000001,horizontal_flip,0,images/000001_11_arroyo.jpg,annotations/semantic/000001_11_arroyo.json,annotations/points/000001_11_arroyo.npy,1024,768,38,d0e2fcb45fe5eaf6f28a7b0d7c1adb14e49ae34bbaf9ceb25afe75456e39bc9b,921e2d5ddefdd26330e456eca7f7280d24ba7edc25f40d0d31e6b47932984874,train
000020_11_arroyo,AW_0011,11,000020,color_jitter,0,images/000020_11_arroyo.jpg,annotations/semantic/000020_11_arroyo.json,annotations/points/000020_11_arroyo.npy,1024,768,38,22c96c484642de835fccaac84daed545ec5b5832d2a47e7ad17c54b8f7eaedff,9aee41cd6c76b3b3aee2745810fc34ddfedaaa0cb51966bcc4cc21ad54cfa5aa,train
000021_11_arroyo,AW_0011,11,000021,color_jitter_flip,0,images/000021_11_arroyo.jpg,annotations/semantic/000021_11_arroyo.json,annotations/points/000021_11_arroyo.npy,1024,768,38,5d64de6776c01a7836cae734972a6992e16132a3228426b2935ee16d6794860b,921e2d5ddefdd26330e456eca7f7280d24ba7edc25f40d0d31e6b47932984874,train
000300_11_arroyo,AW_0011,11,000300,random_crop_base,0,images/000300_11_arroyo.jpg,annotations/semantic/000300_11_arroyo.json,annotations/points/000300_11_arroyo.npy,1024,768,3,35b227005cf9c6c6e4759a42830441d899cbd2fb337f9980502b58f278935c08,f8516b64092613bebbe58be9cffb64f8fbeaee436184e588088233c8d16326a8,train
000301_11_arroyo,AW_0011,11,000301,random_crop_flip,0,images/000301_11_arroyo.jpg,annotations/semantic/000301_11_arroyo.json,annotations/points/000301_11_arroyo.npy,1024,768,10,363257dfa29b105121e3ba18c473c1ee676a269c0cb146bceeba79006bbb40b7,b906ae750b5e1dff7e0037aeafb92f410e20a2e74667a9248a6a60d0684c48f6,train
000320_11_arroyo,AW_0011,11,000320,random_crop_jitter,0,images/000320_11_arroyo.jpg,annotations/semantic/000320_11_arroyo.json,annotations/points/000320_11_arroyo.npy,1024,768,9,207bf493dca6b239003a1b317ed7b6e492e930939552db188ae05ba9797666c5,1f7f9f12a6932c0445f96d29bc926121f6431a35954aa8d498dbeb06671a4635,train
000321_11_arroyo,AW_0011,11,000321,random_crop_jitter_flip,0,images/000321_11_arroyo.jpg,annotations/semantic/000321_11_arroyo.json,annotations/points/000321_11_arroyo.npy,1024,768,1,03047ef5bb5bc18164a76deae130e00fe2429b9ecfdb16d0f9357bae0bdc2de5,8b3b0b9c5c5c936132f4a9c783e949b2d26e94a329d803c7226323671376bff7,train
000000_12_arroyo,AW_0012,12,000000,base,1,images/000000_12_arroyo.jpg,annotations/semantic/000000_12_arroyo.json,annotations/points/000000_12_arroyo.npy,1024,768,14,0d441ede266786e4b7e6f8c788f2b19ca94827fa361c76718690b44317f03f74,d26942c5236dafb6fc8d4ecaed0992cd45da43ea03524379e420a5c0710394ba,train
000001_12_arroyo,AW_0012,12,000001,horizontal_flip,0,images/000001_12_arroyo.jpg,annotations/semantic/000001_12_arroyo.json,annotations/points/000001_12_arroyo.npy,1024,768,14,d810f6093ecb297b852394bddb3b51fdcf08d71e422b43c000afd99b8292d8cc,98836c7f7578bccde27fa8906cb5bc503a07fba24dfe596401c85c7c889fe370,train
000020_12_arroyo,AW_0012,12,000020,color_jitter,0,images/000020_12_arroyo.jpg,annotations/semantic/000020_12_arroyo.json,annotations/points/000020_12_arroyo.npy,1024,768,14,281f83fd0162a5a60c39f648e010ff6c1cc849eb07ca3a16a2804f9fee7312a5,d26942c5236dafb6fc8d4ecaed0992cd45da43ea03524379e420a5c0710394ba,train
000021_12_arroyo,AW_0012,12,000021,color_jitter_flip,0,images/000021_12_arroyo.jpg,annotations/semantic/000021_12_arroyo.json,annotations/points/000021_12_arroyo.npy,1024,768,14,f3c7e233087f293347ec64f8a33f5d9952ff950f0773b031532db0a354f8e524,98836c7f7578bccde27fa8906cb5bc503a07fba24dfe596401c85c7c889fe370,train
000300_12_arroyo,AW_0012,12,000300,random_crop_base,0,images/000300_12_arroyo.jpg,annotations/semantic/000300_12_arroyo.json,annotations/points/000300_12_arroyo.npy,1024,768,2,5455ac346dba2e2eec56cd8e66ee44dbeb4849b65833d2005cfd05d43a7eab09,cc35136d8d9173c0dae51694f9430ee403551627ef988b7cbc933f16fd5529ac,train
000301_12_arroyo,AW_0012,12,000301,random_crop_flip,0,images/000301_12_arroyo.jpg,annotations/semantic/000301_12_arroyo.json,annotations/points/000301_12_arroyo.npy,1024,768,7,a27b735c4e5506d2e8c18d7b2f0261e9875618711c1e723314b344e716924b87,d174759bd36181dc08529a33eb57aad080af9330ca67652880cc6841ec54a116,train
000320_12_arroyo,AW_0012,12,000320,random_crop_jitter,0,images/000320_12_arroyo.jpg,annotations/semantic/000320_12_arroyo.json,annotations/points/000320_12_arroyo.npy,1024,768,0,f85f279571f89c7ff130d3316fe8d0eff9f6c36fb35d9351f0da4a58c56698b0,90f00d448fe2247088a956d58dbaaffa22b18e34646d789c64f8cff85e153216,train
000321_12_arroyo,AW_0012,12,000321,random_crop_jitter_flip,0,images/000321_12_arroyo.jpg,annotations/semantic/000321_12_arroyo.json,annotations/points/000321_12_arroyo.npy,1024,768,8,a1ff4eb11dcc0b31fd766013c6639c1e536829c5981581e78ac70f313d5c2abf,0c063a64248fb30a19c8095bc915c1d9d6794ebe4f52e47f9d4bad1f52c7c2a4,train
000000_13_arroyo,AW_0013,13,000000,base,1,images/000000_13_arroyo.jpg,annotations/semantic/000000_13_arroyo.json,annotations/points/000000_13_arroyo.npy,1024,768,193,bcc4c222a6e25ff936a66eb255c20018030b0f50f3dcd98e25c3662c32aed93b,e6cb9d6dab8327fc9aa99fef6fc4d919cc4a0b8a6dbf9ff1f9f8f503cfcc3705,train
000001_13_arroyo,AW_0013,13,000001,horizontal_flip,0,images/000001_13_arroyo.jpg,annotations/semantic/000001_13_arroyo.json,annotations/points/000001_13_arroyo.npy,1024,768,193,f47cae0cc1550e17b12db10fd63abdd8159d1baf20284275613bc13cfbdfcef1,39ad702be8b442d060db80446ef049508eea9ceab0705591bd9f0be5f920a2ee,train
000020_13_arroyo,AW_0013,13,000020,color_jitter,0,images/000020_13_arroyo.jpg,annotations/semantic/000020_13_arroyo.json,annotations/points/000020_13_arroyo.npy,1024,768,193,a167e5f81dc2478d732fbfdd80b5d8bf85780b2fa234acfca80e1cd90684b550,e6cb9d6dab8327fc9aa99fef6fc4d919cc4a0b8a6dbf9ff1f9f8f503cfcc3705,train
000021_13_arroyo,AW_0013,13,000021,color_jitter_flip,0,images/000021_13_arroyo.jpg,annotations/semantic/000021_13_arroyo.json,annotations/points/000021_13_arroyo.npy,1024,768,193,8232df6e458db1385d9cab40c8b3f7a6c65a73ec1b6afc0bb76a1f6075be8ddf,39ad702be8b442d060db80446ef049508eea9ceab0705591bd9f0be5f920a2ee,train
000300_13_arroyo,AW_0013,13,000300,random_crop_base,0,images/000300_13_arroyo.jpg,annotations/semantic/000300_13_arroyo.json,annotations/points/000300_13_arroyo.npy,1024,768,1,71de8ab52133b71f9402f5185fcdf186df08f1e3cbc5f55d3e565ebc4c7d158c,14d2cb05b8e702d70d5b3a7a75d2ed4487baad85bb6a77969d3b260ddf661e5c,train
000301_13_arroyo,AW_0013,13,000301,random_crop_flip,0,images/000301_13_arroyo.jpg,annotations/semantic/000301_13_arroyo.json,annotations/points/000301_13_arroyo.npy,1024,768,1,05f8d330896a51932a01b414096a08395fb9a87d698d4604e937e7119951c37e,ddcb32cbd86bb5523e1ae0ebd656d7b8e7735f029c98cf927a7438fded0ff164,train
000320_13_arroyo,AW_0013,13,000320,random_crop_jitter,0,images/000320_13_arroyo.jpg,annotations/semantic/000320_13_arroyo.json,annotations/points/000320_13_arroyo.npy,1024,768,76,3b8f63dd68a79257da760f097a08e891c2481786bd6992a7d2bb44ab4da9c98b,1316f3fe5535b3b82bd8040e502b6c40dc3137bfbcab46feec715e3d1be05106,train
000321_13_arroyo,AW_0013,13,000321,random_crop_jitter_flip,0,images/000321_13_arroyo.jpg,annotations/semantic/000321_13_arroyo.json,annotations/points/000321_13_arroyo.npy,1024,768,22,36b87bb681c1acf04983af54dcc4177aa272bcc014e0a34a6e054962086d50be,253b4f486b79ebb10c5d8cf511b00a68a4e9caf675af6644393e677d1fd24f5e,train
000000_14_arroyo,AW_0014,14,000000,base,1,images/000000_14_arroyo.jpg,annotations/semantic/000000_14_arroyo.json,annotations/points/000000_14_arroyo.npy,1024,768,151,3b4a711dad1a72a70e18c4b2d995e9b51c1aef3d0204e2fed51adb619ce0ccff,a405633a6094177e521f4c010603593a3f0979aa533a42f71d40edcfd1ea2dab,train
000001_14_arroyo,AW_0014,14,000001,horizontal_flip,0,images/000001_14_arroyo.jpg,annotations/semantic/000001_14_arroyo.json,annotations/points/000001_14_arroyo.npy,1024,768,151,d02cb00806dfccbfbfcae672e44fcf5e0a54a8adcc43b6bb45edb969c871a43d,e61d76bf977ae724869d1c88a4707eb43af67085f8f5bbb59e873ea61158c622,train
000020_14_arroyo,AW_0014,14,000020,color_jitter,0,images/000020_14_arroyo.jpg,annotations/semantic/000020_14_arroyo.json,annotations/points/000020_14_arroyo.npy,1024,768,151,046f6f7b51f3d8cf0292aaa5163d158904e76e2efa15ded147b358f4662eba1e,a405633a6094177e521f4c010603593a3f0979aa533a42f71d40edcfd1ea2dab,train
000021_14_arroyo,AW_0014,14,000021,color_jitter_flip,0,images/000021_14_arroyo.jpg,annotations/semantic/000021_14_arroyo.json,annotations/points/000021_14_arroyo.npy,1024,768,151,d2d41db751db46f562d62265f7a61d791f388ed5593f1d4370e1ea6470546e7f,e61d76bf977ae724869d1c88a4707eb43af67085f8f5bbb59e873ea61158c622,train
000300_14_arroyo,AW_0014,14,000300,random_crop_base,0,images/000300_14_arroyo.jpg,annotations/semantic/000300_14_arroyo.json,annotations/points/000300_14_arroyo.npy,1024,768,54,f897ffdf9472f5a5d5274e27795d7e37d90f641fa14f3912256caf3f06dfe0a8,9d8a6eaaec3d77f1171f28f3141165257b1fb4b23dec754de17b591a160d00d8,train
000301_14_arroyo,AW_0014,14,000301,random_crop_flip,0,images/000301_14_arroyo.jpg,annotations/semantic/000301_14_arroyo.json,annotations/points/000301_14_arroyo.npy,1024,768,6,3f72f058fdd5c8bd3183ee7942542ae1e528f98d400047ee054d2d2f59457611,9cfa58117aedd421adbb33ad379f84c7cbb9eb08febb3e6356f18feb2fef0e2c,train
000320_14_arroyo,AW_0014,14,000320,random_crop_jitter,0,images/000320_14_arroyo.jpg,annotations/semantic/000320_14_arroyo.json,annotations/points/000320_14_arroyo.npy,1024,768,49,be0f5de53394596cd0d4e167feca5635da0bb7c824a62c15d75b12b137f2751f,3a9e1193d5aaa3d60ba7dd8afd5c3d8442fac6fff13727e64d0e8114df542095,train
000321_14_arroyo,AW_0014,14,000321,random_crop_jitter_flip,0,images/000321_14_arroyo.jpg,annotations/semantic/000321_14_arroyo.json,annotations/points/000321_14_arroyo.npy,1024,768,5,8d8e79e4c938e2b1b3a1a5a8d7ec868565f0b4c2d8ee5edbc443cfd08f9776da,e0a1d6f8204fbae87dd9fb45290fd557944afdb4e2f72262763aed9187bb1ddf,train
000000_15_arroyo,AW_0015,15,000000,base,1,images/000000_15_arroyo.jpg,annotations/semantic/000000_15_arroyo.json,annotations/points/000000_15_arroyo.npy,1024,768,27,5070de95dcbd831e6bf9fcb274c5c86879b6ac2a6d5334434cfaeaa406b20464,56a26517be399f11624c386aa9356276c206faf66586b135bb36d77548d69ca1,train
000001_15_arroyo,AW_0015,15,000001,horizontal_flip,0,images/000001_15_arroyo.jpg,annotations/semantic/000001_15_arroyo.json,annotations/points/000001_15_arroyo.npy,1024,768,27,985591c00532ef61661c3affaf29b6c7658e7749001d5ec8add79cb95b003ea3,3563b8e4ee9eedec444191221c4e8f3efabafbe8261ff8652f03f95ac56715ec,train
000020_15_arroyo,AW_0015,15,000020,color_jitter,0,images/000020_15_arroyo.jpg,annotations/semantic/000020_15_arroyo.json,annotations/points/000020_15_arroyo.npy,1024,768,27,2f265622621ccf1f104bc166b6ebd9e12750ab12bc5356e70a53e20dd9a4a796,56a26517be399f11624c386aa9356276c206faf66586b135bb36d77548d69ca1,train
000021_15_arroyo,AW_0015,15,000021,color_jitter_flip,0,images/000021_15_arroyo.jpg,annotations/semantic/000021_15_arroyo.json,annotations/points/000021_15_arroyo.npy,1024,768,27,3af116cb7f54826317ad1956d3c543f9a0090a7e2ec97c459a811211a06b2ad0,3563b8e4ee9eedec444191221c4e8f3efabafbe8261ff8652f03f95ac56715ec,train
000300_15_arroyo,AW_0015,15,000300,random_crop_base,0,images/000300_15_arroyo.jpg,annotations/semantic/000300_15_arroyo.json,annotations/points/000300_15_arroyo.npy,1024,768,1,bc07765ed58a26b31816681de9fcfa0eb1950b50ed41affdcdb799a1c155acb1,7b32c44680b41de8ecdd29bb991d74664e4f5118bdd579a98ffb37a4c35c4359,train
000301_15_arroyo,AW_0015,15,000301,random_crop_flip,0,images/000301_15_arroyo.jpg,annotations/semantic/000301_15_arroyo.json,annotations/points/000301_15_arroyo.npy,1024,768,5,4fa0104ba1ea85f357f975949a7403f29714cabfdc40192ebb696cfdee1455bd,fc55e3fa9ea6090984a50265687cb26b4793c220fff74aab98343094c62613e1,train
000320_15_arroyo,AW_0015,15,000320,random_crop_jitter,0,images/000320_15_arroyo.jpg,annotations/semantic/000320_15_arroyo.json,annotations/points/000320_15_arroyo.npy,1024,768,6,e6e8ed496d446ad38021f1909a29a2b9ce33ceceab816846096cc52f5145d060,5befc2f1e3645e8105c3633e74c1fbf791b35a2c25bddc09b28e135c1a2668b1,train
000321_15_arroyo,AW_0015,15,000321,random_crop_jitter_flip,0,images/000321_15_arroyo.jpg,annotations/semantic/000321_15_arroyo.json,annotations/points/000321_15_arroyo.npy,1024,768,7,4b9be877bf4aeed03ee21fbd39b4c3a52be2956d226561491cab0d24bc9429c4,c3cfb17963108a6983588dbdaee45f03856b68f26d57c79b03e4679234e67ad2,train
000000_16_arroyo,AW_0016,16,000000,base,1,images/000000_16_arroyo.jpg,annotations/semantic/000000_16_arroyo.json,annotations/points/000000_16_arroyo.npy,1024,768,31,298b3e2698489c4e9bfbeb8db5dc4c2e29583631b0956c99ec722fe4e30ff411,aa624505f99d6af4ee65ce5efce156cd1c744336cb62e477d4741dcefc0b599e,train
000001_16_arroyo,AW_0016,16,000001,horizontal_flip,0,images/000001_16_arroyo.jpg,annotations/semantic/000001_16_arroyo.json,annotations/points/000001_16_arroyo.npy,1024,768,31,b7c2edbdcef47f148659a32173afa2a6c73dd8526f25ee136a74435d01b1972b,cd361677cffbb102f51ecfe4066fc29017284503a27a3292f3a354f4141f84d3,train
000020_16_arroyo,AW_0016,16,000020,color_jitter,0,images/000020_16_arroyo.jpg,annotations/semantic/000020_16_arroyo.json,annotations/points/000020_16_arroyo.npy,1024,768,31,82e06734ae2b0796fe47ee7961bcb91e9fb360a8bd31f094b91ff521d7145de8,aa624505f99d6af4ee65ce5efce156cd1c744336cb62e477d4741dcefc0b599e,train
000021_16_arroyo,AW_0016,16,000021,color_jitter_flip,0,images/000021_16_arroyo.jpg,annotations/semantic/000021_16_arroyo.json,annotations/points/000021_16_arroyo.npy,1024,768,31,768257353b2d4aed63f0f790178e067923853c9d1b65a84b805ade0c84a6fbc6,cd361677cffbb102f51ecfe4066fc29017284503a27a3292f3a354f4141f84d3,train
000300_16_arroyo,AW_0016,16,000300,random_crop_base,0,images/000300_16_arroyo.jpg,annotations/semantic/000300_16_arroyo.json,annotations/points/000300_16_arroyo.npy,1024,768,5,d12f18848c8163e81a1ab763243fc1a2fe1d9fe0dfd3bafdd76aeeeaaac8eff0,9fde1fd4b19da758cfd884ccf87537e0f90bfb7f224d67d2c743b641fc953cdd,train
000301_16_arroyo,AW_0016,16,000301,random_crop_flip,0,images/000301_16_arroyo.jpg,annotations/semantic/000301_16_arroyo.json,annotations/points/000301_16_arroyo.npy,1024,768,8,68a167551d5cfbf2d54b6e916467b556a14e3b8e04d7cc7e10a1f304145c5c60,ae3c26501154e977f9f2e0ad29148ff271abefed08b07f4023f5e4bb7a83d681,train
000320_16_arroyo,AW_0016,16,000320,random_crop_jitter,0,images/000320_16_arroyo.jpg,annotations/semantic/000320_16_arroyo.json,annotations/points/000320_16_arroyo.npy,1024,768,13,65194c8b598c32d52ac8d50f8c07109d5a166c50b502c218874d84288176d991,8b9cc049e589ad262b300f54fcb1aaaf74a1f46d9484512103b7dba9cf3e1f3e,train
000321_16_arroyo,AW_0016,16,000321,random_crop_jitter_flip,0,images/000321_16_arroyo.jpg,annotations/semantic/000321_16_arroyo.json,annotations/points/000321_16_arroyo.npy,1024,768,1,8bbc65e4c73d0744285022b852a875a6369e9d19f43b742e92f5dcdf259fd712,9b45bdfa3256ddeef577284e5511e73a23d0f205f7d17f0f45a02e321669de59,train
000000_17_arroyo,AW_0017,17,000000,base,1,images/000000_17_arroyo.jpg,annotations/semantic/000000_17_arroyo.json,annotations/points/000000_17_arroyo.npy,1024,768,91,35b13a3d3fcb7dc587e4206ea54461b4f58eee20f7bf1e14da8a9e59ef716126,c16396dd7ae0488b2c40d7e5fe81b506bbf33f9facbef449bf12dad818236896,val
000000_18_arroyo,AW_0018,18,000000,base,1,images/000000_18_arroyo.jpg,annotations/semantic/000000_18_arroyo.json,annotations/points/000000_18_arroyo.npy,1024,768,26,664d18ecfa9b52dc4e4e31daad861adbb69eca9ea26a29cc032d04a3d8d4870e,7d4892981758b77405518cc32fba774490634d4f15d6a248e5431da7d9ba8da4,train
000001_18_arroyo,AW_0018,18,000001,horizontal_flip,0,images/000001_18_arroyo.jpg,annotations/semantic/000001_18_arroyo.json,annotations/points/000001_18_arroyo.npy,1024,768,26,3f43027cccdd177f548eb03359f5f86ba77568f3fb5b0b835cbbc7ef07fd21e7,2cca4c824ef022fd048d847a92979087b15161f9bd05bdba2e5691e2141038f4,train
000020_18_arroyo,AW_0018,18,000020,color_jitter,0,images/000020_18_arroyo.jpg,annotations/semantic/000020_18_arroyo.json,annotations/points/000020_18_arroyo.npy,1024,768,26,19e06431072a34ea9d0edd6db2b5cfe262d76bcf26272d8dec9fe604edd777b8,7d4892981758b77405518cc32fba774490634d4f15d6a248e5431da7d9ba8da4,train
000021_18_arroyo,AW_0018,18,000021,color_jitter_flip,0,images/000021_18_arroyo.jpg,annotations/semantic/000021_18_arroyo.json,annotations/points/000021_18_arroyo.npy,1024,768,26,4e1570b8c839d215cf279771c9bfb1d1c8505298267b7c1ca41342b75f900fad,2cca4c824ef022fd048d847a92979087b15161f9bd05bdba2e5691e2141038f4,train
000300_18_arroyo,AW_0018,18,000300,random_crop_base,0,images/000300_18_arroyo.jpg,annotations/semantic/000300_18_arroyo.json,annotations/points/000300_18_arroyo.npy,1024,768,8,a1780856566483ab907be91568980c009ed66d19b1338fb2c10b3baec325c7a8,090ce440317c0fc46085e14f0e9c41a15b142d0780162f891402ea993ad9ff82,train
000301_18_arroyo,AW_0018,18,000301,random_crop_flip,0,images/000301_18_arroyo.jpg,annotations/semantic/000301_18_arroyo.json,annotations/points/000301_18_arroyo.npy,1024,768,0,e184e4b16618c6ce884c38527c372518a9df2b01da0327a3e386241c4f8de7de,90f00d448fe2247088a956d58dbaaffa22b18e34646d789c64f8cff85e153216,train
000320_18_arroyo,AW_0018,18,000320,random_crop_jitter,0,images/000320_18_arroyo.jpg,annotations/semantic/000320_18_arroyo.json,annotations/points/000320_18_arroyo.npy,1024,768,10,d6c84770e08d8d2036acb88acdb6cc8253339f7645635c8b9495f03d2d1fee65,dedb9a1274db6cd2ea17048775a785ce68d83b6f2e5cd0dc20cfd6660cfc4616,train
000321_18_arroyo,AW_0018,18,000321,random_crop_jitter_flip,0,images/000321_18_arroyo.jpg,annotations/semantic/000321_18_arroyo.json,annotations/points/000321_18_arroyo.npy,1024,768,17,c0987d6116281597ef27b024518acf112b5fb3814e19efa246e26f823145d948,6a6f82c119752acaaf6e6f0141d87f7d91d214a1a0a0012cd8832c6a871092b1,train
000000_19_arroyo,AW_0019,19,000000,base,1,images/000000_19_arroyo.jpg,annotations/semantic/000000_19_arroyo.json,annotations/points/000000_19_arroyo.npy,1024,768,50,8c9e83a12e8b9daaaff4990bc7733f77957c04970d4da160c9b1ece2398f3e92,35a29c1bf1d5deb29ceaa0a4ff5dcbf8e5be4250bc006739b0057c1f63180417,train
000001_19_arroyo,AW_0019,19,000001,horizontal_flip,0,images/000001_19_arroyo.jpg,annotations/semantic/000001_19_arroyo.json,annotations/points/000001_19_arroyo.npy,1024,768,50,9cb0cf6a7fc4e084db2ad4a6f8d77750ea7a2bbe641c4f12492b2e1b1d911ba3,e629770d2ac692d41d805a3ef4f37ccb02772e9e0b9a911dcd949790de4512bf,train
000020_19_arroyo,AW_0019,19,000020,color_jitter,0,images/000020_19_arroyo.jpg,annotations/semantic/000020_19_arroyo.json,annotations/points/000020_19_arroyo.npy,1024,768,50,1ee17457a5ee977f54b67c59d1399bbd356371ebfb05bc8ec833b88dd1291ae8,35a29c1bf1d5deb29ceaa0a4ff5dcbf8e5be4250bc006739b0057c1f63180417,train
000021_19_arroyo,AW_0019,19,000021,color_jitter_flip,0,images/000021_19_arroyo.jpg,annotations/semantic/000021_19_arroyo.json,annotations/points/000021_19_arroyo.npy,1024,768,50,75de591c2a39f524494d42b64e4f0c2b7d4c081a6750e6ea4f4cfa67d25cd316,e629770d2ac692d41d805a3ef4f37ccb02772e9e0b9a911dcd949790de4512bf,train
000300_19_arroyo,AW_0019,19,000300,random_crop_base,0,images/000300_19_arroyo.jpg,annotations/semantic/000300_19_arroyo.json,annotations/points/000300_19_arroyo.npy,1024,768,29,887153cd9fe46809c8e84cfb1b8a46a12f005c4942ffed96fc456990e89d6d8c,f7d14a99a92d8daea532a18ea3d14944c7eedb338a766294168c217236d52196,train
000301_19_arroyo,AW_0019,19,000301,random_crop_flip,0,images/000301_19_arroyo.jpg,annotations/semantic/000301_19_arroyo.json,annotations/points/000301_19_arroyo.npy,1024,768,33,6ea494ec5b9a9ab6fa48cdaeb076c1809eed037d4dc6614e3cf9be50b62fbed0,1d7bfed9d2165234acfe6928176b6bfaf742207b34c8f4f7cc68c5700d6f4693,train
000320_19_arroyo,AW_0019,19,000320,random_crop_jitter,0,images/000320_19_arroyo.jpg,annotations/semantic/000320_19_arroyo.json,annotations/points/000320_19_arroyo.npy,1024,768,31,0f9ba2b1d96c439d4d0cb851d600428fbc3bb8a7cfdb8827a5a5b7d3490dc6e8,f9bb1b64a1f8b9c393d7af7eb7e2a268ac5e8ceb3ee8d122540d2ced9210baf8,train
000321_19_arroyo,AW_0019,19,000321,random_crop_jitter_flip,0,images/000321_19_arroyo.jpg,annotations/semantic/000321_19_arroyo.json,annotations/points/000321_19_arroyo.npy,1024,768,26,b804a86ec8112ee7e9948f1d4430d13c01bf84417312dfcbc6059a918bd17766,28ffb926efd8fa01cbf6f810398987f634f720bc07c43fddcbd37a89c7fb14a0,train
000000_20_arroyo,AW_0020,20,000000,base,1,images/000000_20_arroyo.jpg,annotations/semantic/000000_20_arroyo.json,annotations/points/000000_20_arroyo.npy,1024,768,39,a374a7fd43a979c030d60280964c8e80642234a70b67efc94c5b08bd2884145e,f09a152be4b00263c3e39ecda410106bc9c6981bcb725f1531d22c0d15a169de,train
000001_20_arroyo,AW_0020,20,000001,horizontal_flip,0,images/000001_20_arroyo.jpg,annotations/semantic/000001_20_arroyo.json,annotations/points/000001_20_arroyo.npy,1024,768,39,bb5cd4dbd2fdf1800365904b26fe4fcd8a32c12ced297e9e0b5c83a0a363f90d,653f5b5a526d1be67226cf4818084918a7ffeb8ca8e2c9794c149676895778f2,train
000020_20_arroyo,AW_0020,20,000020,color_jitter,0,images/000020_20_arroyo.jpg,annotations/semantic/000020_20_arroyo.json,annotations/points/000020_20_arroyo.npy,1024,768,39,938cbba0531c40e686f1ccbc2c497770c194530b41dcfcd53b02740fa43762d3,f09a152be4b00263c3e39ecda410106bc9c6981bcb725f1531d22c0d15a169de,train
000021_20_arroyo,AW_0020,20,000021,color_jitter_flip,0,images/000021_20_arroyo.jpg,annotations/semantic/000021_20_arroyo.json,annotations/points/000021_20_arroyo.npy,1024,768,39,3c1eb7f58440d8ce86d824d77e43dc5e7553c8a6fe2e4f9edf23c99e76643014,653f5b5a526d1be67226cf4818084918a7ffeb8ca8e2c9794c149676895778f2,train
000300_20_arroyo,AW_0020,20,000300,random_crop_base,0,images/000300_20_arroyo.jpg,annotations/semantic/000300_20_arroyo.json,annotations/points/000300_20_arroyo.npy,1024,768,0,eaa31d849c44c5991cc90878416be9e0b3331a20311eca4e800be3a22ad90052,90f00d448fe2247088a956d58dbaaffa22b18e34646d789c64f8cff85e153216,train
000301_20_arroyo,AW_0020,20,000301,random_crop_flip,0,images/000301_20_arroyo.jpg,annotations/semantic/000301_20_arroyo.json,annotations/points/000301_20_arroyo.npy,1024,768,9,32b7761efeb5be36e187bf0617e9047c4e447f5125f1e505dba48368ffcf537a,c48df77d36bde15085aab9dfca2a253c41cfa65ede29235b173967e9cf5d46bb,train
000320_20_arroyo,AW_0020,20,000320,random_crop_jitter,0,images/000320_20_arroyo.jpg,annotations/semantic/000320_20_arroyo.json,annotations/points/000320_20_arroyo.npy,1024,768,0,90f9d0f4aa4f2b413f42e8696a658ef7b303eeaa84c432ea01381c4fffabeac2,90f00d448fe2247088a956d58dbaaffa22b18e34646d789c64f8cff85e153216,train
000321_20_arroyo,AW_0020,20,000321,random_crop_jitter_flip,0,images/000321_20_arroyo.jpg,annotations/semantic/000321_20_arroyo.json,annotations/points/000321_20_arroyo.npy,1024,768,0,4285f282674bba39fad94d6b163927dc9edaa3f3d9d44050743430e8d5629247,90f00d448fe2247088a956d58dbaaffa22b18e34646d789c64f8cff85e153216,train
000000_21_arroyo,AW_0021,21,000000,base,1,images/000000_21_arroyo.jpg,annotations/semantic/000000_21_arroyo.json,annotations/points/000000_21_arroyo.npy,1024,768,65,0067586e87c0a85780a3ba999e042ccca3eb381aff9175756c3f2427f2f2a366,1dba775ec7306d89701465a8c3b8ae13c8d1ad3330c79ce65013de90b1b77fd2,test
000000_22_arroyo,AW_0022,22,000000,base,1,images/000000_22_arroyo.jpg,annotations/semantic/000000_22_arroyo.json,annotations/points/000000_22_arroyo.npy,1024,768,39,973f9c4c1ef6b4584f16a14b9bed4d13f7f7af1cb085d0707b9ec66dd841bee2,cb6cada1398fe561ff8990dae32a783edfbc5763929fa8e7ec264c54ef33df9b,val
000000_23_arroyo,AW_0023,23,000000,base,1,images/000000_23_arroyo.jpg,annotations/semantic/000000_23_arroyo.json,annotations/points/000000_23_arroyo.npy,1024,768,34,3d4b67fab59f615e9945aa59e8e2d5dd2b905793f8148afca2748b2e037b9aa2,543b48d98a2f1aab1f97056809cc570914c9c7f8ef7715f5fd40a886d8a90fd3,val
000000_24_arroyo,AW_0024,24,000000,base,1,images/000000_24_arroyo.jpg,annotations/semantic/000000_24_arroyo.json,annotations/points/000000_24_arroyo.npy,1024,768,85,76cbae6e9db5f36c3a343a2a65787bd67f31c8e2407acd33f7fc4f088f3e410f,1645061e0783cfbf6788ba5ec443f6dd10856ec77de50de92e42951d912b5b81,test
000000_25_arroyo,AW_0025,25,000000,base,1,images/000000_25_arroyo.jpg,annotations/semantic/000000_25_arroyo.json,annotations/points/000000_25_arroyo.npy,1024,768,177,77e953f81d5aa256cb438d806ddac08f305a265dab53a5eea50518e477342d4b,a1f48066a4e1fab14b877ebedcbce76f2f487e2936348fce9117c5f4ba2dd951,train
000001_25_arroyo,AW_0025,25,000001,horizontal_flip,0,images/000001_25_arroyo.jpg,annotations/semantic/000001_25_arroyo.json,annotations/points/000001_25_arroyo.npy,1024,768,177,0f016ce8eae6072722ba32c227cc58f4bcc550f2a95f8ef3063eebddcabd2493,b9242b01a449de0adb0ca58f607704988859d3e232c507a3db1efaa806023815,train
000020_25_arroyo,AW_0025,25,000020,color_jitter,0,images/000020_25_arroyo.jpg,annotations/semantic/000020_25_arroyo.json,annotations/points/000020_25_arroyo.npy,1024,768,177,ba811c1ffc732e2631bc09a65a7510e0390374f597c929187498ec298ca5c027,a1f48066a4e1fab14b877ebedcbce76f2f487e2936348fce9117c5f4ba2dd951,train
000021_25_arroyo,AW_0025,25,000021,color_jitter_flip,0,images/000021_25_arroyo.jpg,annotations/semantic/000021_25_arroyo.json,annotations/points/000021_25_arroyo.npy,1024,768,177,1615d9e50784140b248caeec7ff53558d8791c98864fb5ec8b00c589e7991490,b9242b01a449de0adb0ca58f607704988859d3e232c507a3db1efaa806023815,train
000300_25_arroyo,AW_0025,25,000300,random_crop_base,0,images/000300_25_arroyo.jpg,annotations/semantic/000300_25_arroyo.json,annotations/points/000300_25_arroyo.npy,1024,768,17,4c3c2e3352a570c53a58475598e5977a972674441086df0b93c75c9f07c0e07b,0c186beb87b57c1785126b819c48625821c6a9553c2f989721f0953851e7af7c,train
000301_25_arroyo,AW_0025,25,000301,random_crop_flip,0,images/000301_25_arroyo.jpg,annotations/semantic/000301_25_arroyo.json,annotations/points/000301_25_arroyo.npy,1024,768,4,b7a297c4a73f0142963b343e735f748fd53a75c9aaf9c50424d1f0adcd59b6c9,5bc1f7f4a53764fd49716f9d8e83c0ca3d14b1b83b662ddfce9727e188de1d5e,train
000320_25_arroyo,AW_0025,25,000320,random_crop_jitter,0,images/000320_25_arroyo.jpg,annotations/semantic/000320_25_arroyo.json,annotations/points/000320_25_arroyo.npy,1024,768,11,f00b9f33b35e2c53e49df042a872d6e53ea158121ef94e277ff1f80a361f9448,f17f49d8be7407870143829f5fd97f9e0fd9fc313fce1ef013fa6c965bb45094,train
000321_25_arroyo,AW_0025,25,000321,random_crop_jitter_flip,0,images/000321_25_arroyo.jpg,annotations/semantic/000321_25_arroyo.json,annotations/points/000321_25_arroyo.npy,1024,768,3,f396d5cefdb12753dde084bb6ca505ffb12b083bef7ce6a091678370f1fcbc35,9aed6e742fdc2a0d48d59f9b7702365ca6e4a116f65f2aced8a8049e064043da,train
000000_26_arroyo,AW_0026,26,000000,base,1,images/000000_26_arroyo.jpg,annotations/semantic/000000_26_arroyo.json,annotations/points/000000_26_arroyo.npy,1024,768,7,836490dead5041743e0a4e35528bb13c4cc6ee36f9ff8bd2e87878b7dcbd4ab0,adb251dd7178d2c8c3e0f9e37b112ebb87ae2bb28e0c79650a907bf907586fe1,train
000001_26_arroyo,AW_0026,26,000001,horizontal_flip,0,images/000001_26_arroyo.jpg,annotations/semantic/000001_26_arroyo.json,annotations/points/000001_26_arroyo.npy,1024,768,7,99b047fe6bac357f72613d6ea321d7d6edf7d179f46f78864002965944ed9eaa,45c47f1cbb39d1f486a69273ae1a0bd67441edf52dd62e5bc1b50fe9b94da795,train
000020_26_arroyo,AW_0026,26,000020,color_jitter,0,images/000020_26_arroyo.jpg,annotations/semantic/000020_26_arroyo.json,annotations/points/000020_26_arroyo.npy,1024,768,7,09fb863f4e846f70914e76e352c9e1f4a939a5eba42de83ca30947a97dc3d919,adb251dd7178d2c8c3e0f9e37b112ebb87ae2bb28e0c79650a907bf907586fe1,train
000021_26_arroyo,AW_0026,26,000021,color_jitter_flip,0,images/000021_26_arroyo.jpg,annotations/semantic/000021_26_arroyo.json,annotations/points/000021_26_arroyo.npy,1024,768,7,3d75da888f85c4297eae05dcaff2242de8b41804a67cdd9d6bb35973a3e60a0c,45c47f1cbb39d1f486a69273ae1a0bd67441edf52dd62e5bc1b50fe9b94da795,train
000300_26_arroyo,AW_0026,26,000300,random_crop_base,0,images/000300_26_arroyo.jpg,annotations/semantic/000300_26_arroyo.json,annotations/points/000300_26_arroyo.npy,1024,768,0,a24ee119a1213f54cd8d4987a09e6822cda404e2c77dcdec5638ddde7c42c76d,90f00d448fe2247088a956d58dbaaffa22b18e34646d789c64f8cff85e153216,train
000301_26_arroyo,AW_0026,26,000301,random_crop_flip,0,images/000301_26_arroyo.jpg,annotations/semantic/000301_26_arroyo.json,annotations/points/000301_26_arroyo.npy,1024,768,0,bc2934317c08c875ed600d698df45f94d507cfc57d99ee9d32750b53da1507d5,90f00d448fe2247088a956d58dbaaffa22b18e34646d789c64f8cff85e153216,train
000320_26_arroyo,AW_0026,26,000320,random_crop_jitter,0,images/000320_26_arroyo.jpg,annotations/semantic/000320_26_arroyo.json,annotations/points/000320_26_arroyo.npy,1024,768,0,1e62ca7fc8d59cf98a4360263e9ebc4bca6d1adb846cac1056c6fdfa23e620fb,90f00d448fe2247088a956d58dbaaffa22b18e34646d789c64f8cff85e153216,train
000321_26_arroyo,AW_0026,26,000321,random_crop_jitter_flip,0,images/000321_26_arroyo.jpg,annotations/semantic/000321_26_arroyo.json,annotations/points/000321_26_arroyo.npy,1024,768,0,e4ac1c86fe969444e49d9d818c982575dc9ada9ac179b2cb286145f93ea8b973,90f00d448fe2247088a956d58dbaaffa22b18e34646d789c64f8cff85e153216,train
000000_27_arroyo,AW_0027,27,000000,base,1,images/000000_27_arroyo.jpg,annotations/semantic/000000_27_arroyo.json,annotations/points/000000_27_arroyo.npy,1024,768,3,8ae93bd095a08b751f3bed2473cc85479516f4f976719621d1c1c40d946d44bf,477df9deedce56bdea6bb90cd88d8644181f06c3d7865043bc4bde959e1ce8f6,train
000001_27_arroyo,AW_0027,27,000001,horizontal_flip,0,images/000001_27_arroyo.jpg,annotations/semantic/000001_27_arroyo.json,annotations/points/000001_27_arroyo.npy,1024,768,3,872377b87788746e5b87d94046cc6331d7806cf578d617d2bfb2f1c46fb4bb96,a6147f5812ae39c640c51696cc27ab85036abe231a62ccd0fe8db45d528479c3,train
000020_27_arroyo,AW_0027,27,000020,color_jitter,0,images/000020_27_arroyo.jpg,annotations/semantic/000020_27_arroyo.json,annotations/points/000020_27_arroyo.npy,1024,768,3,97ec5b21536723f8ff57faeb1c668486e6f70ffff98494ee01326244d13d7ea0,477df9deedce56bdea6bb90cd88d8644181f06c3d7865043bc4bde959e1ce8f6,train
000021_27_arroyo,AW_0027,27,000021,color_jitter_flip,0,images/000021_27_arroyo.jpg,annotations/semantic/000021_27_arroyo.json,annotations/points/000021_27_arroyo.npy,1024,768,3,9ca84b1025d1cee0e707f14eb15f82c5ec16cdc654de57771bcad4ba617420a5,a6147f5812ae39c640c51696cc27ab85036abe231a62ccd0fe8db45d528479c3,train
000300_27_arroyo,AW_0027,27,000300,random_crop_base,0,images/000300_27_arroyo.jpg,annotations/semantic/000300_27_arroyo.json,annotations/points/000300_27_arroyo.npy,1024,768,2,67e8b26f159e3f9f4886320400df907b0ed3d1cec2b5127c3978610c134acc99,8a5b0dca3acd4bbf479146fdd43a9fac682da1ec91ae4ef223e39238924ca6b3,train
000301_27_arroyo,AW_0027,27,000301,random_crop_flip,0,images/000301_27_arroyo.jpg,annotations/semantic/000301_27_arroyo.json,annotations/points/000301_27_arroyo.npy,1024,768,1,c4a82dba831fc4c03d2c27646c19aa79d4aa07869c39fe52bea0f1289ac6544d,523594101f11e3dc260f090b9465aa3536b2503b83f2755ce83d3e2adcf08d5c,train
000320_27_arroyo,AW_0027,27,000320,random_crop_jitter,0,images/000320_27_arroyo.jpg,annotations/semantic/000320_27_arroyo.json,annotations/points/000320_27_arroyo.npy,1024,768,0,9eedf76916531f74538ef822601700ee194a0e1006d6dc998721062be5ac4cc1,90f00d448fe2247088a956d58dbaaffa22b18e34646d789c64f8cff85e153216,train
000321_27_arroyo,AW_0027,27,000321,random_crop_jitter_flip,0,images/000321_27_arroyo.jpg,annotations/semantic/000321_27_arroyo.json,annotations/points/000321_27_arroyo.npy,1024,768,1,c3bbc84eca9edce32c0b717713c3a1313e27763e43b29cc6d59c9a82f672dea6,7cb62ae4aa466e6c9cf10c07482119de98d6ed7b031b2bb62e57414682281864,train
000000_29_arroyo,AW_0028,29,000000,base,1,images/000000_29_arroyo.jpg,annotations/semantic/000000_29_arroyo.json,annotations/points/000000_29_arroyo.npy,1024,768,85,fc67cf3eeec893e68e3af3058c76600f0ff502de9eed485a6f328817ed5b9dea,1d97124fde1c7013be8beee2f5d6ab33adfd969058b93ac2bf18bf17729a755d,train
000001_29_arroyo,AW_0028,29,000001,horizontal_flip,0,images/000001_29_arroyo.jpg,annotations/semantic/000001_29_arroyo.json,annotations/points/000001_29_arroyo.npy,1024,768,85,a7206d1bb7900380622aec0af29012da5c9c65ee37d53225ee82efd5bea91be2,444699368a6042924304df8a04e61fbd96dbf273a53bafc8bf78b6ea7f3e15a6,train
000020_29_arroyo,AW_0028,29,000020,color_jitter,0,images/000020_29_arroyo.jpg,annotations/semantic/000020_29_arroyo.json,annotations/points/000020_29_arroyo.npy,1024,768,85,699e828953356e586846d8b5b00595a9d1182a5cdae41c3ab6244b246ef0f4b7,1d97124fde1c7013be8beee2f5d6ab33adfd969058b93ac2bf18bf17729a755d,train
000021_29_arroyo,AW_0028,29,000021,color_jitter_flip,0,images/000021_29_arroyo.jpg,annotations/semantic/000021_29_arroyo.json,annotations/points/000021_29_arroyo.npy,1024,768,85,ad705a89247d73728b55a0c3826e7bfabe7b38384c3648ed12ba44cbed2ae226,444699368a6042924304df8a04e61fbd96dbf273a53bafc8bf78b6ea7f3e15a6,train
000300_29_arroyo,AW_0028,29,000300,random_crop_base,0,images/000300_29_arroyo.jpg,annotations/semantic/000300_29_arroyo.json,annotations/points/000300_29_arroyo.npy,1024,768,4,1d88b2ad3cadc0d90fd778ecc7b99244cc83cdcbc232ffe8ddf6bc103e917dd5,e60730e2481818bc43f0807b31ec8b8469a4710865fa9e3eb22181e0fc4588b3,train
000301_29_arroyo,AW_0028,29,000301,random_crop_flip,0,images/000301_29_arroyo.jpg,annotations/semantic/000301_29_arroyo.json,annotations/points/000301_29_arroyo.npy,1024,768,41,0a673bc4e243f232bc47c261fecefffba2553587fb97067a6750041b04e3497d,76ced72c4a5b834cc833b54e1193436e0f6d8b0c4fc38436eabb9c8fe8ad0924,train
000320_29_arroyo,AW_0028,29,000320,random_crop_jitter,0,images/000320_29_arroyo.jpg,annotations/semantic/000320_29_arroyo.json,annotations/points/000320_29_arroyo.npy,1024,768,4,4c88419ae5a4caa8e938798bbd1685c90c6458992aaa2d323b2c1c1444f1acc6,fe2c93850755e80c90e79af9cbae5d5c59a5497f1a99c58194b07fab3f0eedcd,train
000321_29_arroyo,AW_0028,29,000321,random_crop_jitter_flip,0,images/000321_29_arroyo.jpg,annotations/semantic/000321_29_arroyo.json,annotations/points/000321_29_arroyo.npy,1024,768,42,945b6262e086ac4d7c958696d96f979234fb6ca7b4f6d56c15966c67e20fb78f,bae74de90dd2e0e656bb6b623ba375b90f2b5b150f3ffe4b1ce5b8c1879267a8,train
000000_30_arroyo,AW_0029,30,000000,base,1,images/000000_30_arroyo.jpg,annotations/semantic/000000_30_arroyo.json,annotations/points/000000_30_arroyo.npy,1024,768,49,6c514245035f7cd98ab419fbb7e4f95315fbea859742ba53de44347ea1fc75ec,805bfb15c6499d706d48aa2ff49340fd6144d4db40611adef0971425d75c1e8e,train
000001_30_arroyo,AW_0029,30,000001,horizontal_flip,0,images/000001_30_arroyo.jpg,annotations/semantic/000001_30_arroyo.json,annotations/points/000001_30_arroyo.npy,1024,768,49,88b233466af831d21c34704a028c670b1bf8cb12fdff286de60185312ef06e9b,694e0c0822bf6bf8b1dd33f1ac5139e414d5c3492c265cf10ca2d16f279f5e2f,train
000020_30_arroyo,AW_0029,30,000020,color_jitter,0,images/000020_30_arroyo.jpg,annotations/semantic/000020_30_arroyo.json,annotations/points/000020_30_arroyo.npy,1024,768,49,64f3a053ef4b33ac7b2fae85fee935f635ca89a86033ebb2e1bcd7ade419efb1,805bfb15c6499d706d48aa2ff49340fd6144d4db40611adef0971425d75c1e8e,train
000021_30_arroyo,AW_0029,30,000021,color_jitter_flip,0,images/000021_30_arroyo.jpg,annotations/semantic/000021_30_arroyo.json,annotations/points/000021_30_arroyo.npy,1024,768,49,7e051410d2c8764b81765ebd5b6d5e2472236b2f0ba37ca152831df1e947c390,694e0c0822bf6bf8b1dd33f1ac5139e414d5c3492c265cf10ca2d16f279f5e2f,train
000300_30_arroyo,AW_0029,30,000300,random_crop_base,0,images/000300_30_arroyo.jpg,annotations/semantic/000300_30_arroyo.json,annotations/points/000300_30_arroyo.npy,1024,768,6,b3fd081d692e7bcb7c2511bcf39b0d46f06c207db799455605994712da6c3519,4f755a18357682a4affc452cc9f54214ccd55397ebdc141bad98f9950a464be8,train
000301_30_arroyo,AW_0029,30,000301,random_crop_flip,0,images/000301_30_arroyo.jpg,annotations/semantic/000301_30_arroyo.json,annotations/points/000301_30_arroyo.npy,1024,768,32,6f94caf77f258a6efd16321ef8d5dd117c78be445f79f8d798bf8988011d64af,b3a3077591f2f1c593c7896dad1221d853109453272e2a982e24d1e436ef977e,train
000320_30_arroyo,AW_0029,30,000320,random_crop_jitter,0,images/000320_30_arroyo.jpg,annotations/semantic/000320_30_arroyo.json,annotations/points/000320_30_arroyo.npy,1024,768,16,14eeb0b9c844c403573e8ddabfc79a7f624d8a36837e30853493b4cec0704a40,399df121ac275e78a80ef2a48b34fd408067b712edcf7b33f49ec918bb23b23a,train
000321_30_arroyo,AW_0029,30,000321,random_crop_jitter_flip,0,images/000321_30_arroyo.jpg,annotations/semantic/000321_30_arroyo.json,annotations/points/000321_30_arroyo.npy,1024,768,6,a290d56d788099909b6383241f241aaa6c79ef8fa1fb5ac184652b6f8a480cbc,7b05d1ea66eb53eac2c7fe8c92e506b6b658ade8c6772adc689e7d2ce0cfc8d0,train
000000_31_arroyo,AW_0030,31,000000,base,1,images/000000_31_arroyo.jpg,annotations/semantic/000000_31_arroyo.json,annotations/points/000000_31_arroyo.npy,1024,768,61,dad1b7b8cffda2f2149bfdf0ef7bff39503c4b02deaf1226d04a84ac5451757c,ef765c3ffef218279f25f0e97c7381b08a8eb5370fd823c019f4ee3c748b0392,train
000001_31_arroyo,AW_0030,31,000001,horizontal_flip,0,images/000001_31_arroyo.jpg,annotations/semantic/000001_31_arroyo.json,annotations/points/000001_31_arroyo.npy,1024,768,61,e8afa74a3c5392b1657637e4b237f23c1600dee6bf3ed766bdceb1e3b0994708,ae81326ac1f4a4e73a36d9667759186adc4cd14eb804c9790f76ccb01673ffc2,train
000020_31_arroyo,AW_0030,31,000020,color_jitter,0,images/000020_31_arroyo.jpg,annotations/semantic/000020_31_arroyo.json,annotations/points/000020_31_arroyo.npy,1024,768,61,b1d200d8d75bf5dad8ffbc0d13f81ae01961d9681e86f8626cbd35857a432823,ef765c3ffef218279f25f0e97c7381b08a8eb5370fd823c019f4ee3c748b0392,train
000021_31_arroyo,AW_0030,31,000021,color_jitter_flip,0,images/000021_31_arroyo.jpg,annotations/semantic/000021_31_arroyo.json,annotations/points/000021_31_arroyo.npy,1024,768,61,9a6d176592725aaa5239952e7161e9eab5c7ba028050d64ee4871afe55f868a4,ae81326ac1f4a4e73a36d9667759186adc4cd14eb804c9790f76ccb01673ffc2,train
000300_31_arroyo,AW_0030,31,000300,random_crop_base,0,images/000300_31_arroyo.jpg,annotations/semantic/000300_31_arroyo.json,annotations/points/000300_31_arroyo.npy,1024,768,10,03b911ea86f2d41b98bfe06a94f61e2a2edf3a897db9656ef2990cd1216f3cda,35fab14c01cf20c3e092d40e3517cd89b65e75dafedabb5fdcb493a69a2517b2,train
000301_31_arroyo,AW_0030,31,000301,random_crop_flip,0,images/000301_31_arroyo.jpg,annotations/semantic/000301_31_arroyo.json,annotations/points/000301_31_arroyo.npy,1024,768,13,7fdd720d6a72f99180942e2e1b7a8441eadd5ef893e9b1c12065b5e37cd01865,1b9a27590c704acff42abedcb046fffc3e05efa2c10c4848265eb4b88c6ca2e5,train
000320_31_arroyo,AW_0030,31,000320,random_crop_jitter,0,images/000320_31_arroyo.jpg,annotations/semantic/000320_31_arroyo.json,annotations/points/000320_31_arroyo.npy,1024,768,14,305540f94f1493c11d73bbcd38a8f1d90e33b7d8616d1c5823e74e23a847e542,eaea106e30cbf77f0207cca54239993a5ddea47d86c5b88587c57935195c2e2c,train
000321_31_arroyo,AW_0030,31,000321,random_crop_jitter_flip,0,images/000321_31_arroyo.jpg,annotations/semantic/000321_31_arroyo.json,annotations/points/000321_31_arroyo.npy,1024,768,18,104da65594c5d9fca7f4b0e45d16fe603e0a5425d3d6048d3457a12202ecd424,0b17733c8c84fcc8433300e3e782fbae9dd8c7ca0e04029cd1b9d2a0c1b3d790,train
000000_32_arroyo,AW_0031,32,000000,base,1,images/000000_32_arroyo.jpg,annotations/semantic/000000_32_arroyo.json,annotations/points/000000_32_arroyo.npy,1024,768,102,29b5720ac7613022b5f21b432b8f878e28730b90c70d9f347ba04971260a13a3,d5a1aa9872699ecf6d9f7957753eea10d9f1360a8b3de717e7aa1d4e2c7807b6,val
000000_33_arroyo,AW_0032,33,000000,base,1,images/000000_33_arroyo.jpg,annotations/semantic/000000_33_arroyo.json,annotations/points/000000_33_arroyo.npy,1024,768,67,d5beb13bc8a94dfce6cc98a8cf053cea23598fee194bbf893b661dfb67a9c87a,b78a015123adc2145903b93f5e00fb70c9038c68312929cc7486af0e37b2224e,val
000000_34_arroyo,AW_0033,34,000000,base,1,images/000000_34_arroyo.jpg,annotations/semantic/000000_34_arroyo.json,annotations/points/000000_34_arroyo.npy,1024,768,107,2fd570e1478ba6d4bc98911255be9cba300280e162f43be74f43eff997b6b187,afc885de735b4b121413842f186851d9eb1c859f580bef02558f3ebfb1237c3c,train
000001_34_arroyo,AW_0033,34,000001,horizontal_flip,0,images/000001_34_arroyo.jpg,annotations/semantic/000001_34_arroyo.json,annotations/points/000001_34_arroyo.npy,1024,768,107,4c6c239907ba8ce7e993edc39468cf56ae7d3d05a56b6d1ff38151c54cb730c7,8000ae6523bca73eb8cef9a8d7f0b1877ada9f3e1d8e1efbd5e4ce40cdad1a5a,train
000020_34_arroyo,AW_0033,34,000020,color_jitter,0,images/000020_34_arroyo.jpg,annotations/semantic/000020_34_arroyo.json,annotations/points/000020_34_arroyo.npy,1024,768,107,25d14aaac366d0a6af3eae6554256f455095951df36a959d305736208068d9ba,afc885de735b4b121413842f186851d9eb1c859f580bef02558f3ebfb1237c3c,train
000021_34_arroyo,AW_0033,34,000021,color_jitter_flip,0,images/000021_34_arroyo.jpg,annotations/semantic/000021_34_arroyo.json,annotations/points/000021_34_arroyo.npy,1024,768,107,2857bb4df265b4591defae64a1bdc694075502edfc666ca9804d64ae126eb85b,8000ae6523bca73eb8cef9a8d7f0b1877ada9f3e1d8e1efbd5e4ce40cdad1a5a,train
000300_34_arroyo,AW_0033,34,000300,random_crop_base,0,images/000300_34_arroyo.jpg,annotations/semantic/000300_34_arroyo.json,annotations/points/000300_34_arroyo.npy,1024,768,15,edc2d6e1a25616fe0f93e68d0de67cc0598d5223cf16f040ea1dfa7c98302ddb,2eb2facbb661373fe0b9c24c5b7bfb2e7b65b315850d05e650bb44a73cc370f5,train
000301_34_arroyo,AW_0033,34,000301,random_crop_flip,0,images/000301_34_arroyo.jpg,annotations/semantic/000301_34_arroyo.json,annotations/points/000301_34_arroyo.npy,1024,768,21,d41e9ac494eb9c67cafc2e9ec1bfa6eb45519f5f04749386b09486b18427f8cd,4f8fb64b25128ba288e7bfc6009c0d3ae915d0d8f4d97fe46fe18ae6916af41d,train
000320_34_arroyo,AW_0033,34,000320,random_crop_jitter,0,images/000320_34_arroyo.jpg,annotations/semantic/000320_34_arroyo.json,annotations/points/000320_34_arroyo.npy,1024,768,0,f5ccab7ad5c4119dbab215738476241fb353c51acf36323c2f880f021a9756bd,90f00d448fe2247088a956d58dbaaffa22b18e34646d789c64f8cff85e153216,train
000321_34_arroyo,AW_0033,34,000321,random_crop_jitter_flip,0,images/000321_34_arroyo.jpg,annotations/semantic/000321_34_arroyo.json,annotations/points/000321_34_arroyo.npy,1024,768,0,71d10483bc7170a27a4f9c3a88715ca7687bc1e64051054e7a2ce82d93e7a10c,90f00d448fe2247088a956d58dbaaffa22b18e34646d789c64f8cff85e153216,train
000000_35_arroyo,AW_0034,35,000000,base,1,images/000000_35_arroyo.jpg,annotations/semantic/000000_35_arroyo.json,annotations/points/000000_35_arroyo.npy,1024,768,67,0714dc67e4402ccd953ca7ba3b3ec27f5180f677b5e5d8c7ac62e571d6298bdb,4e8b9c1f744970776cdd44d7af6f046d160fa8457280d42d8c490c9a54922a4b,train
000001_35_arroyo,AW_0034,35,000001,horizontal_flip,0,images/000001_35_arroyo.jpg,annotations/semantic/000001_35_arroyo.json,annotations/points/000001_35_arroyo.npy,1024,768,67,ea1bb81877f107ea037fc411b14e6a7e1a7e98ab2801859134ceb81f2aec8a2c,bd550530d6de34844a97667b04c0808eaa5a57a9af2b0a3ba8386e1bdd440c70,train
000020_35_arroyo,AW_0034,35,000020,color_jitter,0,images/000020_35_arroyo.jpg,annotations/semantic/000020_35_arroyo.json,annotations/points/000020_35_arroyo.npy,1024,768,67,e1d545df4c4717aa9f40d4099f2a24cbdc6620b76534301b800b6aa9a8015586,4e8b9c1f744970776cdd44d7af6f046d160fa8457280d42d8c490c9a54922a4b,train
000021_35_arroyo,AW_0034,35,000021,color_jitter_flip,0,images/000021_35_arroyo.jpg,annotations/semantic/000021_35_arroyo.json,annotations/points/000021_35_arroyo.npy,1024,768,67,2818d22c5e785977fb16b129f616f3fc1c78e749030ac48eac929c121db00ff3,bd550530d6de34844a97667b04c0808eaa5a57a9af2b0a3ba8386e1bdd440c70,train
000300_35_arroyo,AW_0034,35,000300,random_crop_base,0,images/000300_35_arroyo.jpg,annotations/semantic/000300_35_arroyo.json,annotations/points/000300_35_arroyo.npy,1024,768,0,d41bcb301cb4cbfd93ca7249c379561df488593a74677fe56b5782578b338425,90f00d448fe2247088a956d58dbaaffa22b18e34646d789c64f8cff85e153216,train
000301_35_arroyo,AW_0034,35,000301,random_crop_flip,0,images/000301_35_arroyo.jpg,annotations/semantic/000301_35_arroyo.json,annotations/points/000301_35_arroyo.npy,1024,768,36,0f25ef69f205c262a7804706ee25d95558cb4f99fc5ab9082e132439aff100bf,007e4d4b5c63ca90005ea80610ed9e22843ca60d8ece5ebf9f00acfd0d56f507,train
000320_35_arroyo,AW_0034,35,000320,random_crop_jitter,0,images/000320_35_arroyo.jpg,annotations/semantic/000320_35_arroyo.json,annotations/points/000320_35_arroyo.npy,1024,768,1,049fba3e51f824768c4d9f7e7561cb97474f4468eb37111b3b60711075437934,d43b3fdbc5630bafbc6e4162d6b23280f900ab9947f8aae0737b3f5853ad0e3b,train
000321_35_arroyo,AW_0034,35,000321,random_crop_jitter_flip,0,images/000321_35_arroyo.jpg,annotations/semantic/000321_35_arroyo.json,annotations/points/000321_35_arroyo.npy,1024,768,2,007a400b2eabfaafb7a1cba6f3b2d7dcca22407cd77630efcdd49e775fdf2be5,75cd61da9c80b20c5e4fe340edf0fa557b88cbf4e1dfd69a2e6cee89e563b8b4,train
000000_36_arroyo,AW_0035,36,000000,base,1,images/000000_36_arroyo.jpg,annotations/semantic/000000_36_arroyo.json,annotations/points/000000_36_arroyo.npy,1024,768,66,48280cf42759d063530f1160e91b6bc7b08201e41623acc911be06434b45c56c,d113f2b0ce868924b1ab3ba58fbb840bc5b5fc58cec812913c4bdbd85899e7f6,train
000001_36_arroyo,AW_0035,36,000001,horizontal_flip,0,images/000001_36_arroyo.jpg,annotations/semantic/000001_36_arroyo.json,annotations/points/000001_36_arroyo.npy,1024,768,66,6489af47fb3f1dcaa44776f646369f3dd71c16cec5f646f30911b375d552ce25,454d83cf2aa6f99e1e55fae551c2fcf81cc1be56b3916e46ec0d8875eb3304e2,train
000020_36_arroyo,AW_0035,36,000020,color_jitter,0,images/000020_36_arroyo.jpg,annotations/semantic/000020_36_arroyo.json,annotations/points/000020_36_arroyo.npy,1024,768,66,ebff43039415eb049ee5a8ef98c260c418048b215bea6c5d0607c6ab9cfdcf5a,d113f2b0ce868924b1ab3ba58fbb840bc5b5fc58cec812913c4bdbd85899e7f6,train
000021_36_arroyo,AW_0035,36,000021,color_jitter_flip,0,images/000021_36_arroyo.jpg,annotations/semantic/000021_36_arroyo.json,annotations/points/000021_36_arroyo.npy,1024,768,66,d9c440bc64e095d6835b5e05c41ddcf01ade777a33b1e5251c0e7a499e06295e,454d83cf2aa6f99e1e55fae551c2fcf81cc1be56b3916e46ec0d8875eb3304e2,train
000300_36_arroyo,AW_0035,36,000300,random_crop_base,0,images/000300_36_arroyo.jpg,annotations/semantic/000300_36_arroyo.json,annotations/points/000300_36_arroyo.npy,1024,768,35,c05b45d810aa0d883044892ddfd407768f1fa01e3e844af7fc6ac0abc7c3577c,65b6f3b03cc221c0868e169a31a4cf93d57516c2f6744f4a8b1758589432b3bd,train
000301_36_arroyo,AW_0035,36,000301,random_crop_flip,0,images/000301_36_arroyo.jpg,annotations/semantic/000301_36_arroyo.json,annotations/points/000301_36_arroyo.npy,1024,768,34,ef4d60581242a5093782bc0063ef8f95bdef52e9ce6e6efe519648d81277449d,1747d749c7c4a6f13066f0957a203b6503f1666726551a59af7daf5be1c21507,train
000320_36_arroyo,AW_0035,36,000320,random_crop_jitter,0,images/000320_36_arroyo.jpg,annotations/semantic/000320_36_arroyo.json,annotations/points/000320_36_arroyo.npy,1024,768,30,e89621b8b65f450e560ef00d8014b2555d2fb79f9385332eff40ebb36a1fea8a,2c072dd5bf759826688e8d79f14abd353f29aa38104a925e93252c8c9b95336a,train
000321_36_arroyo,AW_0035,36,000321,random_crop_jitter_flip,0,images/000321_36_arroyo.jpg,annotations/semantic/000321_36_arroyo.json,annotations/points/000321_36_arroyo.npy,1024,768,29,2fe26947532ef905f8e0c901b964dba984e8147b698fadeffe89489a72012858,93cca09afa1b1965a40822bc0db860e52ef3bb806e2616bdd4ad5b85167ece7f,train
000000_37_arroyo,AW_0036,37,000000,base,1,images/000000_37_arroyo.jpg,annotations/semantic/000000_37_arroyo.json,annotations/points/000000_37_arroyo.npy,1024,768,86,d05aaf57d4a039f56b4c4941b97f34773f9fdfdb90ba3db557f9adfa150e068e,3aff737b39fcd66001b04967dca9c9bdd9ca0666da096666b27701f6c868dde4,train
000001_37_arroyo,AW_0036,37,000001,horizontal_flip,0,images/000001_37_arroyo.jpg,annotations/semantic/000001_37_arroyo.json,annotations/points/000001_37_arroyo.npy,1024,768,86,2928f306b0f559dc7d13fcb7efe2503d217950726569e17da860d9cdfd718288,e3f6189ea1d754ce8916d5627208b0ae97c776aca120b7d148b869f59899979d,train
000020_37_arroyo,AW_0036,37,000020,color_jitter,0,images/000020_37_arroyo.jpg,annotations/semantic/000020_37_arroyo.json,annotations/points/000020_37_arroyo.npy,1024,768,86,b98fe76cd01a240515b92c9df8ae61fc4d8a45e9ac9a75c279e1d534ff9188c4,3aff737b39fcd66001b04967dca9c9bdd9ca0666da096666b27701f6c868dde4,train
000021_37_arroyo,AW_0036,37,000021,color_jitter_flip,0,images/000021_37_arroyo.jpg,annotations/semantic/000021_37_arroyo.json,annotations/points/000021_37_arroyo.npy,1024,768,86,d64302340e56c85e18a79504c8b5c01583ee967dd34089ac3aa10334a8274fc2,e3f6189ea1d754ce8916d5627208b0ae97c776aca120b7d148b869f59899979d,train
000300_37_arroyo,AW_0036,37,000300,random_crop_base,0,images/000300_37_arroyo.jpg,annotations/semantic/000300_37_arroyo.json,annotations/points/000300_37_arroyo.npy,1024,768,44,b87f76ed82c66e3c232810317cce5963bd178c8bd68c00f1dff8a60e643af5f6,c43590831504449a986755b71cf4a27df43414da418a6d2efb2a70eba54f51fa,train
000301_37_arroyo,AW_0036,37,000301,random_crop_flip,0,images/000301_37_arroyo.jpg,annotations/semantic/000301_37_arroyo.json,annotations/points/000301_37_arroyo.npy,1024,768,32,e01eb058abae26080960d9b5ce020430924256be8ea101ba92692762178bf1a7,5388635f8e7ec1952c88296826edbd8f222e9c717f71fdfaf628ae8b5357f20d,train
000320_37_arroyo,AW_0036,37,000320,random_crop_jitter,0,images/000320_37_arroyo.jpg,annotations/semantic/000320_37_arroyo.json,annotations/points/000320_37_arroyo.npy,1024,768,0,a143106bb6000f63367f04093292f1013fb334f5347c50340f2631eac63626e2,90f00d448fe2247088a956d58dbaaffa22b18e34646d789c64f8cff85e153216,train
000321_37_arroyo,AW_0036,37,000321,random_crop_jitter_flip,0,images/000321_37_arroyo.jpg,annotations/semantic/000321_37_arroyo.json,annotations/points/000321_37_arroyo.npy,1024,768,0,2dadb3951cb54d70d60cdc3cb7c1970530d437a91ebb493ed28fa4e8d8ca1075,90f00d448fe2247088a956d58dbaaffa22b18e34646d789c64f8cff85e153216,train
000000_38_arroyo,AW_0037,38,000000,base,1,images/000000_38_arroyo.jpg,annotations/semantic/000000_38_arroyo.json,annotations/points/000000_38_arroyo.npy,1024,768,7,2fcf59a0666f01742004cebf9d1372f0c0b4caf349f248db4acbae82b18cf21b,a6dccdb430111e58772b98cdcd5164d9d6f27b366281e320cb6aaca1aa1b535d,train
000001_38_arroyo,AW_0037,38,000001,horizontal_flip,0,images/000001_38_arroyo.jpg,annotations/semantic/000001_38_arroyo.json,annotations/points/000001_38_arroyo.npy,1024,768,7,4847511319c255ea4c5e568a3edda1847284aa6595c49a0b2fa2d5274f0322a2,5d0157258b70c24fa70cec1cad274ee9daae9b6e34cbf34c7d16e9b19701909e,train
000020_38_arroyo,AW_0037,38,000020,color_jitter,0,images/000020_38_arroyo.jpg,annotations/semantic/000020_38_arroyo.json,annotations/points/000020_38_arroyo.npy,1024,768,7,7217c315ea1b1d52fcc79c9401a42b7ebba3433f92024bc160ec77c1e76b1e22,a6dccdb430111e58772b98cdcd5164d9d6f27b366281e320cb6aaca1aa1b535d,train
000021_38_arroyo,AW_0037,38,000021,color_jitter_flip,0,images/000021_38_arroyo.jpg,annotations/semantic/000021_38_arroyo.json,annotations/points/000021_38_arroyo.npy,1024,768,7,284c93dae0f774377d1baf95ea418af6cdd1c5e4a93a188fb49eaf56ba48f4a9,5d0157258b70c24fa70cec1cad274ee9daae9b6e34cbf34c7d16e9b19701909e,train
000300_38_arroyo,AW_0037,38,000300,random_crop_base,0,images/000300_38_arroyo.jpg,annotations/semantic/000300_38_arroyo.json,annotations/points/000300_38_arroyo.npy,1024,768,4,3ac21952f8f2873463c3a31eee485f3a850762c13610b8b1124d80f3bc288597,f4842baa89d33bf71eebd3db84cca864ba2fb3fd57e82a8fed0a9dd0b5549089,train
000301_38_arroyo,AW_0037,38,000301,random_crop_flip,0,images/000301_38_arroyo.jpg,annotations/semantic/000301_38_arroyo.json,annotations/points/000301_38_arroyo.npy,1024,768,1,af681cc8d338b4ff18cdc312698a3f987643f1a4cd05c6ed49d0c17f45a5ebba,5fa052434f07c3b97b77bf06b5b128b7f91b0a294df795bb0dfa60c61da9bcc6,train
000320_38_arroyo,AW_0037,38,000320,random_crop_jitter,0,images/000320_38_arroyo.jpg,annotations/semantic/000320_38_arroyo.json,annotations/points/000320_38_arroyo.npy,1024,768,1,7411b4dc2638200750fe1dec852c48b72d5079519cc4d4db40d904a4d4d711a8,f2513753a60316f2921965cfc8859b30edda28c0ac88d3ce05397d8aa03e1e0b,train
000321_38_arroyo,AW_0037,38,000321,random_crop_jitter_flip,0,images/000321_38_arroyo.jpg,annotations/semantic/000321_38_arroyo.json,annotations/points/000321_38_arroyo.npy,1024,768,1,a6e6c17c7f371b978b4dc35a04b8ea4857292f38c80cddf8bdf06a253408d19c,b2c938ba4472b8b477b0476aeaabce2ad9256c096c6b95c896fb80994250a9c1,train
000000_39_arroyo,AW_0038,39,000000,base,1,images/000000_39_arroyo.jpg,annotations/semantic/000000_39_arroyo.json,annotations/points/000000_39_arroyo.npy,1024,768,149,94f6bea5e3ff566c4b87dfd3555dc4be0455fb883f96c1420621cc53454ce95d,176539002725d25fb22cd2c0c1e0cace8ecb473cb83b4ae6083aaedff4e04c79,val
000000_40_arroyo,AW_0039,40,000000,base,1,images/000000_40_arroyo.jpg,annotations/semantic/000000_40_arroyo.json,annotations/points/000000_40_arroyo.npy,1024,768,15,c2504582cead9a5823408f2882d76e802b3012f2cb74b3d75f200b7edc1af913,614585f020526af467a754f6e885b9c1d68142de3a5015bb38685869b239f81e,train
000001_40_arroyo,AW_0039,40,000001,horizontal_flip,0,images/000001_40_arroyo.jpg,annotations/semantic/000001_40_arroyo.json,annotations/points/000001_40_arroyo.npy,1024,768,15,df16a502582ec098abc8262c161f13b7c68e5c58752b614f3b8aa97c55cf3bd4,4bcd310cb33ae5f3a60bc384bff061d3f1f2c644fdc3ba19159a61bcab7cf3e1,train
000020_40_arroyo,AW_0039,40,000020,color_jitter,0,images/000020_40_arroyo.jpg,annotations/semantic/000020_40_arroyo.json,annotations/points/000020_40_arroyo.npy,1024,768,15,6e28435bcbb0330f5e78f52beedcf7d9e74b32a8fb008f44f1043651c1a425bd,614585f020526af467a754f6e885b9c1d68142de3a5015bb38685869b239f81e,train
000021_40_arroyo,AW_0039,40,000021,color_jitter_flip,0,images/000021_40_arroyo.jpg,annotations/semantic/000021_40_arroyo.json,annotations/points/000021_40_arroyo.npy,1024,768,15,4b96a09f99b1d5cb9beea387b07c96e6a3c24258dd3a93bf83b892cbec9e7d09,4bcd310cb33ae5f3a60bc384bff061d3f1f2c644fdc3ba19159a61bcab7cf3e1,train
000300_40_arroyo,AW_0039,40,000300,random_crop_base,0,images/000300_40_arroyo.jpg,annotations/semantic/000300_40_arroyo.json,annotations/points/000300_40_arroyo.npy,1024,768,1,3a4f89b1f88053429f21523aaf27b740696f1ee3e1d8d138063644bc72a9fb56,673706da0c531b23fa12b5aa425f8473fe1dd95ed5f253dd2e204ba97dad5d36,train
000301_40_arroyo,AW_0039,40,000301,random_crop_flip,0,images/000301_40_arroyo.jpg,annotations/semantic/000301_40_arroyo.json,annotations/points/000301_40_arroyo.npy,1024,768,1,b14c766498c680fc8dc8ab0aeaac7551c666634529a7fc2bafa99fc9c1e29ae7,5696495ae7e0d2c6f94b91ac935810b0c7118e7ca09c0013adee43a0202225ee,train
000320_40_arroyo,AW_0039,40,000320,random_crop_jitter,0,images/000320_40_arroyo.jpg,annotations/semantic/000320_40_arroyo.json,annotations/points/000320_40_arroyo.npy,1024,768,0,330b12690661861f2f22f78a4f19e99101848d1351029dbfed5492a8388cf5b6,90f00d448fe2247088a956d58dbaaffa22b18e34646d789c64f8cff85e153216,train
000321_40_arroyo,AW_0039,40,000321,random_crop_jitter_flip,0,images/000321_40_arroyo.jpg,annotations/semantic/000321_40_arroyo.json,annotations/points/000321_40_arroyo.npy,1024,768,8,65162f9a093e6c8f34837f9216530bd2e63f9c91b34e0bfc99d118836d4193cc,515510a1fa0bf43b085b68889ff6b8f8acdca8e4fc5ddd040680f57d2ad18545,train
000000_41_arroyo,AW_0040,41,000000,base,1,images/000000_41_arroyo.jpg,annotations/semantic/000000_41_arroyo.json,annotations/points/000000_41_arroyo.npy,1024,768,47,e8c12474a9230568c8e24c1ea02ee3c5459dcb0ca4e31f587a37a908c6eaace1,489a5fc1ed9e858c61d66938eb02edff3ef28d4a614f10826d16c8e2de818d70,train
000001_41_arroyo,AW_0040,41,000001,horizontal_flip,0,images/000001_41_arroyo.jpg,annotations/semantic/000001_41_arroyo.json,annotations/points/000001_41_arroyo.npy,1024,768,47,0ad97cefbc26056f7dc4d033a7d2b9503343e034c813de3ba94782fd5b6c75c2,48551909b2bc14fe772a2de59510dccbe5f5d85c19306153cac5917eea6ca381,train
000020_41_arroyo,AW_0040,41,000020,color_jitter,0,images/000020_41_arroyo.jpg,annotations/semantic/000020_41_arroyo.json,annotations/points/000020_41_arroyo.npy,1024,768,47,b9e20e794c9f60c44bbbd3d7d5e4dfcf925f36b4f615ee76c8b36e511e25c609,489a5fc1ed9e858c61d66938eb02edff3ef28d4a614f10826d16c8e2de818d70,train
000021_41_arroyo,AW_0040,41,000021,color_jitter_flip,0,images/000021_41_arroyo.jpg,annotations/semantic/000021_41_arroyo.json,annotations/points/000021_41_arroyo.npy,1024,768,47,72f86518766a1a8d83abfe776fd93ce16d6ec6c5570b6e1ced0ba6c4a22d461d,48551909b2bc14fe772a2de59510dccbe5f5d85c19306153cac5917eea6ca381,train
000300_41_arroyo,AW_0040,41,000300,random_crop_base,0,images/000300_41_arroyo.jpg,annotations/semantic/000300_41_arroyo.json,annotations/points/000300_41_arroyo.npy,1024,768,21,ea999dab922fe7605544813df2e9c169ce39834e6eda0668e05c5b0ec358e560,f7ef45b69582bea5e43b1a865912730713d6e092dc2d4c8e8e6ace7ef58823ef,train
000301_41_arroyo,AW_0040,41,000301,random_crop_flip,0,images/000301_41_arroyo.jpg,annotations/semantic/000301_41_arroyo.json,annotations/points/000301_41_arroyo.npy,1024,768,0,0b2c8ff5238c7a95fe031a9142e4a5c9e8a0593dd73d8cb2e732ba5b46f6e7f0,90f00d448fe2247088a956d58dbaaffa22b18e34646d789c64f8cff85e153216,train
000320_41_arroyo,AW_0040,41,000320,random_crop_jitter,0,images/000320_41_arroyo.jpg,annotations/semantic/000320_41_arroyo.json,annotations/points/000320_41_arroyo.npy,1024,768,0,5af72a498ebedb1f9a9a99cbf87bc83d47c8e78aaaa5e15cd95042b2bcf6c769,90f00d448fe2247088a956d58dbaaffa22b18e34646d789c64f8cff85e153216,train
000321_41_arroyo,AW_0040,41,000321,random_crop_jitter_flip,0,images/000321_41_arroyo.jpg,annotations/semantic/000321_41_arroyo.json,annotations/points/000321_41_arroyo.npy,1024,768,22,80f3579ba13d4db390a7a96daa7b2f2c15bafe0255d0501ce28e81fc2b7951af,b5948190e2a543af2211b4d3140718a7272dc85b80df8223e68086f824f75ba1,train
000000_42_arroyo,AW_0041,42,000000,base,1,images/000000_42_arroyo.jpg,annotations/semantic/000000_42_arroyo.json,annotations/points/000000_42_arroyo.npy,1024,768,29,d5504849ffe0dc4766d5347d6fa4f63ba89a6891d871fb96cf367412a94c7cc1,e033cbb1fc38ecfe9f751085b80100991c6caf10b98acee2baa1cdbda8774248,test
000000_43_arroyo,AW_0042,43,000000,base,1,images/000000_43_arroyo.jpg,annotations/semantic/000000_43_arroyo.json,annotations/points/000000_43_arroyo.npy,1024,768,77,d6aaee384ef1a35a11c84c8d44309f4417ef295a28473dd2536ede2fdda9734f,0c2b78beb9fac58a2cc08866cd05384c9f24f90f941850432c911e7980451103,val
000000_44_arroyo,AW_0043,44,000000,base,1,images/000000_44_arroyo.jpg,annotations/semantic/000000_44_arroyo.json,annotations/points/000000_44_arroyo.npy,1024,768,20,4add3b9e67b7560cff04bb5e6bee54c08b3b520e649f18937510878b6523626c,92c7f752956616d09e541013316cf0f6c27ab67fcc6fd6818e218671cc8fbc4d,val
000000_45_arroyo,AW_0044,45,000000,base,1,images/000000_45_arroyo.jpg,annotations/semantic/000000_45_arroyo.json,annotations/points/000000_45_arroyo.npy,1024,768,2,0b51519eb0f02cd961833a3e38f36f42c41daeea2c3a0dd4b2a4d032bb8445eb,d524bdd2a0c52c9336a881bdb3dc47179b749dd3eefd9f2f234d01b8ec682339,val
000000_46_arroyo,AW_0045,46,000000,base,1,images/000000_46_arroyo.jpg,annotations/semantic/000000_46_arroyo.json,annotations/points/000000_46_arroyo.npy,1024,768,177,8882aff56afa2458cc34a2a9196a9c8caf784ea778e09306d9aa6e85fd27b516,5148a1dbd093773c95d221d0c78b2d0ce085c886ba66b1138df5255f773c6b08,train
000001_46_arroyo,AW_0045,46,000001,horizontal_flip,0,images/000001_46_arroyo.jpg,annotations/semantic/000001_46_arroyo.json,annotations/points/000001_46_arroyo.npy,1024,768,177,16038b56525ec08aa8047c6b9184f4bc7ab80c8e9fea3ec7da2cc841795b4305,318d5dea2cb1204672c8b9b117641b810b6386375ab0ef3224f5e1a8deb4b2e3,train
000020_46_arroyo,AW_0045,46,000020,color_jitter,0,images/000020_46_arroyo.jpg,annotations/semantic/000020_46_arroyo.json,annotations/points/000020_46_arroyo.npy,1024,768,177,97f19dd1f7710d86b9c9ea168d3930530a6b60ec36ce0827818216de4cd5c619,5148a1dbd093773c95d221d0c78b2d0ce085c886ba66b1138df5255f773c6b08,train
000021_46_arroyo,AW_0045,46,000021,color_jitter_flip,0,images/000021_46_arroyo.jpg,annotations/semantic/000021_46_arroyo.json,annotations/points/000021_46_arroyo.npy,1024,768,177,2e6fad8d1ec97203ccb5d1c24eb5f5fcffff3e6077a60404d6e98b02f1000df1,318d5dea2cb1204672c8b9b117641b810b6386375ab0ef3224f5e1a8deb4b2e3,train
000300_46_arroyo,AW_0045,46,000300,random_crop_base,0,images/000300_46_arroyo.jpg,annotations/semantic/000300_46_arroyo.json,annotations/points/000300_46_arroyo.npy,1024,768,53,59a66a516f0b577e6b434c30fdfe9c42ccbb812ef5bda4bbaceb2a7dfb38fbba,2b938c37c26e12d7ce419e0dd8bb3974b7a3c3153d63ad36300001fb64bb3ce8,train
000301_46_arroyo,AW_0045,46,000301,random_crop_flip,0,images/000301_46_arroyo.jpg,annotations/semantic/000301_46_arroyo.json,annotations/points/000301_46_arroyo.npy,1024,768,5,4ab0d0536161b29be924ea6d6b7d889344351897871d1531a602d47d3d381b94,3a4926dec9eb3fcde446625e01dd61524692af6f4376e48438179080b23e1355,train
000320_46_arroyo,AW_0045,46,000320,random_crop_jitter,0,images/000320_46_arroyo.jpg,annotations/semantic/000320_46_arroyo.json,annotations/points/000320_46_arroyo.npy,1024,768,5,bbad0b8094ec44c5460cbdda2b19b7a896dc7916908287807adccacf987c64b3,c57dde4d9e23bfd75f1a5db6cddc91745714c02b1a75957c4df36ac81715d989,train
000321_46_arroyo,AW_0045,46,000321,random_crop_jitter_flip,0,images/000321_46_arroyo.jpg,annotations/semantic/000321_46_arroyo.json,annotations/points/000321_46_arroyo.npy,1024,768,104,92c53361ffd3b196b9b3f48d4663489e5e155dbce27cbe63db48d303c0bb5add,9b7a9c9e34abd894ba7e767788062826058b372b9e4ac9a93f0d4261082da9d8,train
000000_47_arroyo,AW_0046,47,000000,base,1,images/000000_47_arroyo.jpg,annotations/semantic/000000_47_arroyo.json,annotations/points/000000_47_arroyo.npy,1024,768,303,1fa660730f3fcd5c4b5f6388dec18ce4963a9b26514528f20ccdf66f09dc95ff,bb3a8d49a578b77bf0446247934468c713490ef4f8f771d0a5327c4a5ea12a4d,train
000001_47_arroyo,AW_0046,47,000001,horizontal_flip,0,images/000001_47_arroyo.jpg,annotations/semantic/000001_47_arroyo.json,annotations/points/000001_47_arroyo.npy,1024,768,303,d5d4ceb586e01acbb3cd2efb42a68bf96709390e4b176bcd7bc9f301159b016a,9d4dfcf738b128637a3e7db67b21a0ae6592eedac9484a2a34695a97c614be54,train
000020_47_arroyo,AW_0046,47,000020,color_jitter,0,images/000020_47_arroyo.jpg,annotations/semantic/000020_47_arroyo.json,annotations/points/000020_47_arroyo.npy,1024,768,303,fe0a17fd751cb283059bf2fbecf4d538cc09292c7ed271b0688303c77fd6d7c2,bb3a8d49a578b77bf0446247934468c713490ef4f8f771d0a5327c4a5ea12a4d,train
000021_47_arroyo,AW_0046,47,000021,color_jitter_flip,0,images/000021_47_arroyo.jpg,annotations/semantic/000021_47_arroyo.json,annotations/points/000021_47_arroyo.npy,1024,768,303,bf68faaec5a727314074e964953d454945a5bd2b9884c2ea5994e5bf360d3a1d,9d4dfcf738b128637a3e7db67b21a0ae6592eedac9484a2a34695a97c614be54,train
000300_47_arroyo,AW_0046,47,000300,random_crop_base,0,images/000300_47_arroyo.jpg,annotations/semantic/000300_47_arroyo.json,annotations/points/000300_47_arroyo.npy,1024,768,18,39a590995d0750f521447cf81bd4bdaca382b129d89e6d195e6c1f1030fcb4fc,fb02ba68679aed8a1666e4a8917ff9a1523696829560d704986ece24ccb9f1d4,train
000301_47_arroyo,AW_0046,47,000301,random_crop_flip,0,images/000301_47_arroyo.jpg,annotations/semantic/000301_47_arroyo.json,annotations/points/000301_47_arroyo.npy,1024,768,170,342a083a137014e4b1ac5bec4ebf1da34d6e515a300427ae8aaf4c21e8ae8791,16fff8c41fb395c9febec999e15c8bfeebce46a3b92f1ff514e652623dc1f40c,train
000320_47_arroyo,AW_0046,47,000320,random_crop_jitter,0,images/000320_47_arroyo.jpg,annotations/semantic/000320_47_arroyo.json,annotations/points/000320_47_arroyo.npy,1024,768,14,b5894c0efa176dca64b901c622a562318da8942c9d754b0bbf83d239db2ff018,4a573cea24f05f5ab59e0e0b4dbdf67d78c2c4370bc6d55144ad95a8cbd9a8bf,train
000321_47_arroyo,AW_0046,47,000321,random_crop_jitter_flip,0,images/000321_47_arroyo.jpg,annotations/semantic/000321_47_arroyo.json,annotations/points/000321_47_arroyo.npy,1024,768,17,ad319bd21cf3558bfe03c8a242b080c870e321d463ae1c2512c35a0fe949a1b1,ff6f15171cbd9f20cda216ebfd183e75efe8ab7468f84021c83da8134c1a1e96,train
000000_48_arroyo,AW_0047,48,000000,base,1,images/000000_48_arroyo.jpg,annotations/semantic/000000_48_arroyo.json,annotations/points/000000_48_arroyo.npy,1024,768,150,099d0ec7fbe4038b19e12292384f8e2163bc826e8f540c692e3a3966bc6eaf7f,886f1052171dc2ee136069cb77040c9cee9f4e34952cc7b453004c005d1210e4,train
000001_48_arroyo,AW_0047,48,000001,horizontal_flip,0,images/000001_48_arroyo.jpg,annotations/semantic/000001_48_arroyo.json,annotations/points/000001_48_arroyo.npy,1024,768,150,126d328a0ebcb92844a13d692acdba0ae2cbf041c48705a7b96264bfe49f726a,46e7d9c5f99e6b0d2cda574ea37f75c7e3144d498e775c7f33be69c03d437904,train
000020_48_arroyo,AW_0047,48,000020,color_jitter,0,images/000020_48_arroyo.jpg,annotations/semantic/000020_48_arroyo.json,annotations/points/000020_48_arroyo.npy,1024,768,150,a199c3fe5447310d62f420c6600b09bd1a3c9a9d59d30b61d0c4ccdcb52ad585,886f1052171dc2ee136069cb77040c9cee9f4e34952cc7b453004c005d1210e4,train
000021_48_arroyo,AW_0047,48,000021,color_jitter_flip,0,images/000021_48_arroyo.jpg,annotations/semantic/000021_48_arroyo.json,annotations/points/000021_48_arroyo.npy,1024,768,150,2bc16a47fc240f45694030ebce471f27b588a056a810288ddcbd7a2c3d32dc08,46e7d9c5f99e6b0d2cda574ea37f75c7e3144d498e775c7f33be69c03d437904,train
000300_48_arroyo,AW_0047,48,000300,random_crop_base,0,images/000300_48_arroyo.jpg,annotations/semantic/000300_48_arroyo.json,annotations/points/000300_48_arroyo.npy,1024,768,44,3a0559016052119ae659c6818a295f460ed91aa0a9a3ab80e40012a1cfa9ce68,e88d4fe99a7dde8129a7ef2ae145f7f355a0ad5e409edd56e858178b56712cef,train
000301_48_arroyo,AW_0047,48,000301,random_crop_flip,0,images/000301_48_arroyo.jpg,annotations/semantic/000301_48_arroyo.json,annotations/points/000301_48_arroyo.npy,1024,768,4,e6fead00ebf842632b94e972fb506876a5ca84f2dd440ebc1f55b5090973b284,2d9fd65d3e0153a528b7300de16282c8d60e7ca22dc0a3354a42c6834a620bad,train
000320_48_arroyo,AW_0047,48,000320,random_crop_jitter,0,images/000320_48_arroyo.jpg,annotations/semantic/000320_48_arroyo.json,annotations/points/000320_48_arroyo.npy,1024,768,9,21e02801e8254b147efc0288926b4aa7a63e73bf44ca163f94779256ba927328,9e89412d1ec97be7923bc1805012ed27f9a6ec26d56c8f3ffde7fd3c44858c0f,train
000321_48_arroyo,AW_0047,48,000321,random_crop_jitter_flip,0,images/000321_48_arroyo.jpg,annotations/semantic/000321_48_arroyo.json,annotations/points/000321_48_arroyo.npy,1024,768,52,5b0d1122191acb5f21d124271eec379a08a4df93dbbb4c98bdc31052e10933d7,e3b2c0b7043ed5f425ef011bec2654dee7ac5fca3de5774cb45c8f1fecd685a4,train
000000_49_arroyo,AW_0048,49,000000,base,1,images/000000_49_arroyo.jpg,annotations/semantic/000000_49_arroyo.json,annotations/points/000000_49_arroyo.npy,1024,768,16,beb053c548554b5fc1588c79421446b48eb45ccfe93a23994776ead08ab2f5a1,354b8de4ff1df9435a7450d35ee3db5eab5524f2a22cd083ee369323bd2769ea,test
000000_50_arroyo,AW_0049,50,000000,base,1,images/000000_50_arroyo.jpg,annotations/semantic/000000_50_arroyo.json,annotations/points/000000_50_arroyo.npy,1024,768,67,d38ab867e9593763a002c3f980f3bb2c56b193781ccfb9c416029e755c30e97c,1160a4aae92fc35f6679e729abaea89ab36a580b752a4655aefd69a9e5b0019d,test
000000_51_arroyo,AW_0050,51,000000,base,1,images/000000_51_arroyo.jpg,annotations/semantic/000000_51_arroyo.json,annotations/points/000000_51_arroyo.npy,1024,768,83,3fae5b8668468e8186bb4d36d4c9929a963b38f9564dd4057784395bb791728a,7595a68c43456d98f6b5ad8c287c8ea0b102b267e888257e9bbd211f2ccd8371,train
000001_51_arroyo,AW_0050,51,000001,horizontal_flip,0,images/000001_51_arroyo.jpg,annotations/semantic/000001_51_arroyo.json,annotations/points/000001_51_arroyo.npy,1024,768,83,8e23d486f192b1e5059063602f8d4e859a61df9ba0dfc7fa4879f15520593c5f,6b947e936307779cbb2965b9c43198fe172e0c738f599ab208dd81c74276782d,train
000020_51_arroyo,AW_0050,51,000020,color_jitter,0,images/000020_51_arroyo.jpg,annotations/semantic/000020_51_arroyo.json,annotations/points/000020_51_arroyo.npy,1024,768,83,0a361ec83578d9a4bc4b64723ab13dd8741e0233758d990973edaa98451ee6d8,7595a68c43456d98f6b5ad8c287c8ea0b102b267e888257e9bbd211f2ccd8371,train
000021_51_arroyo,AW_0050,51,000021,color_jitter_flip,0,images/000021_51_arroyo.jpg,annotations/semantic/000021_51_arroyo.json,annotations/points/000021_51_arroyo.npy,1024,768,83,f4a440d74f38bc9c6f2316314225f7554ee35ce409dccf38f594c6487d1cb2ed,6b947e936307779cbb2965b9c43198fe172e0c738f599ab208dd81c74276782d,train
000300_51_arroyo,AW_0050,51,000300,random_crop_base,0,images/000300_51_arroyo.jpg,annotations/semantic/000300_51_arroyo.json,annotations/points/000300_51_arroyo.npy,1024,768,7,02a444eeace6a2d2de667c87b55bda743e0b2104655e2f3f3be79640901dca6e,91b7bff96ab5cc1197e8e56282bf6136aa8c9b4dea2f2076359a2b26fedb5521,train
000301_51_arroyo,AW_0050,51,000301,random_crop_flip,0,images/000301_51_arroyo.jpg,annotations/semantic/000301_51_arroyo.json,annotations/points/000301_51_arroyo.npy,1024,768,15,726a22736653068962dde7ea69208b444d92fbcf2818e9f2afb40537e259d7f3,3217d6f756dd436bc047e064f7fac43dea7c14893c80658f2774e33c8212fdc9,train
000320_51_arroyo,AW_0050,51,000320,random_crop_jitter,0,images/000320_51_arroyo.jpg,annotations/semantic/000320_51_arroyo.json,annotations/points/000320_51_arroyo.npy,1024,768,12,635e3216654c8b79723aa245cd0257c1f5aaa096b11862fd0f53cdfcb7c4e872,37d8f1fd5107cb00b21cbde79af704e5899303602a00448c3edb47e008f450a0,train
000321_51_arroyo,AW_0050,51,000321,random_crop_jitter_flip,0,images/000321_51_arroyo.jpg,annotations/semantic/000321_51_arroyo.json,annotations/points/000321_51_arroyo.npy,1024,768,4,ec9082a4d90272002da969ba02e2dee9ef9da048c0d46eb680e9fc2770799e29,ec7a94910d28f93b2afca6ea723fe3c654d8a1782082bcf9df8eb374236e7e32,train
000000_52_arroyo,AW_0051,52,000000,base,1,images/000000_52_arroyo.jpg,annotations/semantic/000000_52_arroyo.json,annotations/points/000000_52_arroyo.npy,1024,768,223,e1ad0da701ed59d54a4a4621896fab43db548dbe3306a347c175b855bf9b5bba,6184f8e7229e19f111d308b342819dc02c6340f9d5cb817fe8b09cd0d4c73148,train
000001_52_arroyo,AW_0051,52,000001,horizontal_flip,0,images/000001_52_arroyo.jpg,annotations/semantic/000001_52_arroyo.json,annotations/points/000001_52_arroyo.npy,1024,768,223,5718f139a2bd0b1ac0daed70ea43172e058a043f860488b4105705615870e414,c52128eed5fdbde7804d50b8705779ffd0719ecb26fe81c41cc5309f3b9d3140,train
000020_52_arroyo,AW_0051,52,000020,color_jitter,0,images/000020_52_arroyo.jpg,annotations/semantic/000020_52_arroyo.json,annotations/points/000020_52_arroyo.npy,1024,768,223,bc77f10d4e547e09391c020bc0ef2c701efe5f46f0e1cc88a9b21a4cb1af5727,6184f8e7229e19f111d308b342819dc02c6340f9d5cb817fe8b09cd0d4c73148,train
000021_52_arroyo,AW_0051,52,000021,color_jitter_flip,0,images/000021_52_arroyo.jpg,annotations/semantic/000021_52_arroyo.json,annotations/points/000021_52_arroyo.npy,1024,768,223,3898c9f5fcf7b13574fad3744b2599960b72a9408e9810f500b080a6c1b198f2,c52128eed5fdbde7804d50b8705779ffd0719ecb26fe81c41cc5309f3b9d3140,train
000300_52_arroyo,AW_0051,52,000300,random_crop_base,0,images/000300_52_arroyo.jpg,annotations/semantic/000300_52_arroyo.json,annotations/points/000300_52_arroyo.npy,1024,768,16,59a07def07e65c4786b99fd1616b14871491913e126ef41a984b1aa597a58de2,43735b529ad74418087a05ced82da815ca153478ee86440a96ae2f033a95c82d,train
000301_52_arroyo,AW_0051,52,000301,random_crop_flip,0,images/000301_52_arroyo.jpg,annotations/semantic/000301_52_arroyo.json,annotations/points/000301_52_arroyo.npy,1024,768,0,a12186887ab35d19f325fa3c7e7b116e03dff72f7ce2eb6ce104897c870ebc9b,90f00d448fe2247088a956d58dbaaffa22b18e34646d789c64f8cff85e153216,train
000320_52_arroyo,AW_0051,52,000320,random_crop_jitter,0,images/000320_52_arroyo.jpg,annotations/semantic/000320_52_arroyo.json,annotations/points/000320_52_arroyo.npy,1024,768,5,7d5f611b48658fa15ec56b274d204aad4a1bc8d12e81080109ec569141e90890,4bdd485732b3a9efa95dbda70f53ae0fd3ff17ff5038321c69faefb9c0b13f8d,train
000321_52_arroyo,AW_0051,52,000321,random_crop_jitter_flip,0,images/000321_52_arroyo.jpg,annotations/semantic/000321_52_arroyo.json,annotations/points/000321_52_arroyo.npy,1024,768,18,e1cd956a6962f01726c5104d741b027e8d90c7a23fc837a33cd63efba8db7e83,a6ff145214ca5c84a21cb6c797f5f65042e2856a8ad259386982b3168caeb3f1,train
000000_53_arroyo,AW_0052,53,000000,base,1,images/000000_53_arroyo.jpg,annotations/semantic/000000_53_arroyo.json,annotations/points/000000_53_arroyo.npy,1024,768,101,c561528884c8b664374e00fd3ba4267682ac73fa107b8775830734279ae01493,11f81f7a3b10779f419fbddab8f8fb8bdfa357e63661fe82e02302f151a2ab14,train
000001_53_arroyo,AW_0052,53,000001,horizontal_flip,0,images/000001_53_arroyo.jpg,annotations/semantic/000001_53_arroyo.json,annotations/points/000001_53_arroyo.npy,1024,768,101,79e35aa865d0bc02f3deee70a621bd6ed6c4a7e04a3d1a725b9af4d650c1f24c,d9eb51fd9bbac54a9bd85e044143f13150c47fbf0bb1a11790e9e476f0381ac5,train
000020_53_arroyo,AW_0052,53,000020,color_jitter,0,images/000020_53_arroyo.jpg,annotations/semantic/000020_53_arroyo.json,annotations/points/000020_53_arroyo.npy,1024,768,101,ceb03489ebdaf8fd8cffdfae21c0f0f47f7c1f157ce46251275f39ea6839975e,11f81f7a3b10779f419fbddab8f8fb8bdfa357e63661fe82e02302f151a2ab14,train
000021_53_arroyo,AW_0052,53,000021,color_jitter_flip,0,images/000021_53_arroyo.jpg,annotations/semantic/000021_53_arroyo.json,annotations/points/000021_53_arroyo.npy,1024,768,101,87b80030e7b39d7cc456db05939ad695d5af53ae07c9b92fa3e943edb8af6195,d9eb51fd9bbac54a9bd85e044143f13150c47fbf0bb1a11790e9e476f0381ac5,train
000300_53_arroyo,AW_0052,53,000300,random_crop_base,0,images/000300_53_arroyo.jpg,annotations/semantic/000300_53_arroyo.json,annotations/points/000300_53_arroyo.npy,1024,768,0,7a0c5edc1f4670f9b2d4ffb649b9c2fb98a8cfcd53090c5694c71ee79af4cb91,90f00d448fe2247088a956d58dbaaffa22b18e34646d789c64f8cff85e153216,train
000301_53_arroyo,AW_0052,53,000301,random_crop_flip,0,images/000301_53_arroyo.jpg,annotations/semantic/000301_53_arroyo.json,annotations/points/000301_53_arroyo.npy,1024,768,4,dcd442ab814850ba24270ce841ee3397872e421a385dde6c4aa2ad6818fec078,7c79b4ccf073702d081e40018953212d43fa369e10d8f05aa2cb836cbeab23f4,train
000320_53_arroyo,AW_0052,53,000320,random_crop_jitter,0,images/000320_53_arroyo.jpg,annotations/semantic/000320_53_arroyo.json,annotations/points/000320_53_arroyo.npy,1024,768,0,9c0a0b5a9059712336f9deb77be1e551df9935f9c0a865bcdf03d43fe1b700c2,90f00d448fe2247088a956d58dbaaffa22b18e34646d789c64f8cff85e153216,train
000321_53_arroyo,AW_0052,53,000321,random_crop_jitter_flip,0,images/000321_53_arroyo.jpg,annotations/semantic/000321_53_arroyo.json,annotations/points/000321_53_arroyo.npy,1024,768,6,2ca93fd3997394acfab30ca2de5a432a1f1df0cab917efde66919e69c81ac720,0166a7162b43829a899c554d76c2c57293610c4479dbfb628bc3a7630b30592d,train
000000_54_arroyo,AW_0053,54,000000,base,1,images/000000_54_arroyo.jpg,annotations/semantic/000000_54_arroyo.json,annotations/points/000000_54_arroyo.npy,1024,768,77,402c67181cf8187d16ca268edb4afb0c78d7696ca8385e6faf499895f5697b1e,bbf9879693eee4c0a3963b16f60c50c129e9c0fd3c5cbf18aaaad54adc30b4ea,train
000001_54_arroyo,AW_0053,54,000001,horizontal_flip,0,images/000001_54_arroyo.jpg,annotations/semantic/000001_54_arroyo.json,annotations/points/000001_54_arroyo.npy,1024,768,77,77165db5f9540b60bba8c639d44c6b8fbba7fb201229fc0ba866f0c460a1d1a5,e4d237e5765916fe61801a7fbbec67cab2a5bb03d931e180f01293fb7eb551e6,train
000020_54_arroyo,AW_0053,54,000020,color_jitter,0,images/000020_54_arroyo.jpg,annotations/semantic/000020_54_arroyo.json,annotations/points/000020_54_arroyo.npy,1024,768,77,ed4a69749ab8d3856cf7f283e478d538f07016e264c4ec9ddd099ea2afd7f0d4,bbf9879693eee4c0a3963b16f60c50c129e9c0fd3c5cbf18aaaad54adc30b4ea,train
000021_54_arroyo,AW_0053,54,000021,color_jitter_flip,0,images/000021_54_arroyo.jpg,annotations/semantic/000021_54_arroyo.json,annotations/points/000021_54_arroyo.npy,1024,768,77,08d6dd09c974bc8cb317dd02350a5f079d7464e699b74bf2ccb627bd91b8ca46,e4d237e5765916fe61801a7fbbec67cab2a5bb03d931e180f01293fb7eb551e6,train
000300_54_arroyo,AW_0053,54,000300,random_crop_base,0,images/000300_54_arroyo.jpg,annotations/semantic/000300_54_arroyo.json,annotations/points/000300_54_arroyo.npy,1024,768,14,f0b54b783aeb54d9082fe4e1a2ac6085dfdd4a31a300c1ac96d8c5d030b35547,542c568ee0d4793c5d10f55c5ec1ba1e07622f2ded4bdf6b9a0fea0b82b1ca87,train
000301_54_arroyo,AW_0053,54,000301,random_crop_flip,0,images/000301_54_arroyo.jpg,annotations/semantic/000301_54_arroyo.json,annotations/points/000301_54_arroyo.npy,1024,768,3,0136fa7788a7595ac2a09be66510ebdfd152d6e9a8e9df36dd5e05004cd7e07e,dc72b7225f9b65f57384a2b316d6434abd532ffc901a9ac480e4b0211b75b054,train
000320_54_arroyo,AW_0053,54,000320,random_crop_jitter,0,images/000320_54_arroyo.jpg,annotations/semantic/000320_54_arroyo.json,annotations/points/000320_54_arroyo.npy,1024,768,32,4d4778d283631065f2dcba041b6ec3f7a442651f41e82734f709f5907c7eacc3,c2a8a213098ed58c92baf4a77a626318cda23610e4aeafd9670f9b6655f4ae29,train
000321_54_arroyo,AW_0053,54,000321,random_crop_jitter_flip,0,images/000321_54_arroyo.jpg,annotations/semantic/000321_54_arroyo.json,annotations/points/000321_54_arroyo.npy,1024,768,1,9997f69fcbf9aebc49c448128d117a1301c893efb7650f6f2d6ba5628f6cfb53,49b6959e524131b94f8a828e928a79c1eaeb6f0294c7eb3589be29a897e1ca02,train
000000_55_arroyo,AW_0054,55,000000,base,1,images/000000_55_arroyo.jpg,annotations/semantic/000000_55_arroyo.json,annotations/points/000000_55_arroyo.npy,1024,768,66,e2c6d2861361742de1f5094360c69a5449076c3400c61aaf5ba16a6aca0c759f,0a54aa3717734c203c5ede1e7b25f11b39739ec3b6b01ed9bee54b7dc6321416,train
000001_55_arroyo,AW_0054,55,000001,horizontal_flip,0,images/000001_55_arroyo.jpg,annotations/semantic/000001_55_arroyo.json,annotations/points/000001_55_arroyo.npy,1024,768,66,5b7224f00908e25bed288d4196c1fc09c214f513c8cb1b971d8359b35681474e,34b85888bbe5bd6fb0bddb24c4b6336875da8032f96c8b7c807b41346c6f8b43,train
000020_55_arroyo,AW_0054,55,000020,color_jitter,0,images/000020_55_arroyo.jpg,annotations/semantic/000020_55_arroyo.json,annotations/points/000020_55_arroyo.npy,1024,768,66,4bf1b244a797469e7db7ceba934a4bb6e1cf3407a1cf32b5c328b15b15a051a4,0a54aa3717734c203c5ede1e7b25f11b39739ec3b6b01ed9bee54b7dc6321416,train
000021_55_arroyo,AW_0054,55,000021,color_jitter_flip,0,images/000021_55_arroyo.jpg,annotations/semantic/000021_55_arroyo.json,annotations/points/000021_55_arroyo.npy,1024,768,66,329f1836e2aa076a0674cd7145115b0bb2593f48504fdcb5c5f6fa61adf00035,34b85888bbe5bd6fb0bddb24c4b6336875da8032f96c8b7c807b41346c6f8b43,train
000300_55_arroyo,AW_0054,55,000300,random_crop_base,0,images/000300_55_arroyo.jpg,annotations/semantic/000300_55_arroyo.json,annotations/points/000300_55_arroyo.npy,1024,768,12,41c59b8598aa720a0b9a629b7969436f79e10cc96e0dd2b9304a5401cc1c39fc,2f805f7155725409b8a0c977dea469aa4d49ede2fefd2a06f01b44c2cc618201,train
000301_55_arroyo,AW_0054,55,000301,random_crop_flip,0,images/000301_55_arroyo.jpg,annotations/semantic/000301_55_arroyo.json,annotations/points/000301_55_arroyo.npy,1024,768,23,adb657f1dd577aad15644fb2415a06dc0e6884dae93f1cdb7636ec3da448ae02,3df6e4c113870260e86f0366651a26e2632b50d36bb93723f20c5fa971f44918,train
000320_55_arroyo,AW_0054,55,000320,random_crop_jitter,0,images/000320_55_arroyo.jpg,annotations/semantic/000320_55_arroyo.json,annotations/points/000320_55_arroyo.npy,1024,768,0,ddec8fdff831d42b497289b1f64406a51fca74758952331503df4db83130a821,90f00d448fe2247088a956d58dbaaffa22b18e34646d789c64f8cff85e153216,train
000321_55_arroyo,AW_0054,55,000321,random_crop_jitter_flip,0,images/000321_55_arroyo.jpg,annotations/semantic/000321_55_arroyo.json,annotations/points/000321_55_arroyo.npy,1024,768,0,61b7631c6520a5cb636a62d241fcd7ff14558c82daaca283541e7316357328e0,90f00d448fe2247088a956d58dbaaffa22b18e34646d789c64f8cff85e153216,train
000000_56_arroyo,AW_0055,56,000000,base,1,images/000000_56_arroyo.jpg,annotations/semantic/000000_56_arroyo.json,annotations/points/000000_56_arroyo.npy,1024,768,24,b82727053ef8b49096f9abbcaf61636d6e1358fa1d9a33fb87812ab6e31aef46,ec190a47787dcf025a7e39ca3af6116587eae2bdd612ea05fb5a73ae8de71691,train
000001_56_arroyo,AW_0055,56,000001,horizontal_flip,0,images/000001_56_arroyo.jpg,annotations/semantic/000001_56_arroyo.json,annotations/points/000001_56_arroyo.npy,1024,768,24,a2402a6f5b8387ed9a42bcc10499e91bb604cd186a840116b46c095bd1fb1dcf,af8522a32b815f2c11c5dbc4c3df91a902f62e068c12b5262077aa2a5fc88f7e,train
000020_56_arroyo,AW_0055,56,000020,color_jitter,0,images/000020_56_arroyo.jpg,annotations/semantic/000020_56_arroyo.json,annotations/points/000020_56_arroyo.npy,1024,768,24,5776f49ab91218650585686b0667518f87357507f6f3cae4dbe5dd9a536eed07,ec190a47787dcf025a7e39ca3af6116587eae2bdd612ea05fb5a73ae8de71691,train
000021_56_arroyo,AW_0055,56,000021,color_jitter_flip,0,images/000021_56_arroyo.jpg,annotations/semantic/000021_56_arroyo.json,annotations/points/000021_56_arroyo.npy,1024,768,24,d142ec4e8bfa557e6f0b19316d218fc163d34501b010a1834a4eda0982f5956f,af8522a32b815f2c11c5dbc4c3df91a902f62e068c12b5262077aa2a5fc88f7e,train
000300_56_arroyo,AW_0055,56,000300,random_crop_base,0,images/000300_56_arroyo.jpg,annotations/semantic/000300_56_arroyo.json,annotations/points/000300_56_arroyo.npy,1024,768,7,583725f33ea5c20f9c8d5e47951830eb2a210ea6831d445a8bd0430450fe8b1a,963d9a13937a15f33dd223a048b228dbdafe45f137a145006dc868024913e104,train
000301_56_arroyo,AW_0055,56,000301,random_crop_flip,0,images/000301_56_arroyo.jpg,annotations/semantic/000301_56_arroyo.json,annotations/points/000301_56_arroyo.npy,1024,768,8,304a2388b6d5eb41f30ee8baab1c872c08e696d863ab7f220ef2957590a2fd1c,37f0fa764f83f6c944e40d04bdd81372492d10f1e56a313d7740fe494429d385,train
000320_56_arroyo,AW_0055,56,000320,random_crop_jitter,0,images/000320_56_arroyo.jpg,annotations/semantic/000320_56_arroyo.json,annotations/points/000320_56_arroyo.npy,1024,768,3,217c97fca8080b598d30dba41859b06b834702fc67216d1cf18cd88cacc68e7a,b6b8b852015ebcaf60148f28e789b721ba7734ae2b13f1c7e6ebed6a562235eb,train
000321_56_arroyo,AW_0055,56,000321,random_crop_jitter_flip,0,images/000321_56_arroyo.jpg,annotations/semantic/000321_56_arroyo.json,annotations/points/000321_56_arroyo.npy,1024,768,8,f2ec5c25a645ee90f361349be39ac27c13dcaed59c9b5e352896587a7251bb6f,2a0ed8be0b3418204c444201e9521c8901d8af9e1cede3ec2abe1faf64bd7815,train
000000_57_arroyo,AW_0056,57,000000,base,1,images/000000_57_arroyo.jpg,annotations/semantic/000000_57_arroyo.json,annotations/points/000000_57_arroyo.npy,1024,768,87,0d10c8e9d5b9477b19e2b5496c09dd45cbb012e2848e73f52b99777345eebbe5,e0aeebbf96fa561e6c71f23ed2c0f5d3bb8493b6c4e129ee0adf4790b0bfe20a,train
000001_57_arroyo,AW_0056,57,000001,horizontal_flip,0,images/000001_57_arroyo.jpg,annotations/semantic/000001_57_arroyo.json,annotations/points/000001_57_arroyo.npy,1024,768,87,f59e08d09c4bfda976565a94a4a75608f8f6c047d85f0c5cba2fd124e9387da6,3e24b33394292d3fa0cf325176c2d7ebe23ab318e866a340156dfa4c47622af8,train
000020_57_arroyo,AW_0056,57,000020,color_jitter,0,images/000020_57_arroyo.jpg,annotations/semantic/000020_57_arroyo.json,annotations/points/000020_57_arroyo.npy,1024,768,87,1d1c9da86a0e7cc1be7f6639e90e9b119df9d9e8deca2b9e99e866301aa7c260,e0aeebbf96fa561e6c71f23ed2c0f5d3bb8493b6c4e129ee0adf4790b0bfe20a,train
000021_57_arroyo,AW_0056,57,000021,color_jitter_flip,0,images/000021_57_arroyo.jpg,annotations/semantic/000021_57_arroyo.json,annotations/points/000021_57_arroyo.npy,1024,768,87,0b8700c41e22d6bb5c6054e43d734907f4df96e142898590b9937efdca51835a,3e24b33394292d3fa0cf325176c2d7ebe23ab318e866a340156dfa4c47622af8,train
000300_57_arroyo,AW_0056,57,000300,random_crop_base,0,images/000300_57_arroyo.jpg,annotations/semantic/000300_57_arroyo.json,annotations/points/000300_57_arroyo.npy,1024,768,0,6d4ddcddc60704c4ec8dcf898d80bb3c659c39a34153d68e89bf16ee65cd3f6e,90f00d448fe2247088a956d58dbaaffa22b18e34646d789c64f8cff85e153216,train
000301_57_arroyo,AW_0056,57,000301,random_crop_flip,0,images/000301_57_arroyo.jpg,annotations/semantic/000301_57_arroyo.json,annotations/points/000301_57_arroyo.npy,1024,768,22,618e7ae5d04852fe3f14a89a75a1962161f7543664e5cb73af896f0ea213d6ac,3b965fc411d181ea48f4b099d05a1c4e789cb7774caffd3137647098a118622d,train
000320_57_arroyo,AW_0056,57,000320,random_crop_jitter,0,images/000320_57_arroyo.jpg,annotations/semantic/000320_57_arroyo.json,annotations/points/000320_57_arroyo.npy,1024,768,0,830be4a0848553dd1b7708e84de11a4045016e5893e54e0ad081a37a97e2898b,90f00d448fe2247088a956d58dbaaffa22b18e34646d789c64f8cff85e153216,train
000321_57_arroyo,AW_0056,57,000321,random_crop_jitter_flip,0,images/000321_57_arroyo.jpg,annotations/semantic/000321_57_arroyo.json,annotations/points/000321_57_arroyo.npy,1024,768,3,61b5d11742715faa1138c828d92a224fc31426e9cd039681cea66360b42c969b,bb849ec7cb5e0351a481b56b2fe23f57570e01ebc0f74cb7cbef186745034229,train
000000_58_arroyo,AW_0057,58,000000,base,1,images/000000_58_arroyo.jpg,annotations/semantic/000000_58_arroyo.json,annotations/points/000000_58_arroyo.npy,1024,768,96,48baecd2c2d52f9c6261ae61389f2e60dd1844e35a1dea28be3859268ad50140,d632370aab260ca2e04df2d87ae24ae7c83bdd0afc9069d1fe7da46d79078c6d,train
000001_58_arroyo,AW_0057,58,000001,horizontal_flip,0,images/000001_58_arroyo.jpg,annotations/semantic/000001_58_arroyo.json,annotations/points/000001_58_arroyo.npy,1024,768,96,0301b2265cacd243ad6788c5aac8866d72812d2adcb622ddb1d4c8e5b348e0f1,cc3bdc39d683a27d508ed221bef1eab0e71bca845bf3d5996e6c695167f010e4,train
000020_58_arroyo,AW_0057,58,000020,color_jitter,0,images/000020_58_arroyo.jpg,annotations/semantic/000020_58_arroyo.json,annotations/points/000020_58_arroyo.npy,1024,768,96,93cd7775d31d376a158ab55cf9660652be3d2f498f2983c3cca37976510812f5,d632370aab260ca2e04df2d87ae24ae7c83bdd0afc9069d1fe7da46d79078c6d,train
000021_58_arroyo,AW_0057,58,000021,color_jitter_flip,0,images/000021_58_arroyo.jpg,annotations/semantic/000021_58_arroyo.json,annotations/points/000021_58_arroyo.npy,1024,768,96,b2a2e4ceb5b3d41a85daf53a52e3c8e0721b1b900fdf150bf606dd11f88c9f14,cc3bdc39d683a27d508ed221bef1eab0e71bca845bf3d5996e6c695167f010e4,train
000300_58_arroyo,AW_0057,58,000300,random_crop_base,0,images/000300_58_arroyo.jpg,annotations/semantic/000300_58_arroyo.json,annotations/points/000300_58_arroyo.npy,1024,768,4,d5d6f0fb1f428dac7d69504742ad6d7b8f59d509de552c9ece12bca4252e7ee7,1acc1e392f05964cc4b90e822fec63dafb4adfea6760f34041f1b89b307cf62d,train
000301_58_arroyo,AW_0057,58,000301,random_crop_flip,0,images/000301_58_arroyo.jpg,annotations/semantic/000301_58_arroyo.json,annotations/points/000301_58_arroyo.npy,1024,768,3,bca41a4800d2db7e5013f1c8403147356616f985a85e314048c7866b175b5a55,be97c1478a0ac0b7aa0df53befb7444f1d18fd933629b3230c1bf65034b6ac42,train
000320_58_arroyo,AW_0057,58,000320,random_crop_jitter,0,images/000320_58_arroyo.jpg,annotations/semantic/000320_58_arroyo.json,annotations/points/000320_58_arroyo.npy,1024,768,43,ae4a749dfe1a23a149eea258899bdcde6323bfd183c3c575b465b3290a20b66b,db407d46c3e713e883def596909b514dd0cf1349ff19c79ab5654ad078bdbc03,train
000321_58_arroyo,AW_0057,58,000321,random_crop_jitter_flip,0,images/000321_58_arroyo.jpg,annotations/semantic/000321_58_arroyo.json,annotations/points/000321_58_arroyo.npy,1024,768,11,e254038535cabf2df8867931b6e583bc45a16f243e1ea68bccb870acb7bf65b8,3ed25371eb837c874ce8dc1b3c56342a6a2edd7f5a66ae79f55a63cdf8fb0013,train
000000_59_arroyo,AW_0058,59,000000,base,1,images/000000_59_arroyo.jpg,annotations/semantic/000000_59_arroyo.json,annotations/points/000000_59_arroyo.npy,1024,768,133,ddac519142c460cb637719a323c9271217f18560eec3e456142efd6244340d66,9ed2c7dd2bdcccc23c93b54f4a235818254304a270ea3dfd9294f3a9ce32605d,train
000001_59_arroyo,AW_0058,59,000001,horizontal_flip,0,images/000001_59_arroyo.jpg,annotations/semantic/000001_59_arroyo.json,annotations/points/000001_59_arroyo.npy,1024,768,133,d774366f8ded924df70eeb1dc822bb8cb6e2513078ebdf9639aa122de17a5434,bb66820cefc9e4397ca8d199ab6b338196b51e63793f6687a8f4f24ce6dc9ba1,train
000020_59_arroyo,AW_0058,59,000020,color_jitter,0,images/000020_59_arroyo.jpg,annotations/semantic/000020_59_arroyo.json,annotations/points/000020_59_arroyo.npy,1024,768,133,1835e25ccc31bee2677c9d358fcae44e4859f7a46f6c09e25c3f6aa451d9f14a,9ed2c7dd2bdcccc23c93b54f4a235818254304a270ea3dfd9294f3a9ce32605d,train
000021_59_arroyo,AW_0058,59,000021,color_jitter_flip,0,images/000021_59_arroyo.jpg,annotations/semantic/000021_59_arroyo.json,annotations/points/000021_59_arroyo.npy,1024,768,133,1bc6f8590afca567bc261137f9815c69743a4627a4186da08900b1dfd57e071b,bb66820cefc9e4397ca8d199ab6b338196b51e63793f6687a8f4f24ce6dc9ba1,train
000300_59_arroyo,AW_0058,59,000300,random_crop_base,0,images/000300_59_arroyo.jpg,annotations/semantic/000300_59_arroyo.json,annotations/points/000300_59_arroyo.npy,1024,768,17,2cd668b6ec58b879c64ade7eeda9a91599d0e0163865c607a5edf1c1199c81a5,10a133c4ebaadf6e43eac9ee19e4ecf808294b43ee8a3b611f72ef852cb4f2cf,train
000301_59_arroyo,AW_0058,59,000301,random_crop_flip,0,images/000301_59_arroyo.jpg,annotations/semantic/000301_59_arroyo.json,annotations/points/000301_59_arroyo.npy,1024,768,19,a90ebcde923afc5e9803f88644a53eb280b9fc776220dae23505b9d79c039727,79b5c4b0036ccded2d7940e48c2821b7df048393081817e601b3ddbca81095d3,train
000320_59_arroyo,AW_0058,59,000320,random_crop_jitter,0,images/000320_59_arroyo.jpg,annotations/semantic/000320_59_arroyo.json,annotations/points/000320_59_arroyo.npy,1024,768,41,615fb793df293305e8413a12f07d2f349750f8ebe83d58fb7c144687c2224cfb,0cbdb9365e9d53ddfed10bce9113e51c0363a8f60d00334b952e0f437a5634cb,train
000321_59_arroyo,AW_0058,59,000321,random_crop_jitter_flip,0,images/000321_59_arroyo.jpg,annotations/semantic/000321_59_arroyo.json,annotations/points/000321_59_arroyo.npy,1024,768,15,19a9810064727edce68b69166299281c44b90f1764872ebc66197200003c3837,5087e0f19a0714a48b778f552a24162a1f443c30a0d98c872e9308d85d0b8feb,train
000000_60_arroyo,AW_0059,60,000000,base,1,images/000000_60_arroyo.jpg,annotations/semantic/000000_60_arroyo.json,annotations/points/000000_60_arroyo.npy,1024,768,14,dd30b84092c69978d37018748688cd3548e116a5474377230adf4bcc14d14d90,acb821ba215d74602296352733e017e03e2344bee003b270ac074fef5c9e3edc,test
000000_61_arroyo,AW_0060,61,000000,base,1,images/000000_61_arroyo.jpg,annotations/semantic/000000_61_arroyo.json,annotations/points/000000_61_arroyo.npy,1024,768,19,5464b8818890277eaf36a0a393a20c59924e27c7074df47d5ebec736efd83696,8dfb2518b182308169902ca92d7dcdf724014708e11087c5d19e081b0fd375eb,train
000001_61_arroyo,AW_0060,61,000001,horizontal_flip,0,images/000001_61_arroyo.jpg,annotations/semantic/000001_61_arroyo.json,annotations/points/000001_61_arroyo.npy,1024,768,19,f1bacf6521b3b163ef11dec13c7f7cd7fcee29a4f9ce33995f845b24a99e6f72,0a1dc9755d31041820eabe155b283511f52879ee02fe2e909fd7620dbf0a14db,train
000020_61_arroyo,AW_0060,61,000020,color_jitter,0,images/000020_61_arroyo.jpg,annotations/semantic/000020_61_arroyo.json,annotations/points/000020_61_arroyo.npy,1024,768,19,fcedfd1fb80ca22ae1851a62c64ad2124a6c6a38afc0fa64a2978673ccad1027,8dfb2518b182308169902ca92d7dcdf724014708e11087c5d19e081b0fd375eb,train
000021_61_arroyo,AW_0060,61,000021,color_jitter_flip,0,images/000021_61_arroyo.jpg,annotations/semantic/000021_61_arroyo.json,annotations/points/000021_61_arroyo.npy,1024,768,19,922b09f9a22211e78c289993a4b3166b738ab521aad8a48624ed0ed5112d50a0,0a1dc9755d31041820eabe155b283511f52879ee02fe2e909fd7620dbf0a14db,train
000300_61_arroyo,AW_0060,61,000300,random_crop_base,0,images/000300_61_arroyo.jpg,annotations/semantic/000300_61_arroyo.json,annotations/points/000300_61_arroyo.npy,1024,768,0,03dffe2532f832bdc8a081c49674a7376b2508c963043c8d6c10085462d2e2cd,90f00d448fe2247088a956d58dbaaffa22b18e34646d789c64f8cff85e153216,train
000301_61_arroyo,AW_0060,61,000301,random_crop_flip,0,images/000301_61_arroyo.jpg,annotations/semantic/000301_61_arroyo.json,annotations/points/000301_61_arroyo.npy,1024,768,0,436c3e69ce2ae684e8b65501a07ebbd4a2555b27827585012c58a64bfb113d2b,90f00d448fe2247088a956d58dbaaffa22b18e34646d789c64f8cff85e153216,train
000320_61_arroyo,AW_0060,61,000320,random_crop_jitter,0,images/000320_61_arroyo.jpg,annotations/semantic/000320_61_arroyo.json,annotations/points/000320_61_arroyo.npy,1024,768,0,2b255de49b70f641a54d6a0641014edafa91c04f1889ddb2a2ade6016592baa7,90f00d448fe2247088a956d58dbaaffa22b18e34646d789c64f8cff85e153216,train
000321_61_arroyo,AW_0060,61,000321,random_crop_jitter_flip,0,images/000321_61_arroyo.jpg,annotations/semantic/000321_61_arroyo.json,annotations/points/000321_61_arroyo.npy,1024,768,5,31194ff9dc46e12816993d12033ee3f5af668b1c2cd0232a8146d2e533328116,751cd849a3dca9de1f621fb9657e80f8fc5dfb04d8e7f2c044121afb32448e53,train
000000_62_arroyo,AW_0061,62,000000,base,1,images/000000_62_arroyo.jpg,annotations/semantic/000000_62_arroyo.json,annotations/points/000000_62_arroyo.npy,1024,768,41,391f2aedd07e505dc5f1b27f24e85d9ffe2f913fc31fda5d917899c6620c16f9,a9c5852a708fde29d4e589135ddc05d60dda41d1ef2dcdf54156341fd83b6591,train
000001_62_arroyo,AW_0061,62,000001,horizontal_flip,0,images/000001_62_arroyo.jpg,annotations/semantic/000001_62_arroyo.json,annotations/points/000001_62_arroyo.npy,1024,768,41,fec94634a9abec993b7a377c940bc26b9423920da450a901beba1e9a5b17ecce,779547309e5712d0fc3661ad40b988fdeaf25c3addcc7b1aed10cdc46237c3dd,train
000020_62_arroyo,AW_0061,62,000020,color_jitter,0,images/000020_62_arroyo.jpg,annotations/semantic/000020_62_arroyo.json,annotations/points/000020_62_arroyo.npy,1024,768,41,5bff4c4fb434da8c102749d74c200c053f0cf457b20716bb523c490e3ac4a420,a9c5852a708fde29d4e589135ddc05d60dda41d1ef2dcdf54156341fd83b6591,train
000021_62_arroyo,AW_0061,62,000021,color_jitter_flip,0,images/000021_62_arroyo.jpg,annotations/semantic/000021_62_arroyo.json,annotations/points/000021_62_arroyo.npy,1024,768,41,464c965bd528af91345642e0c4207f8debffca54ae2b2a03bb2d63770793400f,779547309e5712d0fc3661ad40b988fdeaf25c3addcc7b1aed10cdc46237c3dd,train
000300_62_arroyo,AW_0061,62,000300,random_crop_base,0,images/000300_62_arroyo.jpg,annotations/semantic/000300_62_arroyo.json,annotations/points/000300_62_arroyo.npy,1024,768,2,190dec604d983bed2ae185d3da178872aeb717222c84f3b2287beb12c8b75814,dbadde3ba39f6ea02f76110d4530431ea6ba1141a6c7cf35e669735e917ff00e,train
000301_62_arroyo,AW_0061,62,000301,random_crop_flip,0,images/000301_62_arroyo.jpg,annotations/semantic/000301_62_arroyo.json,annotations/points/000301_62_arroyo.npy,1024,768,2,ef70605fd173abad1c739b716dc265bcf80ed57e0a245d21a4d339418e9f0a28,47293c9be9c72d0d14bb8fbc0d5546a494a000896ea73438065155e7669c10b9,train
000320_62_arroyo,AW_0061,62,000320,random_crop_jitter,0,images/000320_62_arroyo.jpg,annotations/semantic/000320_62_arroyo.json,annotations/points/000320_62_arroyo.npy,1024,768,2,9a6bfd087fdc6564f7b375cb0d42d9361b6930ae114fc0ebd78ff7fd27b052ca,1b57e16742313a47234b20456333de971cb5c7e7042806726f3a8ebe78ab528c,train
000321_62_arroyo,AW_0061,62,000321,random_crop_jitter_flip,0,images/000321_62_arroyo.jpg,annotations/semantic/000321_62_arroyo.json,annotations/points/000321_62_arroyo.npy,1024,768,5,dbfbd631f1e5850a610c2c7aa9b7332012cfb655e2fa3ace9b160769c14c6a3b,2f6ae839e892866ed8be02d0f850620eb2bb942f443bb2e1c849965cf5a6bfa5,train
000000_63_arroyo,AW_0062,63,000000,base,1,images/000000_63_arroyo.jpg,annotations/semantic/000000_63_arroyo.json,annotations/points/000000_63_arroyo.npy,1024,768,151,3a7a53d988f722abd378051fb556b3ac4313cda1eb522ac6c80d8c3ba917ceb0,5ccbc794f3a68d9f55837e8985f9bd8a0a46ae7a51de4d1b5d0b237cc4ac1bfc,train
000001_63_arroyo,AW_0062,63,000001,horizontal_flip,0,images/000001_63_arroyo.jpg,annotations/semantic/000001_63_arroyo.json,annotations/points/000001_63_arroyo.npy,1024,768,151,963b4bb922ac28016ede4721390a6da175ceec63692b01f5ac0fdb0a36a1d88d,47febc2fc3b82680a7a97916b63c1dcaa7c1583494eb6f19490c1b0ce6e88819,train
000020_63_arroyo,AW_0062,63,000020,color_jitter,0,images/000020_63_arroyo.jpg,annotations/semantic/000020_63_arroyo.json,annotations/points/000020_63_arroyo.npy,1024,768,151,c053ba7cfcbc44dcd549238d1a5622302a204b00cc01a3ffdaaa76f7c436bf31,5ccbc794f3a68d9f55837e8985f9bd8a0a46ae7a51de4d1b5d0b237cc4ac1bfc,train
000021_63_arroyo,AW_0062,63,000021,color_jitter_flip,0,images/000021_63_arroyo.jpg,annotations/semantic/000021_63_arroyo.json,annotations/points/000021_63_arroyo.npy,1024,768,151,1b80db575aa70a1e6522e568f1adb7a425dbfdf26bc1b0c2b98cd9712fe5983e,47febc2fc3b82680a7a97916b63c1dcaa7c1583494eb6f19490c1b0ce6e88819,train
000300_63_arroyo,AW_0062,63,000300,random_crop_base,0,images/000300_63_arroyo.jpg,annotations/semantic/000300_63_arroyo.json,annotations/points/000300_63_arroyo.npy,1024,768,18,8d44758fcd65f609597966ffc9056918835587f088158f294f8f77961662d7f2,b912db39dfd3676145079cf115f888cf246286152edc9391cadbdb7428e563d7,train
000301_63_arroyo,AW_0062,63,000301,random_crop_flip,0,images/000301_63_arroyo.jpg,annotations/semantic/000301_63_arroyo.json,annotations/points/000301_63_arroyo.npy,1024,768,34,07ff39686c9a07c6a60bf68fbf340132775f421567b9d7bfe01f35d54ba8f53d,830801c72f595374fcfccb8114641e8d2ac5cc72b30a72dfe0154552234730e7,train
000320_63_arroyo,AW_0062,63,000320,random_crop_jitter,0,images/000320_63_arroyo.jpg,annotations/semantic/000320_63_arroyo.json,annotations/points/000320_63_arroyo.npy,1024,768,29,bf786083ecf3954d9fe2ae77b4e312caadfa5881923f57914e5d0da3dcaa5f51,a6916af65eccc1e74a374731d5f96f3ed24eeb8221074d47f5ce6214f0f0c96b,train
000321_63_arroyo,AW_0062,63,000321,random_crop_jitter_flip,0,images/000321_63_arroyo.jpg,annotations/semantic/000321_63_arroyo.json,annotations/points/000321_63_arroyo.npy,1024,768,16,f4fd5fb7741baabd85aa3f43b64ab70ec1096d26b7b5c0c4c0c4f6ec8daa770f,911aaf6892a2d345712badd260950bc77549da60ec4341baf4332e81703b3803,train
000000_64_arroyo,AW_0063,64,000000,base,1,images/000000_64_arroyo.jpg,annotations/semantic/000000_64_arroyo.json,annotations/points/000000_64_arroyo.npy,1024,768,219,636fd5fb6fc5266facaf5163c7056ca2ba2bd8a2b58dd6fab4c716789f243835,df397f2886271ff4d93deab4ef27839fb151839c46513f0f42ac1519fbe7aee6,train
000001_64_arroyo,AW_0063,64,000001,horizontal_flip,0,images/000001_64_arroyo.jpg,annotations/semantic/000001_64_arroyo.json,annotations/points/000001_64_arroyo.npy,1024,768,219,325ce37a94d218d7312187d855d1e29b84cdbedc8d81208a28d99fe38b2779bd,72ed578d663ead5a467a129b949908b4ec9c97328aac05251cb187de288fecd0,train
000020_64_arroyo,AW_0063,64,000020,color_jitter,0,images/000020_64_arroyo.jpg,annotations/semantic/000020_64_arroyo.json,annotations/points/000020_64_arroyo.npy,1024,768,219,d62c82216d750ec7380f8b51b7652e415ce1110a2f7b9137dd1ff8b2439dccd8,df397f2886271ff4d93deab4ef27839fb151839c46513f0f42ac1519fbe7aee6,train
000021_64_arroyo,AW_0063,64,000021,color_jitter_flip,0,images/000021_64_arroyo.jpg,annotations/semantic/000021_64_arroyo.json,annotations/points/000021_64_arroyo.npy,1024,768,219,526fbde9ec026ecf97325fc23586698ed277b4dfda19dc81c4c9e05359c476e6,72ed578d663ead5a467a129b949908b4ec9c97328aac05251cb187de288fecd0,train
000300_64_arroyo,AW_0063,64,000300,random_crop_base,0,images/000300_64_arroyo.jpg,annotations/semantic/000300_64_arroyo.json,annotations/points/000300_64_arroyo.npy,1024,768,61,9f2270e140dae7f0468a5e902a16a694a0afa3942396b70901c7a767c552fa1e,a5a5156b36dbf1dc4c7586add7cd8df76b96a80d6b40652d61d921447cb02b22,train
000301_64_arroyo,AW_0063,64,000301,random_crop_flip,0,images/000301_64_arroyo.jpg,annotations/semantic/000301_64_arroyo.json,annotations/points/000301_64_arroyo.npy,1024,768,0,8537f11410932546da8603f3bdb1655ea84cbd2ed0aed5d17fa5f5382b34f835,90f00d448fe2247088a956d58dbaaffa22b18e34646d789c64f8cff85e153216,train
000320_64_arroyo,AW_0063,64,000320,random_crop_jitter,0,images/000320_64_arroyo.jpg,annotations/semantic/000320_64_arroyo.json,annotations/points/000320_64_arroyo.npy,1024,768,183,06b4b90473920472996c2b88a155e54de197e922c2b2a2b743544a0f3857bad3,34e5e4c47ca0a2f4f3e2c0cb678ed6b3a9fb4a9d8b1546479d844aec0e520697,train
000321_64_arroyo,AW_0063,64,000321,random_crop_jitter_flip,0,images/000321_64_arroyo.jpg,annotations/semantic/000321_64_arroyo.json,annotations/points/000321_64_arroyo.npy,1024,768,0,4a14db65b846c220937c5a0b384859586e9bcbdf5114cd83f446b34cd2dd4edd,90f00d448fe2247088a956d58dbaaffa22b18e34646d789c64f8cff85e153216,train
000000_65_arroyo,AW_0064,65,000000,base,1,images/000000_65_arroyo.jpg,annotations/semantic/000000_65_arroyo.json,annotations/points/000000_65_arroyo.npy,1024,768,283,6fdbad02b0bacc2860a9d41d26ac53197c3c563af24f314e8fd053abc4ebf044,b974da03d19728e07539e3e1fe4a98adca2f777033cc225fc9f675149b9e9cdc,train
000001_65_arroyo,AW_0064,65,000001,horizontal_flip,0,images/000001_65_arroyo.jpg,annotations/semantic/000001_65_arroyo.json,annotations/points/000001_65_arroyo.npy,1024,768,283,81f02e06053c9307e93b3b49fbc059413556414185d0d807f6f58773d5e2a1eb,d94d9890c6d6ba612e020b24d7e65d13d6412c440e8d28c4c9378b298ed4583b,train
000020_65_arroyo,AW_0064,65,000020,color_jitter,0,images/000020_65_arroyo.jpg,annotations/semantic/000020_65_arroyo.json,annotations/points/000020_65_arroyo.npy,1024,768,283,b29a646e6e808e89ac9538b73f235be3d7bfd623bf1e533afabfb812e49a73bb,b974da03d19728e07539e3e1fe4a98adca2f777033cc225fc9f675149b9e9cdc,train
000021_65_arroyo,AW_0064,65,000021,color_jitter_flip,0,images/000021_65_arroyo.jpg,annotations/semantic/000021_65_arroyo.json,annotations/points/000021_65_arroyo.npy,1024,768,283,16a4f3b410f254f44e70121d3d84bb334e7b8759a6290107b8aae15bee3cb950,d94d9890c6d6ba612e020b24d7e65d13d6412c440e8d28c4c9378b298ed4583b,train
000300_65_arroyo,AW_0064,65,000300,random_crop_base,0,images/000300_65_arroyo.jpg,annotations/semantic/000300_65_arroyo.json,annotations/points/000300_65_arroyo.npy,1024,768,168,3bd336872dbb9cde543976cf3e2e39ce3efd3c77a3601c0b03d04e13f798458b,893eef50d10a3cfd94c9f7cb8126af86778b65909c4b40d033284292dfda7b4a,train
000301_65_arroyo,AW_0064,65,000301,random_crop_flip,0,images/000301_65_arroyo.jpg,annotations/semantic/000301_65_arroyo.json,annotations/points/000301_65_arroyo.npy,1024,768,223,f46e31c8b4d88ad4d0eea82094f20a8969ae1d533788b52f851d79ec8dcab235,fa372a094db1ed39419981ebe724d99b3433c449aa002587feb0ec24d180ab81,train
000320_65_arroyo,AW_0064,65,000320,random_crop_jitter,0,images/000320_65_arroyo.jpg,annotations/semantic/000320_65_arroyo.json,annotations/points/000320_65_arroyo.npy,1024,768,188,91801c2d9df99777f4990bc196bde94a97b2390c170c994bafc6ed55415d19ec,f37789ef748eea822c004f7a39649f68c74d440d71f9c819e264ab57fb0e1e49,train
000321_65_arroyo,AW_0064,65,000321,random_crop_jitter_flip,0,images/000321_65_arroyo.jpg,annotations/semantic/000321_65_arroyo.json,annotations/points/000321_65_arroyo.npy,1024,768,1,1bda3929f89957f306050767fdf598ab3e8847394db934d074b1a6ee236e359e,fdcda72bc646c1607b81c1721e68e16e356697ae404913c6f16a1ec270782e43,train
000000_66_arroyo,AW_0065,66,000000,base,1,images/000000_66_arroyo.jpg,annotations/semantic/000000_66_arroyo.json,annotations/points/000000_66_arroyo.npy,1024,768,66,1c744491d2381172b9242b5f33c60d3ebe609eae75e3ce8b48e9f3a2230bfba8,da652ae7ccc34d5a2052fba1d656d423a049447bfd94a6f09a10725d8d37e7b7,train
000001_66_arroyo,AW_0065,66,000001,horizontal_flip,0,images/000001_66_arroyo.jpg,annotations/semantic/000001_66_arroyo.json,annotations/points/000001_66_arroyo.npy,1024,768,66,45dc910a755b02dcb3f016537c1a0fce4647366f0d24d24f15b5e7dcf841ef38,63381c3bd27c870db60c988977d0efba0597c78cf4e60d4f520de90e41edf1d9,train
000020_66_arroyo,AW_0065,66,000020,color_jitter,0,images/000020_66_arroyo.jpg,annotations/semantic/000020_66_arroyo.json,annotations/points/000020_66_arroyo.npy,1024,768,66,88e91784d65a1e93bbb2dc23f8fc0d5a116fd8d07e979ab4a1d3fac512e7d2e7,da652ae7ccc34d5a2052fba1d656d423a049447bfd94a6f09a10725d8d37e7b7,train
000021_66_arroyo,AW_0065,66,000021,color_jitter_flip,0,images/000021_66_arroyo.jpg,annotations/semantic/000021_66_arroyo.json,annotations/points/000021_66_arroyo.npy,1024,768,66,eaf118c3bbe53a58d68f7a3df64bd51c74a06d0ac4fb1170f509ac7bf96cf049,63381c3bd27c870db60c988977d0efba0597c78cf4e60d4f520de90e41edf1d9,train
000300_66_arroyo,AW_0065,66,000300,random_crop_base,0,images/000300_66_arroyo.jpg,annotations/semantic/000300_66_arroyo.json,annotations/points/000300_66_arroyo.npy,1024,768,0,594f4fdb09c7e5f9f5d01e73b125ca189c47d56249f7e996753029e214138cf9,90f00d448fe2247088a956d58dbaaffa22b18e34646d789c64f8cff85e153216,train
000301_66_arroyo,AW_0065,66,000301,random_crop_flip,0,images/000301_66_arroyo.jpg,annotations/semantic/000301_66_arroyo.json,annotations/points/000301_66_arroyo.npy,1024,768,18,f5bc8a604b7b98ab2c32f46c0f0e089c576f9d350d6f3e1b3970a9983206160e,5b2839947be71dd746a37a2b587a90ae4c092482d7109573288b927e928f11ed,train
000320_66_arroyo,AW_0065,66,000320,random_crop_jitter,0,images/000320_66_arroyo.jpg,annotations/semantic/000320_66_arroyo.json,annotations/points/000320_66_arroyo.npy,1024,768,11,afaeb9d924335ad096c432e56e0f3eb68a9fd33e725a654e8871847d6a267d92,188ffc6859b4380b219c2022ce87083278ba3dcea6bb399e15570df760b0a3ac,train
000321_66_arroyo,AW_0065,66,000321,random_crop_jitter_flip,0,images/000321_66_arroyo.jpg,annotations/semantic/000321_66_arroyo.json,annotations/points/000321_66_arroyo.npy,1024,768,50,97be8c970a9392fcd474353bbe81a62860d5b79b4f7098898db47caf7e0f1396,fcb133e08a44df1aa931547919173a4a2b58d5c3ef04f2361991ffa178f48e54,train
000000_67_arroyo,AW_0066,67,000000,base,1,images/000000_67_arroyo.jpg,annotations/semantic/000000_67_arroyo.json,annotations/points/000000_67_arroyo.npy,1024,768,187,47313d8a9de0ca2d51db8bf922610ce95d6cdd6ebcc9d88443e91b8b7d2b84be,e9182047e54cafa55c4910bd412845c3f1c2a49e47e048bf616933120bb2449c,train
000001_67_arroyo,AW_0066,67,000001,horizontal_flip,0,images/000001_67_arroyo.jpg,annotations/semantic/000001_67_arroyo.json,annotations/points/000001_67_arroyo.npy,1024,768,187,f4234850a4ddfcfa2e1d39869d19afe0655f4f1237c3ea0e0940e86c3dcd425c,a15b8ccefe93531fa239f26703c2a80b18a47aff5ec12b0143d3808320a46cba,train
000020_67_arroyo,AW_0066,67,000020,color_jitter,0,images/000020_67_arroyo.jpg,annotations/semantic/000020_67_arroyo.json,annotations/points/000020_67_arroyo.npy,1024,768,187,279e5d53d0b1cf3efdef8d98f9bf9275159a0fbff4058a0525f93fa9665504b0,e9182047e54cafa55c4910bd412845c3f1c2a49e47e048bf616933120bb2449c,train
000021_67_arroyo,AW_0066,67,000021,color_jitter_flip,0,images/000021_67_arroyo.jpg,annotations/semantic/000021_67_arroyo.json,annotations/points/000021_67_arroyo.npy,1024,768,187,b6534c40ffe11d584da6108ed2bd9cf39771c48d1c49e5d1f8fff0798a0162a7,a15b8ccefe93531fa239f26703c2a80b18a47aff5ec12b0143d3808320a46cba,train
000300_67_arroyo,AW_0066,67,000300,random_crop_base,0,images/000300_67_arroyo.jpg,annotations/semantic/000300_67_arroyo.json,annotations/points/000300_67_arroyo.npy,1024,768,95,8e4535e3a290abfb1c82d7a3601db7b7d2518deef7ad4746576f8fd046a0afc1,d349ebc8df0f782e2d5b58ba64d198b26b243f987c07d0cf9d5e7f2d9620ef58,train
000301_67_arroyo,AW_0066,67,000301,random_crop_flip,0,images/000301_67_arroyo.jpg,annotations/semantic/000301_67_arroyo.json,annotations/points/000301_67_arroyo.npy,1024,768,0,1e6547f601e513c9e7e118f17b6cea8bc66b15fe884f13da9b3116992852fd43,90f00d448fe2247088a956d58dbaaffa22b18e34646d789c64f8cff85e153216,train
000320_67_arroyo,AW_0066,67,000320,random_crop_jitter,0,images/000320_67_arroyo.jpg,annotations/semantic/000320_67_arroyo.json,annotations/points/000320_67_arroyo.npy,1024,768,0,b30030f79162701c0156dcf3e894e6638fbf0f8705273a03708a8053b02898b7,90f00d448fe2247088a956d58dbaaffa22b18e34646d789c64f8cff85e153216,train
000321_67_arroyo,AW_0066,67,000321,random_crop_jitter_flip,0,images/000321_67_arroyo.jpg,annotations/semantic/000321_67_arroyo.json,annotations/points/000321_67_arroyo.npy,1024,768,0,25be115293ed16c5271512937cd0db2bc8470f42504acae8c857cb2475322288,90f00d448fe2247088a956d58dbaaffa22b18e34646d789c64f8cff85e153216,train
000000_68_arroyo,AW_0067,68,000000,base,1,images/000000_68_arroyo.jpg,annotations/semantic/000000_68_arroyo.json,annotations/points/000000_68_arroyo.npy,1024,768,215,4c690e1410905a5388aaee655cff2b58d6ea626fa982a5ef0e4643c2c64817af,87d204ee47ffced19f6d26cb7db25d36b00d94226b092c73774237f96d9a0ac0,test
000000_69_arroyo,AW_0068,69,000000,base,1,images/000000_69_arroyo.jpg,annotations/semantic/000000_69_arroyo.json,annotations/points/000000_69_arroyo.npy,1024,768,161,1f09b5edc2d583b06e7bfa3e997df029d71db0e6d184cf8c5fc5ff06793ec5a0,b98ab683a85ddd7ba33005121ed431c826611a95031387541e35af0d7ee81761,test
000000_70_arroyo,AW_0069,70,000000,base,1,images/000000_70_arroyo.jpg,annotations/semantic/000000_70_arroyo.json,annotations/points/000000_70_arroyo.npy,1024,768,139,441c1bf8cb091338bc3a0805b61dd75b9d8d67561952b7ba87449f59888d7ab3,e2a41056ac80c87861f74ef64c759ae5789ca23be6af2bde82bb9df9f8bebe38,train
000001_70_arroyo,AW_0069,70,000001,horizontal_flip,0,images/000001_70_arroyo.jpg,annotations/semantic/000001_70_arroyo.json,annotations/points/000001_70_arroyo.npy,1024,768,139,e9f2d31f084f53e7df85a79b16759ee2abd1dc94a02c64a35f2f052bb0870a23,63cc96b0717e3445ee31984dbadabbb6db7c7e892df0525a2f640c107c7cb18f,train
000020_70_arroyo,AW_0069,70,000020,color_jitter,0,images/000020_70_arroyo.jpg,annotations/semantic/000020_70_arroyo.json,annotations/points/000020_70_arroyo.npy,1024,768,139,36273dc04d6eaec0226f45eba97700ade2b83ad00b3b94dc2f475e1496182f29,e2a41056ac80c87861f74ef64c759ae5789ca23be6af2bde82bb9df9f8bebe38,train
000021_70_arroyo,AW_0069,70,000021,color_jitter_flip,0,images/000021_70_arroyo.jpg,annotations/semantic/000021_70_arroyo.json,annotations/points/000021_70_arroyo.npy,1024,768,139,7cf67f7930877eb203d6d3347afad8bc4944fd2297779ca890f605780ecdf8d2,63cc96b0717e3445ee31984dbadabbb6db7c7e892df0525a2f640c107c7cb18f,train
000300_70_arroyo,AW_0069,70,000300,random_crop_base,0,images/000300_70_arroyo.jpg,annotations/semantic/000300_70_arroyo.json,annotations/points/000300_70_arroyo.npy,1024,768,55,32deb3ce3ea64190244fda8ea5073591c3cb6ae5a953cff51ab68bac79b9c1f9,66af9f158dea0f91ffa15db3d256e04190a36e556e0f60bf026afbbd10ee07ac,train
000301_70_arroyo,AW_0069,70,000301,random_crop_flip,0,images/000301_70_arroyo.jpg,annotations/semantic/000301_70_arroyo.json,annotations/points/000301_70_arroyo.npy,1024,768,89,4f21c7163c9b4b9ea6373f1f1792d9f3add632eb7104cf8053d16af6831646f6,f62d525599d94c0819229c208903bab80c4e23bdafe86c02b1a775f66fd38ffd,train
000320_70_arroyo,AW_0069,70,000320,random_crop_jitter,0,images/000320_70_arroyo.jpg,annotations/semantic/000320_70_arroyo.json,annotations/points/000320_70_arroyo.npy,1024,768,17,77f29dd0f9bd9e3c563cfb8c01c486fd8b40ebb689653d2ad1ac6af488b5ba2b,3945bb55824fe594eb95e76cd5719a704ae13ea2c80a9336351dede1f3271533,train
000321_70_arroyo,AW_0069,70,000321,random_crop_jitter_flip,0,images/000321_70_arroyo.jpg,annotations/semantic/000321_70_arroyo.json,annotations/points/000321_70_arroyo.npy,1024,768,13,5960ac9b656d3119abb5fe501d6fc943790b465c63c3c2e32448d92b5b16f163,03ca475cdaf93db1cc4a98060010959f6a52833908c6110a9a6d61e9563c9265,train
000000_71_arroyo,AW_0070,71,000000,base,1,images/000000_71_arroyo.jpg,annotations/semantic/000000_71_arroyo.json,annotations/points/000000_71_arroyo.npy,1024,768,125,8cda541803c62ddfe245eb76bf8f87950b1f09edc98532625c3121059e4b1be9,1a0943a6b96f234a26ddf673667d47f8a92127ac147b0dac21269fe2c784e1a5,test
000000_72_arroyo,AW_0071,72,000000,base,1,images/000000_72_arroyo.jpg,annotations/semantic/000000_72_arroyo.json,annotations/points/000000_72_arroyo.npy,1024,768,188,2e6d0851ae21b61149d220f4d6df56700542712c525416ab4864f89e68cbfaf2,e417c81750fcb5ff573b93ca46216723722e5a80c9bccba4b0beaf2c4866f6e0,val
